# callgrind format
version: 1
creator: callgrind-3.22.0
pid: 146322
cmd:  /tmp/callgrind-binary -test.run ^$ -test.bench BenchmarkRead -test.benchtime 200x
part: 1


desc: I1 cache: 
desc: D1 cache: 
desc: LL cache: 

desc: Timerange: Basic block 0 - 135380138
desc: Trigger: Program termination

positions: line
events: Ir
summary: 510012813


ob=(1) /tmp/callgrind-binary
fl=(72) /usr/local/go/src/internal/runtime/cgroup/line_reader.go
fn=(542) internal/runtime/cgroup.(*lineReader).next
82 60
+12 12
-3 24
+1 24
+2 12
+3 36
-2 12
+2 250
cfi=(29) /usr/local/go/src/runtime/memmove_amd64.s
cfn=(120) runtime.memmove
calls=10 -58 
* 26421
+1 20
-6 10
+6 40
+2 90
cfi=(17) /usr/local/go/src/internal/bytealg/indexbyte_amd64.s
cfn=(546) internal/bytealg.IndexByte.abi0
calls=10 -89 
* 464
* 50
+1 22
+12 1
-21 1
+17 3
+4 2
+3 54
cfi=(70) /usr/local/go/src/internal/runtime/syscall/linux/syscall_linux.go
cfn=(544) internal/runtime/syscall/linux.Read
calls=3 -58 
* 93
+1 6
+3 12
+2 6
+9 6
-15 2
+15 12
cfi=(17)
cfn=(546)
calls=2 11 
* 100
* 14
+1 2
-40 4
+40 2
-29 45
+32 4
+7 10
-14 5

fl=(290) /usr/local/go/src/internal/strconv/ftoa.go
fn=(3998) internal/strconv.fmtF
460 12
+2 2
+5 4
+1 1
+1 2
-1 1
+1 2
-1 1
+1 10
cfi=(29)
cfn=(120)
calls=1 39 
* 16
+1 7
+8 6
+11 10

fn=(3988) internal/strconv.genericFtoa
72 7
+4 2
+3 2
+1 1
fi=(295) /usr/local/go/src/internal/strconv/deps.go
-65 2
fe=(290)
+71 1
-10 1
+10 3
-10 1
+10 4
+1 6
+1 3
-2 3
+1 5
+1 2
-1 2
+1 4
-2 1
+2 1
-2 2
+6 2
+13 2
+7 1
-26 1
+28 1
-28 1
+28 1
+3 2
+3 4
+4 2
+6 4
-1 1
+2 2
-55 1
+10 1
-10 3
+53 1
+5 1
+19 1
+12 1
-2 2
-9 2
+4 2
fi=(291) /usr/local/go/src/internal/strconv/math.go
47 3
fe=(290)
159 3
+15 3
+3 2
-3 1
+4 3
+1 3
+1 6
cfi=(292) /usr/local/go/src/internal/strconv/ftoafixed.go
cfn=(3992) internal/strconv.fixedFtoa
calls=1 18 
* 259
+2 6
-52 1
+52 13
cfn=(3996) internal/strconv.formatDigits
calls=1 +43 
* 100
* 3

fn=(3996)
225 6
+1 2
+5 1
-4 2
+2 2
+1 10
cfn=(3998)
calls=1 460 
* 74
* 3

fl=(292)
fn=(3992)
18 5
+13 2
+33 1
-26 6
+1 1
-8 1
+8 2
+1 2
fi=(291)
+7 3
fe=(292)
+16 2
fi=(291)
-29 1
fe=(292)
+5 5
fi=(291)
-5 2
+3 2
fe=(292)
-6 1
+32 1
+6 1
fi=(291)
-32 3
fe=(292)
-6 1
fi=(291)
-6 1
fe=(292)
+15 1
fi=(291)
-15 1
fe=(292)
+44 2
+20 2
fi=(291)
-64 1
-1 1
+1 1
-1 1
+2 2
+1 1
fe=(292)
+73 1
-31 1
+39 5
fi=(291)
-51 3
fe=(292)
+63 3
+1 2
-90 1
+90 3
+1 2
+4 4
-4 2
-1 2
+1 1
-1 4
+9 5
+1 2
+10 11
+25 6
+1 1
+1 3
+7 2
+1 3
31 1
166 1
+10 5
cfi=(220) /usr/local/go/src/internal/strconv/itoa.go
cfn=(3056) internal/strconv.formatBase10
calls=1 +15 
* 111
* 2
+3 3
+1 10
+4 3

fl=(78) /usr/local/go/src/runtime/mgclimit.go
fn=(624) runtime.(*gcCPULimiterState).accumulate
265 63
+8 42
+3 78
+11 53
+2 5
-13 5
+13 5
+3 52
-16 13
+18 13
-2 9
-16 3
+18 8
-28 20
+28 20
+3 21

fn=(616) runtime.(*gcCPULimiterState).resetCapacity
319 5
-18 1
+19 1
fi=(40) /usr/local/go/src/internal/runtime/atomic/types.go
-84 5
fe=(78)
+84 3
+6 2
cfn=(618) runtime.(*gcCPULimiterState).updateLocked
calls=1 179 
* 354
+1 3
+2 3
+1 4
+4 1
fi=(40)
131 1
fe=(78)
335 1
fi=(40)
179 1
-48 2
fe=(78)
337 1
-31 1
fi=(40)
-48 2
fe=(78)
+49 2
+31 3

fn=(2332) runtime.(*gcCPULimiterState).startGCTransition
100 40
301 8
101 8
fi=(40)
236 40
fe=(78)
101 8
+5 16
-5 16
+9 24
cfn=(618)
calls=8 +69 
* 2454
+1 24
+1 8
+5 24

fn=(620) runtime.(*limiterEvent).consume
422 156
+1 78
fi=(40)
309 78
fe=(78)
+80 156
+35 78
+1 156
-45 55
+4 22
-3 11
+48 22
+1 11
-49 11
-11 30
+66 6
-14 6
fi=(40)
-97 24
fe=(78)
437 6
+4 18
-7 15
-7 201

fn=(2400) runtime.(*gcCPULimiterState).finishGCTransition
122 40
+1 16
fi=(40)
-49 16
fe=(78)
+56 16
-7 16
+8 56
cfn=(624)
calls=8 265 
* 160
fi=(40)
-50 16
fe=(78)
+52 8
fi=(40)
-52 8
fe=(78)
+53 8
+1 8
306 8
fi=(40)
-48 24
fe=(78)
+49 16
136 24

fn=(2496) runtime.(*gcCPULimiterState).update
164 20
301 4
165 4
fi=(40)
+71 20
fe=(78)
-71 4
+6 8
-6 4
+9 8
cfn=(618)
calls=4 +5 
* 1429
+1 4
306 4
fi=(40)
-48 12
fe=(78)
+49 8
176 12

fn=(840) runtime.(*limiterEvent).stop
447 845
+2 169
+1 169
fi=(40)
309 169
fe=(78)
+80 338
+62 338
-2 169
fi=(40)
325 1014
fe=(78)
455 169
-75 845
+4 338
-3 169
+78 338
+1 169
-79 169
+93 338
157 4
fi=(40)
-48 8
fe=(78)
475 4
+1 495
151 3
fi=(40)
-42 6
fe=(78)
477 3
-6 324
+1 162
fi=(40)
109 486
fe=(78)
473 162
157 162
fi=(40)
-48 324
fe=(78)
481 507

fn=(618)
179 65
+1 13
fi=(40)
74 26
fe=(78)
181 26
+4 52
+1 13
fi=(40)
81 26
fe=(78)
189 13
fi=(40)
74 13
fe=(78)
190 26
+1 6
fi=(40)
-82 3
fe=(78)
+82 3
+18 10
-14 10
fi=(40)
74 20
fe=(78)
196 20
-1 3
fi=(40)
74 6
fe=(78)
196 6
+1 22
fi=(40)
-88 11
fe=(78)
+88 11
+12 2
-9 26
-19 26
+4 13
fi=(5) /usr/local/go/src/runtime/runtime1.go
602 13
fe=(78)
208 13
fi=(5)
602 13
fe=(78)
209 52
fi=(5)
603 39
fe=(78)
209 13
+21 26
+1 48
+24 8
+2 32
cfn=(624)
calls=8 +8 
* 159
-2 5
+2 20
cfn=(624)
calls=5 +8 
* 91
+1 39
-49 156
+21 78
-20 78
+21 78
-22 156
fi=(5)
609 78
fe=(78)
209 494
+1 234
cfn=(620)
calls=78 422 
* 1140
+1 78
+4 78
+4 288
+1 72
-3 12
-5 12
+1 6
fi=(40)
109 18
fe=(78)
214 24
fi=(5)
609 26
fe=(78)
225 13
fi=(5)
609 26
+1 50
fe=(78)

fl=(89) /usr/local/go/src/internal/bytealg/index_amd64.go
fn=(794) internal/bytealg.init.0
12 2
+1 2
+4 1

fl=(137) /usr/local/go/src/os/error.go
fn=(3216) os.underlyingErrorIs
117 45
+15 25
+1 4
+1 2
-13 1
+11 14
-10 10
+4 23
+1 5
-1 3
fi=(259) /usr/local/go/src/syscall/syscall_unix.go
-4 21
cfi=(61) /usr/local/go/src/runtime/alg.go
cfn=(548) runtime.ifaceeq
calls=3 330 
* 60
* 6
+2 3
+1 3
-1 24
cfi=(61)
cfn=(548)
calls=3 330 
* 60
* 9
+2 3
+1 3
-1 24
cfi=(61)
cfn=(548)
calls=3 330 
* 60
* 6
+1 12
fe=(137)
* 22

fl=(254) /usr/local/go/src/internal/poll/fd_poll_runtime.go
fn=(3238) internal/poll.(*pollDesc).prepare
64 2915
+1 1749
+1 2915

fn=(3192) internal/poll.(*pollDesc).init
38 1010
fi=(157) /usr/local/go/src/sync/once.go
+29 202
fe=(254)
-28 202
fi=(110) /usr/local/go/src/sync/atomic/type.go
-20 606
fi=(157)
+48 203
+2 3
cfn=(1486) sync.(*Once).doSlow
calls=1 +4 
* 91
fe=(254)
-29 3
cfi=(91) /usr/local/go/src/runtime/netpoll.go
cfn=(3198) internal/poll.runtime_pollOpen
calls=1 244 
* 862
* 402
cfi=(91)
cfn=(3198)
calls=201 244 
* 104118
+1 404
fi=(255) /usr/local/go/src/internal/poll/errno_unix.go
-19 202
+7 404
+3 404
cfi=(64) /usr/local/go/src/runtime/iface.go
cfn=(2160) runtime.convT64
calls=202 400 
* 2828
* 202
fe=(254)
+10 1212

fl=(276) /usr/local/go/src/internal/race/norace.go
fn=(3594) internal/race.Acquire
17 20000

fn=(3580) internal/race.Release
20 20000

fn=(3578) internal/race.Write
41 10600

fl=(104) /usr/local/go/src/iter/iter.go
fn=(3692) iter.Pull[go.shape.struct { Name string; Offset uint64; Shape []uint64; Type github.com/ollama/ollama/fs/gguf.TensorType }].func1.2
292 1400
+1 400
cfi=(201) /usr/local/go/src/runtime/panic.go
cfn=(1728) runtime.gorecover
calls=200 1069 
* 2600
* 400
+2 600
+3 400
+1 600
cfi=(276)
cfn=(3580)
calls=200 20 
* 200
+1 600

fn=(3566) iter.Pull[go.shape.struct { Key string; github.com/ollama/ollama/fs/gguf.Value }]
fi=(275) /usr/local/go/src/runtime/coro.go
47 8
+1 1
-1 2
+1 2
+3 4
cfi=(12) /usr/local/go/src/runtime/proc.go
cfn=(634) runtime.newproc1
calls=1 5313 
* 1245
* 5
cfi=(2) /usr/local/go/src/runtime/asm_amd64.s
cfn=(2338) runtime.gcWriteBarrier2
calls=1 1889 
* 21
* 3
+4 5
+5 3
cfi=(2)
cfn=(135) runtime.systemstack.abi0'2
calls=1 566 
* 1230
fe=(104)
261 1000
+90 400
-89 400
cfi=(30) /usr/local/go/src/runtime/malloc.go
cfn=(190) runtime.newobject
calls=197 2156 
* 55527
cfi=(30)
cfn=(191) runtime.newobject'2
calls=3 2156 
* 1523
* 200
+9 400
cfi=(30)
cfn=(190)
calls=197 2156 
* 55711
cfi=(30)
cfn=(191)
calls=3 2156 
* 1002
* 1567
cfi=(2)
cfn=(2690) runtime.gcWriteBarrier3
calls=11 1892 
* 231
* 110
cfi=(275)
cfn=(3560) runtime.newcoro
calls=7 42 
* 8361
cfi=(275)
cfn=(3561) runtime.newcoro'2
calls=4 42 
* 1772
* 756
cfi=(275)
cfn=(3560)
calls=189 42 
* 158957
* 199
+35 597
cfi=(30)
cfn=(190)
calls=197 2156 
* 51531
cfi=(30)
cfn=(191)
calls=2 2156 
* 636
* 1562
cfi=(2)
cfn=(2690)
calls=10 1892 
* 210
* 100
+25 20
cfi=(30)
cfn=(190)
calls=9 2156 
* 3497
cfi=(30)
cfn=(191)
calls=1 2156 
* 366
-25 756
+25 378
cfi=(30)
cfn=(190)
calls=188 2156 
* 48414
cfi=(30)
cfn=(191)
calls=1 2156 
* 270
* 1562
cfi=(2)
cfn=(2690)
calls=10 1892 
* 33063
* 90
+20 50
cfi=(274) /home/lemon/Desktop/Projects/Ollama_Analysis/ollama/fs/gguf/lazy.go
cfn=(3564) github.com/ollama/ollama/fs/gguf.newLazy[go.shape.struct { Key string; github.com/ollama/ollama/fs/gguf.Value }]
calls=3 36 
* 1101
-20 567
+20 945

fn=(3567) iter.Pull[go.shape.struct { Key string; github.com/ollama/ollama/fs/gguf.Value }]'2
271 1
+35 3
cfi=(30)
cfn=(191)
calls=1 2156 
* 366
* 5
cfi=(2)
cfn=(2690)
calls=1 1892 
* 21
* 10
+25 2
cfi=(30)
cfn=(191)
calls=1 2156 
* 366
* 5
cfi=(2)
cfn=(2690)
calls=1 1892 
* 21
* 9
+20 5
cfi=(274)
cfn=(3564)
calls=1 36 
* 367

fn=(3668) iter.Pull[go.shape.struct { Name string; Offset uint64; Shape []uint64; Type github.com/ollama/ollama/fs/gguf.TensorType }].func1
271 1200
+2 200
-2 600
+1 400
-1 800
+1 200
cfi=(276)
cfn=(3594)
calls=200 17 
* 200
+1 600
+4 400
cfi=(30)
cfn=(190)
calls=200 2156 
* 53406
* 1570
cfi=(2)
cfn=(2690)
calls=10 1892 
* 210
* 90
+15 70
+9 30
cfi=(274)
cfn=(3670) github.com/ollama/ollama/fs/gguf.newLazy[go.shape.struct { Name string; Offset uint64; Shape []uint64; Type github.com/ollama/ollama/fs/gguf.TensorType }].func1
calls=10 36 
* 901931
-24 570
+15 1330
+9 570
cfi=(274)
cfn=(3670)
calls=190 36 
* 10850022
+2 309
cfi=(75) /usr/local/go/src/runtime/mbarrier.go
cfn=(3778) runtime.wbZero
calls=7 179 
* 1372
* 864
+1 144
+1 576
cfn=(3692)
calls=144 -13 
* 5184
* 432
cfi=(275)
cfn=(3591) runtime.corostart'2
calls=23 76 
* 10720
cfi=(275)
cfn=(3590) runtime.corostart
calls=12 76 
* 5585

fn=(3669) iter.Pull[go.shape.struct { Name string; Offset uint64; Shape []uint64; Type github.com/ollama/ollama/fs/gguf.TensorType }].func1'2
303 121
cfi=(75)
cfn=(3778)
calls=3 179 
* 588
* 336
+1 56
+1 224
cfn=(3692)
calls=56 -13 
* 2016
* 168
cfi=(275)
cfn=(3591)
calls=56 76 
* 1715123

fn=(3680) iter.Pull[go.shape.struct { Name string; Offset uint64; Shape []uint64; Type github.com/ollama/ollama/fs/gguf.TensorType }].func1.1
277 79030
+1 11290
+3 11290
-4 11290
+7 5645
+1 12650
cfi=(75)
cfn=(3756) runtime.wbMove
calls=340 -93 
* 174313
* 3740
+1 1020
cfi=(276)
cfn=(3580)
calls=340 20 
* 340
-1 53050
+1 15915
cfi=(276)
cfn=(3580)
calls=5305 20 
* 5305
+1 11290
cfi=(275)
cfn=(3583) runtime.coroswitch'2
calls=35 91 
* 5320
cfi=(275)
cfn=(3582) runtime.coroswitch
calls=5610 91 
* 2526778
+1 13600
cfi=(276)
cfn=(3594)
calls=6800 17 
* 6800
+1 40800
cfi=(274)
cfn=(3670)
calls=1190 45 
* 4347784

fn=(3681) iter.Pull[go.shape.struct { Name string; Offset uint64; Shape []uint64; Type github.com/ollama/ollama/fs/gguf.TensorType }].func1.1'2
277 16170
+1 2310
+3 2310
-4 2310
+7 1155
+1 13860
+1 3465
cfi=(276)
cfn=(3580)
calls=1155 20 
* 1155
+1 2310
cfi=(275)
cfn=(3583)
calls=1155 91 
* 175560

fn=(3592) iter.Pull[go.shape.struct { Key string; github.com/ollama/ollama/fs/gguf.Value }].func1
fi=(275)
69 196
+1 28
+1 28
+1 112
+2 168
+1 84
cfi=(104)
cfn=(3593) iter.Pull[go.shape.struct { Key string; github.com/ollama/ollama/fs/gguf.Value }].func1'2
calls=28 271 
* 6671504
fi=(13) /usr/local/go/src/runtime/traceruntime.go
+77 1
+37 3
fi=(50) /usr/local/go/src/runtime/mcentral.go
88 1
fi=(13)
251 1
fi=(50)
89 1
+21 2
+3 1
-47 11
+48 1
cfi=(52) /usr/local/go/src/runtime/mspanset.go
cfn=(214) runtime.(*spanSet).pop
calls=1 +36 
* 18
* 3
fi=(51) /usr/local/go/src/runtime/mgcsweep.go
+35 1
fi=(50)
+29 3
fi=(13)
-26 1
+37 3
fi=(50)
-10 1
fi=(13)
+72 1
fi=(50)
-71 1
+5 2
+1 5
+3 1
+1 1
+2 1
cfi=(49) /usr/local/go/src/runtime/mbitmap.go
cfn=(352) runtime.(*mspan).refillAllocCache
calls=1 1096 
* 7
+4 7
+2 3
fi=(51)
-48 1
fi=(40)
+44 1
fi=(51)
-43 5
+1 1
fi=(50)
-34 2
+1 1
fi=(13)
+33 1
+37 3
fi=(50)
-26 2
fi=(13)
+88 1
fi=(50)
-87 1
+7 2
cfn=(220) runtime.(*mcentral).grow
calls=1 +80 
* 734
+1 2
fi=(13)
+79 3
fi=(50)
-79 1
fi=(51)
913 3
cfn=(210) runtime.deductSweepCredit
calls=1 * 
* 54
fe=(104)
0 1
fi=(9) ././<autogenerated>
1 2
cfi=(6) /usr/local/go/src/runtime/stack.go
cfn=(1134) runtime.newstack
calls=1 1026 
* 18866
fe=(104)
271 1020
+2 170
-2 510
+1 340
-1 680
+1 170
cfi=(276)
cfn=(3594)
calls=170 17 
* 170
+1 510
+4 340
cfi=(30)
cfn=(190)
calls=169 2156 
* 450470632
cfi=(30)
cfn=(191)
calls=1 2156 
* 270
cfi=(30)
cfn=(190)
calls=1 2157 
* 24154262
* 1325
cfi=(2)
cfn=(2690)
calls=9 1892 
* 189
* 81
+15 63
+9 27
cfi=(274)
cfn=(3596) github.com/ollama/ollama/fs/gguf.newLazy[go.shape.struct { Key string; github.com/ollama/ollama/fs/gguf.Value }].func1
calls=9 36 
* 1184261
-24 480
+15 1120
+9 480
cfi=(274)
cfn=(3596)
calls=160 36 
* 7959536
cfi=(274)
cfn=(3596)
calls=5 56 
* 504013243
+2 604
cfi=(2)
cfn=(2338)
calls=7 1889 
* 147
* 35
+1 7
+1 28
cfn=(3654) iter.Pull[go.shape.struct { Key string; github.com/ollama/ollama/fs/gguf.Value }].func1.2
calls=7 -13 
* 252
-2 411
+1 137
+1 548
cfn=(3654)
calls=137 -13 
* 4932
* 432
cfi=(275)
cfn=(3591)
calls=23 76 
* 10672
cfi=(275)
cfn=(3590)
calls=12 76 
* 5604

fn=(3593)
271 180
+2 30
-2 90
+1 60
-1 120
+1 30
cfi=(276)
cfn=(3594)
calls=30 17 
* 30
+1 90
+4 60
cfi=(30)
cfn=(190)
calls=30 2156 
* 7694
* 341
+15 217
+9 93
cfi=(274)
cfn=(3597) github.com/ollama/ollama/fs/gguf.newLazy[go.shape.struct { Key string; github.com/ollama/ollama/fs/gguf.Value }].func1'2
calls=2 36 
* 47814
cfi=(274)
cfn=(3596)
calls=29 36 
* 6663280
+2 236
cfi=(2)
cfn=(2338)
calls=3 1889 
* 63
* 15
+1 3
+1 12
cfn=(3654)
calls=3 -13 
* 108
-2 159
+1 53
+1 212
cfn=(3654)
calls=53 -13 
* 1908
* 168
cfi=(275)
cfn=(3591)
calls=24 76 
* 4240103
cfi=(275)
cfn=(3590)
calls=32 76 
* 6250149

fn=(3576) iter.Pull[go.shape.struct { Key string; github.com/ollama/ollama/fs/gguf.Value }].func2
306 5467
+1 1562
-1 1562
+1 781
cfi=(276)
cfn=(3578)
calls=781 41 
* 781
+2 3124
+3 1380
+3 690
+1 1380
cfi=(276)
cfn=(3580)
calls=690 20 
* 690
+1 1380
cfi=(275)
cfn=(3582)
calls=690 91 
* 3057251
cfi=(3) /usr/local/go/src/runtime/sys_linux_amd64.s
cfn=(786) runtime.clone.abi0
calls=1 95 
* 451832981
+1 6000
cfi=(276)
cfn=(3594)
calls=3000 17 
* 3000
+3 15000
+8 27000
cfi=(274)
cfn=(3644) github.com/ollama/ollama/fs/gguf.(*File).TensorInfos
calls=2310 89 
* 17555620
cfi=(269) /home/lemon/Desktop/Projects/Ollama_Analysis/ollama/fs/gguf/gguf.go
cfn=(3570) github.com/ollama/ollama/fs/gguf.(*File).KeyValue
calls=165 449 
* 171016
-19 728

fn=(3577) iter.Pull[go.shape.struct { Key string; github.com/ollama/ollama/fs/gguf.Value }].func2'2
306 16933
+1 4838
-1 4838
+1 2419
cfi=(276)
cfn=(3578)
calls=2419 41 
* 2419
+2 9676
+3 4620
+3 2310
+1 4620
cfi=(276)
cfn=(3580)
calls=2310 20 
* 2310
+1 4620
cfi=(275)
cfn=(3583)
calls=2310 91 
* 351624
-7 872

fn=(3612) iter.Pull[go.shape.struct { Key string; github.com/ollama/ollama/fs/gguf.Value }].func1.1
277 23450
+1 4690
+3 4690
-4 2345
+7 2345
+1 9908
cfi=(2)
cfn=(2408) runtime.gcWriteBarrier4
calls=132 1895 
* 67684
* 528
-8 132
+8 396
+1 396
cfi=(276)
cfn=(3580)
calls=132 20 
* 132
-9 2213
+8 6639
+1 6639
cfi=(276)
cfn=(3580)
calls=2213 20 
* 2213
+1 4690
cfi=(275)
cfn=(3583)
calls=34 91 
* 5168
cfi=(275)
cfn=(3582)
calls=2311 91 
* 1013615
+1 5600
cfi=(276)
cfn=(3594)
calls=2800 17 
* 2800
+1 16800
cfi=(274)
cfn=(3596)
calls=490 45 
* 1251885

fn=(3613) iter.Pull[go.shape.struct { Key string; github.com/ollama/ollama/fs/gguf.Value }].func1.1'2
277 4550
+1 910
+3 910
-4 455
+7 455
+1 1820
-8 455
+8 1365
+1 1365
cfi=(276)
cfn=(3580)
calls=455 20 
* 455
+1 910
cfi=(275)
cfn=(3583)
calls=455 91 
* 69160

fn=(3654)
292 1400
+1 400
cfi=(201)
cfn=(1728)
calls=200 1069 
* 2600
* 400
+2 600
+3 400
+1 600
cfi=(276)
cfn=(3580)
calls=200 20 
* 200
+1 600

fn=(3696) iter.Pull[go.shape.struct { Key string; github.com/ollama/ollama/fs/gguf.Value }].func3
331 1400
+1 400
-1 400
+1 200
cfi=(276)
cfn=(3578)
calls=200 41 
* 200
+2 600
+16 600

fn=(3558) iter.Pull[go.shape.struct { Name string; Offset uint64; Shape []uint64; Type github.com/ollama/ollama/fs/gguf.TensorType }]
fi=(275)
47 8
+1 1
-1 2
+1 2
+3 4
cfi=(12)
cfn=(634)
calls=1 5313 
* 3767
* 5
cfi=(2)
cfn=(2338)
calls=1 1889 
* 21
* 3
+4 5
+5 3
cfi=(2)
cfn=(135)
calls=1 566 
* 8227
fe=(104)
261 1000
+90 400
-89 400
cfi=(30)
cfn=(190)
calls=197 2156 
* 55711
cfi=(30)
cfn=(191)
calls=3 2156 
* 986
* 200
+9 400
cfi=(30)
cfn=(190)
calls=197 2156 
* 52006
cfi=(30)
cfn=(191)
calls=3 2156 
* 1002
* 1567
cfi=(2)
cfn=(2690)
calls=11 1892 
* 231
* 110
cfi=(275)
cfn=(3560)
calls=11 42 
* 9645
* 756
cfi=(275)
cfn=(3560)
calls=189 42 
* 166643
* 199
+35 597
cfi=(30)
cfn=(190)
calls=197 2156 
* 52196
cfi=(30)
cfn=(191)
calls=2 2156 
* 636
* 1562
cfi=(2)
cfn=(2690)
calls=10 1892 
* 210
* 100
+25 20
cfi=(30)
cfn=(190)
calls=9 2156 
* 3497
cfi=(30)
cfn=(191)
calls=1 2156 
* 366
-25 756
+25 378
cfi=(30)
cfn=(190)
calls=188 2156 
* 48034
cfi=(30)
cfn=(191)
calls=1 2156 
* 270
* 1562
cfi=(2)
cfn=(2690)
calls=10 1892 
* 210
* 90
+20 50
cfi=(274)
cfn=(3552) github.com/ollama/ollama/fs/gguf.newLazy[go.shape.struct { Name string; Offset uint64; Shape []uint64; Type github.com/ollama/ollama/fs/gguf.TensorType }]
calls=3 36 
* 49015
-20 567
+20 945

fn=(3559) iter.Pull[go.shape.struct { Name string; Offset uint64; Shape []uint64; Type github.com/ollama/ollama/fs/gguf.TensorType }]'2
271 1
+35 3
cfi=(30)
cfn=(191)
calls=1 2156 
* 366
* 5
cfi=(2)
cfn=(2690)
calls=1 1892 
* 21
* 10
+25 2
cfi=(30)
cfn=(191)
calls=1 2156 
* 366
* 5
cfi=(2)
cfn=(2690)
calls=1 1892 
* 21
* 9
+20 5
cfi=(274)
cfn=(3553) github.com/ollama/ollama/fs/gguf.newLazy[go.shape.struct { Name string; Offset uint64; Shape []uint64; Type github.com/ollama/ollama/fs/gguf.TensorType }]'2
calls=1 36 
* 7364

fn=(3666) iter.Pull[go.shape.struct { Name string; Offset uint64; Shape []uint64; Type github.com/ollama/ollama/fs/gguf.TensorType }].func2
306 3927
+1 1122
-1 3927
+1 561
cfi=(276)
cfn=(3578)
calls=561 41 
* 561
+2 1683
+3 1683
+3 561
+1 1122
cfi=(276)
cfn=(3580)
calls=561 20 
* 561
+1 1122
cfi=(275)
cfn=(3582)
calls=561 91 
* 2203949
+1 10710
cfi=(276)
cfn=(3594)
calls=5355 17 
* 5355
+3 21420
+8 112455
cfi=(274)
cfn=(3684) github.com/ollama/ollama/fs/gguf.(*lazy[go.shape.struct { Name string; Offset uint64; Shape []uint64; Type github.com/ollama/ollama/fs/gguf.TensorType }]).rest
calls=141 90 
* 21162136
cfi=(274)
cfn=(3664) github.com/ollama/ollama/fs/gguf.(*File).TensorInfos.(*lazy[go.shape.struct { Name string; Offset uint64; Shape []uint64; Type github.com/ollama/ollama/fs/gguf.TensorType }]).All.func1
calls=4794 70 
* 1217172

fn=(3667) iter.Pull[go.shape.struct { Name string; Offset uint64; Shape []uint64; Type github.com/ollama/ollama/fs/gguf.TensorType }].func2'2
306 45073
+1 12878
-1 45073
+1 6439
cfi=(276)
cfn=(3578)
calls=6439 41 
* 6439
+2 19317
+3 19317
+3 6439
+1 12878
cfi=(276)
cfn=(3580)
calls=6439 20 
* 6439
+1 12878
cfi=(275)
cfn=(3582)
calls=829 91 
* 3436983
cfi=(275)
cfn=(3583)
calls=5610 91 
* 889581
+1 3290
cfi=(276)
cfn=(3594)
calls=1645 17 
* 1645
+3 6580
+8 34545
cfi=(274)
cfn=(3685) github.com/ollama/ollama/fs/gguf.(*lazy[go.shape.struct { Name string; Offset uint64; Shape []uint64; Type github.com/ollama/ollama/fs/gguf.TensorType }]).rest'2
calls=24 90 
* 568719
cfi=(274)
cfn=(3665) github.com/ollama/ollama/fs/gguf.(*File).TensorInfos.(*lazy[go.shape.struct { Name string; Offset uint64; Shape []uint64; Type github.com/ollama/ollama/fs/gguf.TensorType }]).All.func1'2
calls=816 70 
* 200904

fn=(3698) iter.Pull[go.shape.struct { Name string; Offset uint64; Shape []uint64; Type github.com/ollama/ollama/fs/gguf.TensorType }].func3
331 1400
+1 400
-1 400
+1 200
cfi=(276)
cfn=(3578)
calls=200 41 
* 200
+2 600
+16 600

fl=(121) /usr/local/go/src/sync/oncefunc.go
fn=(3040) syscall.init.OnceFunc.func3.1.1
23 6
+1 2
-1 1
+1 1
+1 1
cfi=(201)
cfn=(1728)
calls=1 1069 
* 13
* 5
+1 2
+6 3

fn=(3030) syscall.init.OnceFunc.func3
21 14
+1 14
cfi=(157)
cfn=(3032) sync.(*Once).Do
calls=2 +30 
* 80038
+14 6
+3 6

fn=(3954) internal/sysinfo.init.OnceValue[go.shape.string].func2.1
58 10
+1 7
+7 3
cfi=(289) /usr/local/go/src/internal/sysinfo/sysinfo.go
cfn=(3956) internal/sysinfo.init.func1
calls=1 -52 
* 739
* 5
+1 1
+1 4
cfn=(3960) internal/sysinfo.init.OnceValue[go.shape.string].func2.1.1
calls=1 -9 
* 34
* 3

fn=(3960)
59 6
+1 2
-1 1
+1 1
+1 1
cfi=(201)
cfn=(1728)
calls=1 1069 
* 13
* 5
+1 2
+3 3

fn=(3034) syscall.init.OnceFunc.func3.1
22 9
+1 6
+10 3
cfi=(122) /usr/local/go/src/syscall/env_unix.go
cfn=(3036) syscall.init.func1
calls=1 -2 
* 79881
+1 2
+1 4
cfn=(3040)
calls=1 -12 
* 34
* 3

fn=(3952) internal/sysinfo.init.OnceValue[go.shape.string].func2
57 8
+1 9
cfi=(157)
cfn=(3032)
calls=1 -6 
* 891
+11 3
+3 5

fl=(60) /usr/local/go/src/runtime/slice.go
fn=(448) runtime.makeslice
102 298460
+1 59692
+1 59692
-1 179076
+1 477536
+13 179076
cfi=(30)
cfn=(193) runtime.mallocgc'2
calls=654 1067 
* 106115
cfi=(30)
cfn=(192) runtime.mallocgc
calls=59038 1067 
* 9389269
* 179076
cfi=(269)
cfn=(3510) github.com/ollama/ollama/fs/gguf.open
calls=2 -56 
* 71391
cfi=(260) /usr/local/go/src/encoding/binary/binary.go
cfn=(3544) encoding/binary.Read
calls=2 261 
* 22979
cfi=(271) /usr/local/go/src/bufio/bufio.go
cfn=(3514) github.com/ollama/ollama/fs/gguf.open
calls=2 -29 
* 14085

fn=(449) runtime.makeslice'2
102 1575
+1 315
+1 315
-1 945
+1 2520
+13 945
cfi=(30)
cfn=(193)
calls=315 1067 
* 341077
* 945
cfi=(260)
cfn=(3545) encoding/binary.Read'2
calls=1 261 
* 524086
cfi=(271)
cfn=(3514)
calls=2 -29 
* 56524

fn=(580) runtime.makeslicecopy
39 1080
+2 432
+2 432
-2 216
+2 432
+1 1512
+3 648
-6 216
+15 216
fi=(48) /usr/local/go/src/internal/abi/type.go
203 216
fe=(60)
57 216
-1 216
+2 648
cfi=(30)
cfn=(193)
calls=7 1067 
* 2375
cfi=(30)
cfn=(192)
calls=209 1067 
* 33573
+1 864
-1 216
+2 216
fi=(42) /usr/local/go/src/runtime/stubs.go
-35 216
fe=(60)
+35 216
cfi=(54) /usr/local/go/src/runtime/memclr_amd64.s
cfn=(304) runtime.memclrNoHeapPointers
calls=216 -42 
* 1950
+28 1080
cfi=(29)
cfn=(120)
calls=216 -49 
* 5875
+2 864

fn=(378) runtime.growslice
178 12095
+1 7257
+12 4838
+4 7257
328 2419
+1 6799
+5 5850
201 916
fi=(48)
+2 2419
fe=(60)
+8 4838
fi=(15) /usr/local/go/src/runtime/msize.go
18 54
fe=(60)
209 18
fi=(15)
20 18
+5 72
fi=(42)
391 36
fi=(15)
26 162
fe=(60)
214 18
+1 54
-24 18
+68 18
-43 18
+1 4802
+3 82
fi=(15)
18 123
fe=(60)
209 41
fi=(15)
20 119
+5 164
fi=(42)
391 82
fi=(15)
26 369
fe=(60)
220 41
-2 41
+1 82
+3 82
-1 123
+65 82
-27 123
-37 41
388 7080
223 2360
+4 1138
+6 2276
-2 1138
+1 3414
fi=(15)
18 2276
fe=(60)
209 1138
fi=(15)
20 3160
+1 6
+4 3412
fi=(42)
391 2176
fi=(15)
26 9792
fe=(60)
233 1088
fi=(42)
391 100
fi=(15)
28 500
fe=(60)
233 50
+1 2276
+1 1138
+1 2276
-2 2276
+52 2276
-27 1138
-23 1138
+2 2444
+1 2444
-48 1222
+49 2444
fi=(15)
18 2444
fe=(60)
209 1222
fi=(15)
20 4888
+1 804
+4 3264
fi=(42)
391 2044
fi=(15)
26 8176
fe=(60)
240 2044
+1 1022
fi=(42)
391 400
fi=(15)
28 2200
fe=(60)
240 400
+1 200
-1 1222
+2 3666
+1 1222
+16 2444
+25 1222
+2 1222
-27 12120
-68 4838
+68 4838
-50 2419
+55 2419
-73 2272
+82 9088
cfi=(30)
cfn=(193)
calls=39 1067 
* 33816
cfi=(30)
cfn=(192)
calls=2233 1067 
* 1010206
cfi=(30)
cfn=(192)
calls=1 1199 
* 402578
+1 10508
-1 87
+8 1044
cfi=(49)
cfn=(3770) runtime.bulkBarrierPreWriteSrcOnly
calls=87 474 
* 162752
+3 174
-3 87
-22 294
+6 588
cfi=(30)
cfn=(193)
calls=2 1067 
* 226
cfi=(30)
cfn=(192)
calls=145 1067 
* 95476
* 147
+5 441
fi=(42)
25 147
fe=(60)
270 147
cfi=(54)
cfn=(304)
calls=147 18 
* 7665
+14 735
cfi=(29)
cfn=(120)
calls=147 39 
* 12942
* 6816
cfi=(29)
cfn=(120)
calls=2272 39 
* 107285
+2 14514
cfi=(86) /usr/local/go/src/runtime/time.go
cfn=(3142) runtime.(*timers).addHeap
calls=1 462 
* 27658
+55 99
+6 99
+7 66

fl=(96) /usr/local/go/src/runtime/chan.go
fn=(938) runtime.send
318 45
+1 54
+20 27
+4 18
+1 27
cfn=(940) runtime.chansend.func1
calls=9 232 
* 480
+1 63
+1 9
+1 18
+3 18
fi=(12)
482 63
cfi=(2)
cfn=(135)
calls=1 +38 
* 28
cfi=(2)
cfn=(134) runtime.systemstack.abi0
calls=8 +38 
* 1685
* 14
fe=(96)
351 21

fn=(1294) runtime.closechan
414 10
+1 6
+3 6
+4 4
fi=(14) /usr/local/go/src/runtime/lock_spinbit.go
152 2
fi=(79) /usr/local/go/src/runtime/lockrank_off.go
24 2
cfi=(14)
cfn=(90) runtime.lock2
calls=2 155 
* 42
fe=(96)
423 6
+11 2
+2 4
+3 2
888 2
+1 4
+21 6
441 4
888 2
+1 4
+22 2
463 4
+15 2
fi=(14)
261 2
fi=(79)
35 4
cfi=(14)
cfn=(98) runtime.unlock2
calls=2 267 
* 86
fe=(96)
481 2
fi=(12)
7830 4
fe=(96)
481 2
+5 6

fn=(2132) runtime.empty
492 5
+2 2
+5 3
+3 6

fn=(856) runtime.chanrecv1
508 30
+1 20
cfn=(858) runtime.chanrecv
calls=10 +15 
* 21118
+1 30
cfi=(222) /usr/local/go/src/testing/benchmark.go
cfn=(3969) testing.(*B).doBench'2
calls=1 298 
* 9833
cfi=(222)
cfn=(2972) testing.(*B).run1
calls=1 248 
* 12947

fn=(940)
232 72
fi=(14)
+29 9
fi=(79)
35 9
cfi=(14)
cfn=(98)
calls=9 267 
* 363
fe=(96)
232 27

fn=(2130) runtime.selectnbrecv
804 5
+1 5
cfn=(858)
calls=1 524 
* 179
* 3

fn=(850) runtime.makechan
75 45
+1 9
+3 36
+3 18
-6 9
+10 18
+1 63
-8 9
+18 18
fi=(48)
203 4
fe=(96)
102 2
+3 8
cfi=(30)
cfn=(192)
calls=2 1067 
* 302
+1 2
fi=(42)
-81 2
fe=(96)
+81 6
+7 2
-7 2
-7 28
cfi=(30)
cfn=(192)
calls=7 1067 
* 1624
+2 7
927 7
101 21
+12 28
+1 21
-1 6
+1 15
+1 18
+1 27
+8 36

fn=(934) runtime.chansend1
160 33
+1 33
cfn=(936) runtime.chansend
calls=11 +15 
* 3587
+1 33
cfi=(222)
cfn=(3974) testing.(*B).launch.func1
calls=1 336 
* 39117
cfi=(44) /usr/local/go/src/runtime/mgcscavenge.go
cfn=(929) runtime.bgscavenge'2
calls=1 653 
* 66583

fn=(878) runtime.chanparkcommit
748 45
+6 9
fi=(40)
131 9
fe=(96)
758 9
fi=(40)
179 9
-48 18
fe=(96)
764 9
fi=(14)
261 9
fi=(79)
35 18
cfi=(14)
cfn=(98)
calls=9 267 
* 387
fe=(96)
765 36

fn=(858)
524 55
+8 55
+8 33
+4 33
-12 11
+17 32
cfn=(2132)
calls=1 -57 
* 16
-17 1
+42 1
-25 1
+10 2
-10 22
+33 44
+4 33
fi=(14)
152 11
fi=(79)
24 22
cfi=(14)
cfn=(90)
calls=11 155 
* 231
fe=(96)
588 33
887 11
612 22
+2 2
139 4
fi=(42)
25 2
fe=(96)
618 6
+3 4
cfi=(75)
cfn=(1074) runtime.typedmemclr
calls=2 361 
* 46
+1 8
+1 4
+1 1
+2 1
+1 1
fi=(14)
261 1
fi=(79)
35 2
cfi=(14)
cfn=(98)
calls=1 267 
* 43
fe=(96)
626 1
+1 1
fi=(14)
261 1
fi=(79)
35 2
cfi=(14)
cfn=(98)
calls=1 267 
* 43
fe=(96)
628 10
-96 18
+99 9
+6 9
+1 9
cfi=(12)
cfn=(860) runtime.acquireSudog
calls=9 488 
* 662
+1 9
+1 27
+5 9
fi=(62) /usr/local/go/src/runtime/runtime2.go
360 45
+1 9
fe=(96)
646 27
+1 45
+2 9
+1 9
+1 9
fi=(62)
388 9
-28 45
+1 18
fe=(96)
652 27
873 27
+1 9
+1 18
+1 27
+1 9
+1 9
638 9
+16 18
fi=(40)
131 9
fe=(96)
662 9
fi=(40)
179 9
-48 18
fe=(96)
664 27
+3 54
cfi=(12)
cfn=(870) runtime.gopark
calls=9 445 
* 18463
+3 45
+3 27
+3 27
+1 9
+1 36
+3 9
+1 18
-1 9
+1 9
+1 9
fi=(62)
388 9
-28 27
+1 18
fe=(96)
684 9
cfi=(12)
cfn=(1068) runtime.releaseSudog
calls=9 526 
* 486
+1 45
cfn=(856)
calls=2 510 
* 22786
888 11
+1 22
612 22
-10 22
+10 22
-10 11

fn=(936)
176 55
+1 55
+16 33
-16 11
+36 11
+5 44
+4 33
fi=(14)
-70 11
fi=(79)
24 11
cfi=(14)
cfn=(90)
calls=11 155 
* 231
fe=(96)
224 44
887 11
+1 11
+1 22
+3 9
+1 18
+1 36
+16 27
236 9
910 9
236 4
-7 22
+7 6
+2 2
+4 2
139 4
fi=(42)
25 2
fe=(96)
242 4
cfi=(75)
cfn=(1046) runtime.typedmemmove
calls=2 -92 
* 58
+1 8
+1 4
+1 1
+2 1
+1 1
fi=(14)
+13 1
fi=(79)
35 2
cfi=(14)
cfn=(98)
calls=1 267 
* 43
fe=(96)
247 1
+1 1
fi=(14)
+13 1
fi=(79)
35 2
cfi=(14)
cfn=(98)
calls=1 267 
* 39
fe=(96)
249 8
-17 81
cfn=(938)
calls=9 +86 
* 2570
+1 36
cfn=(934)
calls=2 -71 
* 105706

fl=(128) /usr/local/go/src/time/time.go
fn=(1300) time.Now
1347 28
+1 7
cfi=(86)
cfn=(1302) time.runtimeNow
calls=7 17 
* 392
+1 14
+3 7
+1 14
+1 14
-2 7
+2 14
+6 63

fn=(1894) time.Duration.format
957 8
+7 8
-2 4
+5 12
-4 4
+9 2
+3 4
+1 2
+1 6
+20 2
+2 2
-28 6
+67 56
-76 18
+76 58
+1 18
-76 18
+76 90
-1 18
+2 72
+1 18
+4 18
-4 18
-3 2
+9 2
-48 2
+3 6
-39 2
+39 8
+56 4
+1 1
+1 4
-61 1
+59 1
+6 3
-2 2
-56 1
+56 4
+1 1
-64 1
+65 1
-62 1
+62 7
-62 1
+4 4
+1 1
+1 3
+1 1
-7 1
+7 4
+49 2
-51 1
+51 1
-96 1
+60 2
+5 8
+37 3
-2 2
-48 1
+48 4
+1 1
-56 1
+57 1
-55 1
+55 7
-55 1
+5 2
-52 3

fn=(2118) time.Since
1227 18
+1 18
cfi=(86)
cfn=(2120) time.runtimeIsBubbled
calls=3 43 
* 9
* 6
+2 3
cfi=(86)
cfn=(1284) time.runtimeNano
calls=3 33 
* 145
* 3
-15 9
+1 6
+3 9
+11 9
cfi=(222)
cfn=(3828) testing.(*B).StopTimer
calls=1 153 
* 28485

fl=(140) /usr/local/go/src/internal/poll/fd_unix.go
fn=(3244) internal/poll.(*FD).Write.deferwrap1
364 2681
cfi=(258) /usr/local/go/src/internal/poll/fd_mutex.go
cfn=(3246) internal/poll.(*FD).writeUnlock
calls=383 248 
* 21831
* 1149

fn=(3232) internal/poll.(*FD).Write
360 2681
fi=(258)
239 1532
fe=(140)
360 1149
fi=(258)
239 1532
cfn=(3234) internal/poll.(*fdMutex).rwlock
calls=383 117 
* 15320
* 766
fe=(140)
364 1149
-3 1149
+3 2298
+1 1149
fi=(254)
77 1149
cfn=(3238)
calls=383 -13 
* 4979
fe=(140)
365 1532
+6 3064
+3 8426
737 383
+1 383
fi=(259)
211 1149
cfi=(126) /usr/local/go/src/syscall/zsyscall_linux_amd64.go
cfn=(3240) syscall.write
calls=383 957 
* 112482
* 1149
fe=(140)
739 1532
375 766
+1 1532
+8 1149
+2 1149
+1 2681
cfn=(3244)
calls=383 -23 
* 25661
* 2298

fn=(3482) internal/poll.(*FD).destroy
77 1020
fi=(254)
-28 204
fe=(140)
+31 204
fi=(254)
-31 408
fe=(140)
+33 204
+3 408
fi=(268) /usr/local/go/src/internal/poll/fd_unixjs.go
-61 816
cfi=(126)
cfn=(3484) syscall.Close
calls=204 334 
* 48552
* 408
fe=(140)
+60 408
+1 408
cfi=(107) /usr/local/go/src/runtime/sema.go
cfn=(3488) internal/poll.runtime_Semrelease
calls=204 +33 
* 8568
+1 1020

fn=(3524) internal/poll.(*FD).Read
141 1400
fi=(258)
+80 800
fe=(140)
-80 600
fi=(258)
+80 800
cfn=(3234)
calls=200 117 
* 8200
* 400
fe=(140)
-76 600
-3 600
+3 1200
+1 800
+8 600
fi=(254)
-81 800
cfn=(3238)
calls=200 -9 
* 2600
fe=(140)
+81 400
+3 1200
+3 400
+1 600
737 200
+1 200
fi=(259)
183 800
cfi=(126)
cfn=(3528) syscall.read
calls=200 729 
* 52644
* 400
fe=(140)
739 600
162 400
fi=(272) /usr/local/go/src/internal/poll/fd_posix.go
17 800
fe=(140)
171 1400
cfn=(3534) internal/poll.(*FD).Read.deferwrap1
calls=200 -26 
* 13400
* 1200

fn=(1368) internal/poll.(*FD).Init
55 1242
+1 207
+3 828
+1 207
-1 207
+3 207
-3 202
+7 1010
cfi=(254)
cfn=(3192)
calls=202 -28 
* 113358
+1 404
+3 404
+2 606
-9 5
+1 25

fn=(3476) internal/poll.(*FD).Close
91 1020
+1 612
cfi=(258)
cfn=(3478) internal/poll.(*fdMutex).increfAndClose
calls=204 -21 
* 7548
* 612
fi=(254)
-34 408
fe=(140)
+43 204
fi=(254)
-43 408
fe=(140)
+47 204
cfi=(258)
cfn=(3462) internal/poll.(*FD).decref
calls=204 211 
* 67932
+8 612
+4 612

fn=(3534)
145 1400
cfi=(258)
cfn=(3536) internal/poll.(*FD).readUnlock
calls=200 +85 
* 11400
* 600

fl=(168) /usr/local/go/src/crypto/internal/fips140/hmac/cast.go
fn=(1530) crypto/internal/fips140/hmac.init.0
14 5
+1 4
cfi=(161) /usr/local/go/src/crypto/internal/fips140/cast.go
cfn=(1502) crypto/internal/fips140.CAST
calls=1 +22 
* 235
+19 3

fl=(193) /usr/local/go/src/internal/fuzz/mutator.go
fn=(1628) internal/fuzz.init.1
286 5
+1 6
+1 18
-1 47
+1 27
-1 9
+1 27
-1 2
+1 4
cfi=(60)
cfn=(378)
calls=1 178 
* 288
* 4
-1 2
+1 2
-1 1
+1 1
+2 6
+1 38
-1 97
+1 57
-1 19
+1 57
-1 4
+1 8
cfi=(60)
cfn=(378)
calls=2 178 
* 586
* 8
-1 4
+1 4
-1 2
+1 2
+2 3

fl=(145) /usr/local/go/src/unicode/tables.go
fn=(1406) unicode.map.init.0
51 9
cfi=(123) /usr/local/go/src/runtime/map.go
cfn=(1408) runtime.makemap
calls=1 +11 
* 2419
* 887
cfi=(19) /usr/local/go/src/internal/runtime/maps/runtime_faststr.go
cfn=(1182) runtime.mapassign_faststr
calls=42 263 
* 6602
* 258

fn=(1424) unicode.map.init.1
9 9
cfi=(123)
cfn=(1408)
calls=1 +53 
* 1192
* 6
cfi=(19)
cfn=(1182)
calls=1 263 
* 157
* 10
cfi=(19)
cfn=(1182)
calls=1 263 
* 157
* 10
cfi=(19)
cfn=(1182)
calls=1 263 
* 157
* 10
cfi=(19)
cfn=(1182)
calls=1 263 
* 157
* 10
cfi=(19)
cfn=(1182)
calls=1 263 
* 157
* 10
cfi=(19)
cfn=(1182)
calls=1 263 
* 157
* 10
cfi=(19)
cfn=(1182)
calls=1 263 
* 157
* 10
cfi=(19)
cfn=(1182)
calls=1 263 
* 157
* 10
cfi=(19)
cfn=(1182)
calls=1 263 
* 157
* 10
cfi=(19)
cfn=(1182)
calls=1 263 
* 157
* 10
cfi=(19)
cfn=(1182)
calls=1 263 
* 157
* 10
cfi=(19)
cfn=(1182)
calls=1 263 
* 157
* 10
cfi=(19)
cfn=(1182)
calls=1 263 
* 157
* 10
cfi=(19)
cfn=(1182)
calls=1 263 
* 157
* 10
cfi=(19)
cfn=(1182)
calls=1 263 
* 157
* 10
cfi=(19)
cfn=(1182)
calls=1 263 
* 157
* 10
cfi=(19)
cfn=(1182)
calls=1 263 
* 157
* 10
cfi=(19)
cfn=(1182)
calls=1 263 
* 157
* 10
cfi=(19)
cfn=(1182)
calls=1 263 
* 157
* 10
cfi=(19)
cfn=(1182)
calls=1 263 
* 157
* 10
cfi=(19)
cfn=(1182)
calls=1 263 
* 157
* 10
cfi=(19)
cfn=(1182)
calls=1 263 
* 157
* 10
cfi=(19)
cfn=(1182)
calls=1 263 
* 157
* 10
cfi=(19)
cfn=(1182)
calls=1 263 
* 157
* 10
cfi=(19)
cfn=(1182)
calls=1 263 
* 157
* 10
cfi=(19)
cfn=(1182)
calls=1 263 
* 157
* 10
cfi=(19)
cfn=(1182)
calls=1 263 
* 157
* 10
cfi=(19)
cfn=(1182)
calls=1 263 
* 157
* 10
cfi=(19)
cfn=(1182)
calls=1 263 
* 157
* 10
cfi=(19)
cfn=(1182)
calls=1 263 
* 157
* 10
cfi=(19)
cfn=(1182)
calls=1 263 
* 157
* 10
cfi=(19)
cfn=(1182)
calls=1 263 
* 157
* 10
cfi=(19)
cfn=(1182)
calls=1 263 
* 157
* 10
cfi=(19)
cfn=(1182)
calls=1 263 
* 157
* 10
cfi=(19)
cfn=(1182)
calls=1 263 
* 157
* 10
cfi=(19)
cfn=(1182)
calls=1 263 
* 157
* 10
cfi=(19)
cfn=(1182)
calls=1 263 
* 157
* 10
cfi=(19)
cfn=(1182)
calls=1 263 
* 157
* 10

fn=(1426) unicode.map.init.2
5192 7
0 2
fi=(4) ???
cfi=(123)
cfn=(1408)
calls=1 62 
0 2704
0 6
fi=(4)
cfi=(19)
cfn=(1182)
calls=1 263 
0 157
0 10
fi=(4)
cfi=(19)
cfn=(1182)
calls=1 263 
0 157
0 10
fi=(4)
cfi=(19)
cfn=(1182)
calls=1 263 
0 160
0 10
fi=(4)
cfi=(19)
cfn=(1182)
calls=1 263 
0 157
0 10
fi=(4)
cfi=(19)
cfn=(1182)
calls=1 263 
0 157
0 10
fi=(4)
cfi=(19)
cfn=(1182)
calls=1 263 
0 157
0 10
fi=(4)
cfi=(19)
cfn=(1182)
calls=1 263 
0 157
0 10
fi=(4)
cfi=(19)
cfn=(1182)
calls=1 263 
0 157
0 10
fi=(4)
cfi=(19)
cfn=(1182)
calls=1 263 
0 157
0 10
fi=(4)
cfi=(19)
cfn=(1182)
calls=1 263 
0 157
0 10
fi=(4)
cfi=(19)
cfn=(1182)
calls=1 263 
0 157
0 10
fi=(4)
cfi=(19)
cfn=(1182)
calls=1 263 
0 157
0 10
fi=(4)
cfi=(19)
cfn=(1182)
calls=1 263 
0 157
0 10
fi=(4)
cfi=(19)
cfn=(1182)
calls=1 263 
0 157
0 10
fi=(4)
cfi=(19)
cfn=(1182)
calls=1 263 
0 157
0 10
fi=(4)
cfi=(19)
cfn=(1182)
calls=1 263 
0 157
0 10
fi=(4)
cfi=(19)
cfn=(1182)
calls=1 263 
0 157
0 10
fi=(4)
cfi=(19)
cfn=(1182)
calls=1 263 
0 160
0 10
fi=(4)
cfi=(19)
cfn=(1182)
calls=1 263 
0 157
0 10
fi=(4)
cfi=(19)
cfn=(1182)
calls=1 263 
0 160
0 10
fi=(4)
cfi=(19)
cfn=(1182)
calls=1 263 
0 157
0 10
fi=(4)
cfi=(19)
cfn=(1182)
calls=1 263 
0 157
0 10
fi=(4)
cfi=(19)
cfn=(1182)
calls=1 263 
0 157
0 10
fi=(4)
cfi=(19)
cfn=(1182)
calls=1 263 
0 157
0 10
fi=(4)
cfi=(19)
cfn=(1182)
calls=1 263 
0 157
0 10
fi=(4)
cfi=(19)
cfn=(1182)
calls=1 263 
0 157
0 10
fi=(4)
cfi=(19)
cfn=(1182)
calls=1 263 
0 157
0 10
fi=(4)
cfi=(19)
cfn=(1182)
calls=1 263 
0 157
0 10
fi=(4)
cfi=(19)
cfn=(1182)
calls=1 263 
0 157
0 10
fi=(4)
cfi=(19)
cfn=(1182)
calls=1 263 
0 157
0 10
fi=(4)
cfi=(19)
cfn=(1182)
calls=1 263 
0 157
0 10
fi=(4)
cfi=(19)
cfn=(1182)
calls=1 263 
0 157
0 10
fi=(4)
cfi=(19)
cfn=(1182)
calls=1 263 
0 157
0 10
fi=(4)
cfi=(19)
cfn=(1182)
calls=1 263 
0 157
0 10
fi=(4)
cfi=(19)
cfn=(1182)
calls=1 263 
0 157
0 10
fi=(4)
cfi=(19)
cfn=(1182)
calls=1 263 
0 160
0 10
fi=(4)
cfi=(19)
cfn=(1182)
calls=1 263 
0 157
0 10
fi=(4)
cfi=(19)
cfn=(1182)
calls=1 263 
0 157
0 10
fi=(4)
cfi=(19)
cfn=(1182)
calls=1 263 
0 157
0 10
fi=(4)
cfi=(19)
cfn=(1182)
calls=1 263 
0 157
0 10
fi=(4)
cfi=(19)
cfn=(1182)
calls=1 263 
0 177
0 10
fi=(4)
cfi=(19)
cfn=(1182)
calls=1 263 
0 157
0 10
fi=(4)
cfi=(19)
cfn=(1182)
calls=1 263 
0 157
0 10
fi=(4)
cfi=(19)
cfn=(1182)
calls=1 263 
0 157
0 10
fi=(4)
cfi=(19)
cfn=(1182)
calls=1 263 
0 157
0 10
fi=(4)
cfi=(19)
cfn=(1182)
calls=1 263 
0 157
0 10
fi=(4)
cfi=(19)
cfn=(1182)
calls=1 263 
0 157
0 10
fi=(4)
cfi=(19)
cfn=(1182)
calls=1 263 
0 157
0 10
fi=(4)
cfi=(19)
cfn=(1182)
calls=1 263 
0 157
0 10
fi=(4)
cfi=(19)
cfn=(1182)
calls=1 263 
0 157
0 10
fi=(4)
cfi=(19)
cfn=(1182)
calls=1 263 
0 177
0 10
fi=(4)
cfi=(19)
cfn=(1182)
calls=1 263 
0 157
0 10
fi=(4)
cfi=(19)
cfn=(1182)
calls=1 263 
0 177
0 10
fi=(4)
cfi=(19)
cfn=(1182)
calls=1 263 
0 157
0 10
fi=(4)
cfi=(19)
cfn=(1182)
calls=1 263 
0 151
0 10
fi=(4)
cfi=(19)
cfn=(1182)
calls=1 263 
0 157
0 10
fi=(4)
cfi=(19)
cfn=(1182)
calls=1 263 
0 160
0 10
fi=(4)
cfi=(19)
cfn=(1182)
calls=1 263 
0 160
0 10
fi=(4)
cfi=(19)
cfn=(1182)
calls=1 263 
0 157
0 10
fi=(4)
cfi=(19)
cfn=(1182)
calls=1 263 
0 157
0 10
fi=(4)
cfi=(19)
cfn=(1182)
calls=1 263 
0 157
0 10
fi=(4)
cfi=(19)
cfn=(1182)
calls=1 263 
0 157
0 10
fi=(4)
cfi=(19)
cfn=(1182)
calls=1 263 
0 157
0 10
fi=(4)
cfi=(19)
cfn=(1182)
calls=1 263 
0 157
0 10
fi=(4)
cfi=(19)
cfn=(1182)
calls=1 263 
0 157
0 10
fi=(4)
cfi=(19)
cfn=(1182)
calls=1 263 
0 160
0 10
fi=(4)
cfi=(19)
cfn=(1182)
calls=1 263 
0 157
0 10
fi=(4)
cfi=(19)
cfn=(1182)
calls=1 263 
0 157
0 10
fi=(4)
cfi=(19)
cfn=(1182)
calls=1 263 
0 157
0 10
fi=(4)
cfi=(19)
cfn=(1182)
calls=1 263 
0 157
0 10
fi=(4)
cfi=(19)
cfn=(1182)
calls=1 263 
0 157
0 10
fi=(4)
cfi=(19)
cfn=(1182)
calls=1 263 
0 157
0 10
fi=(4)
cfi=(19)
cfn=(1182)
calls=1 263 
0 157
0 10
fi=(4)
cfi=(19)
cfn=(1182)
calls=1 263 
0 157
0 10
fi=(4)
cfi=(19)
cfn=(1182)
calls=1 263 
0 157
0 10
fi=(4)
cfi=(19)
cfn=(1182)
calls=1 263 
0 157
0 10
fi=(4)
cfi=(19)
cfn=(1182)
calls=1 263 
0 157
0 10
fi=(4)
cfi=(19)
cfn=(1182)
calls=1 263 
0 157
0 10
fi=(4)
cfi=(19)
cfn=(1182)
calls=1 263 
0 157
0 10
fi=(4)
cfi=(19)
cfn=(1182)
calls=1 263 
0 157
0 10
fi=(4)
cfi=(19)
cfn=(1182)
calls=1 263 
0 157
0 10
fi=(4)
cfi=(19)
cfn=(1182)
calls=1 263 
0 157
0 10
fi=(4)
cfi=(19)
cfn=(1182)
calls=1 263 
0 157
0 10
fi=(4)
cfi=(19)
cfn=(1182)
calls=1 263 
0 157
0 10
fi=(4)
cfi=(19)
cfn=(1182)
calls=1 263 
0 157
0 10
fi=(4)
cfi=(19)
cfn=(1182)
calls=1 263 
0 157
0 10
fi=(4)
cfi=(19)
cfn=(1182)
calls=1 263 
0 157
0 10
fi=(4)
cfi=(19)
cfn=(1182)
calls=1 263 
0 157
0 10
fi=(4)
cfi=(19)
cfn=(1182)
calls=1 263 
0 151
0 10
fi=(4)
cfi=(19)
cfn=(1182)
calls=1 263 
0 160
0 10
fi=(4)
cfi=(19)
cfn=(1182)
calls=1 263 
0 157
0 10
fi=(4)
cfi=(19)
cfn=(1182)
calls=1 263 
0 157
0 10
fi=(4)
cfi=(19)
cfn=(1182)
calls=1 263 
0 177
0 10
fi=(4)
cfi=(19)
cfn=(1182)
calls=1 263 
0 157
0 10
fi=(4)
cfi=(19)
cfn=(1182)
calls=1 263 
0 157
0 10
fi=(4)
cfi=(19)
cfn=(1182)
calls=1 263 
0 157
0 10
fi=(4)
cfi=(19)
cfn=(1182)
calls=1 263 
0 157
0 10
fi=(4)
cfi=(19)
cfn=(1182)
calls=1 263 
0 157
0 10
fi=(4)
cfi=(19)
cfn=(1182)
calls=1 263 
0 157
0 10
fi=(4)
cfi=(19)
cfn=(1182)
calls=1 263 
0 157
0 10
fi=(4)
cfi=(19)
cfn=(1182)
calls=1 263 
0 157
0 10
fi=(4)
cfi=(19)
cfn=(1182)
calls=1 263 
0 157
0 10
fi=(4)
cfi=(19)
cfn=(1182)
calls=1 263 
0 157
0 10
fi=(4)
cfi=(19)
cfn=(1182)
calls=1 263 
0 160
0 10
fi=(4)
cfi=(19)
cfn=(1182)
calls=1 263 
0 157
0 10
fi=(4)
cfi=(19)
cfn=(1182)
calls=1 263 
0 157
0 10
fi=(4)
cfi=(19)
cfn=(1182)
calls=1 263 
0 157
0 10
fi=(4)
cfi=(19)
cfn=(1182)
calls=1 263 
0 157
0 10
fi=(4)
cfi=(19)
cfn=(1182)
calls=1 263 
0 160
0 10
fi=(4)
cfi=(19)
cfn=(1182)
calls=1 263 
0 157
0 10
fi=(4)
cfi=(19)
cfn=(1182)
calls=1 263 
0 157
0 10
fi=(4)
cfi=(19)
cfn=(1182)
calls=1 263 
0 157
0 10
fi=(4)
cfi=(19)
cfn=(1182)
calls=1 263 
0 160
0 10
fi=(4)
cfi=(19)
cfn=(1182)
calls=1 263 
0 157
0 10
fi=(4)
cfi=(19)
cfn=(1182)
calls=1 263 
0 157
0 10
fi=(4)
cfi=(19)
cfn=(1182)
calls=1 263 
0 157
0 10
fi=(4)
cfi=(19)
cfn=(1182)
calls=1 263 
0 157
0 10
fi=(4)
cfi=(19)
cfn=(1182)
calls=1 263 
0 157
0 10
fi=(4)
cfi=(19)
cfn=(1182)
calls=1 263 
0 157
0 10
fi=(4)
cfi=(19)
cfn=(1182)
calls=1 263 
0 157
0 10
fi=(4)
cfi=(19)
cfn=(1182)
calls=1 263 
0 157
0 10
fi=(4)
cfi=(19)
cfn=(1182)
calls=1 263 
0 157
0 10
fi=(4)
cfi=(19)
cfn=(1182)
calls=1 263 
0 157
0 10
fi=(4)
cfi=(19)
cfn=(1182)
calls=1 263 
0 157
0 10
fi=(4)
cfi=(19)
cfn=(1182)
calls=1 263 
0 157
0 10
fi=(4)
cfi=(19)
cfn=(1182)
calls=1 263 
0 157
0 10
fi=(4)
cfi=(19)
cfn=(1182)
calls=1 263 
0 157
0 10
fi=(4)
cfi=(19)
cfn=(1182)
calls=1 263 
0 157
0 10
fi=(4)
cfi=(19)
cfn=(1182)
calls=1 263 
0 157
0 10
fi=(4)
cfi=(19)
cfn=(1182)
calls=1 263 
0 157
0 10
fi=(4)
cfi=(19)
cfn=(1182)
calls=1 263 
0 157
0 10
fi=(4)
cfi=(19)
cfn=(1182)
calls=1 263 
0 157
0 10
fi=(4)
cfi=(19)
cfn=(1182)
calls=1 263 
0 157
0 10
fi=(4)
cfi=(19)
cfn=(1182)
calls=1 263 
0 157
0 10
fi=(4)
cfi=(19)
cfn=(1182)
calls=1 263 
0 157
0 10
fi=(4)
cfi=(19)
cfn=(1182)
calls=1 263 
0 157
0 10
fi=(4)
cfi=(19)
cfn=(1182)
calls=1 263 
0 157
0 10
fi=(4)
cfi=(19)
cfn=(1182)
calls=1 263 
0 157
0 10
fi=(4)
cfi=(19)
cfn=(1182)
calls=1 263 
0 157
0 10
fi=(4)
cfi=(19)
cfn=(1182)
calls=1 263 
0 157
0 10
fi=(4)
cfi=(19)
cfn=(1182)
calls=1 263 
0 157
0 10
fi=(4)
cfi=(19)
cfn=(1182)
calls=1 263 
0 157
0 10
fi=(4)
cfi=(19)
cfn=(1182)
calls=1 263 
0 157
0 10
fi=(4)
cfi=(19)
cfn=(1182)
calls=1 263 
0 157
0 10
fi=(4)
cfi=(19)
cfn=(1182)
calls=1 263 
0 157
0 10
fi=(4)
cfi=(19)
cfn=(1182)
calls=1 263 
0 157
0 10
fi=(4)
cfi=(19)
cfn=(1182)
calls=1 263 
0 157
0 10
fi=(4)
cfi=(19)
cfn=(1182)
calls=1 263 
0 187
0 10
fi=(4)
cfi=(19)
cfn=(1182)
calls=1 263 
0 157
0 10
fi=(4)
cfi=(19)
cfn=(1182)
calls=1 263 
0 157
0 10
fi=(4)
cfi=(19)
cfn=(1182)
calls=1 263 
0 157
0 10
fi=(4)
cfi=(19)
cfn=(1182)
calls=1 263 
0 157
0 10
fi=(4)
cfi=(19)
cfn=(1182)
calls=1 263 
0 157
0 10
fi=(4)
cfi=(19)
cfn=(1182)
calls=1 263 
0 157
0 10
fi=(4)
cfi=(19)
cfn=(1182)
calls=1 263 
0 157
0 10
fi=(4)
cfi=(19)
cfn=(1182)
calls=1 263 
0 157
0 10
fi=(4)
cfi=(19)
cfn=(1182)
calls=1 263 
0 157
0 10
fi=(4)
cfi=(19)
cfn=(1182)
calls=1 263 
0 157
0 10
fi=(4)
cfi=(19)
cfn=(1182)
calls=1 263 
0 157
0 10
fi=(4)
cfi=(19)
cfn=(1182)
calls=1 263 
0 157
0 10
fi=(4)
cfi=(19)
cfn=(1182)
calls=1 263 
0 157
0 10
fi=(4)
cfi=(19)
cfn=(1182)
calls=1 263 
0 157
0 10
fi=(4)
cfi=(19)
cfn=(1182)
calls=1 263 
0 151
0 7
5192 3

fl=(5)
fn=(510) runtime/debug.SetTraceback
560 6
+2 1
+5 2
-2 3
+1 1
+22 4
+4 1
+2 2
+1 3

fn=(10) runtime.check
143 5
+10 2
+1 2
+3 1
+59 1
+1 8
+3 2
+4 1
+1 6
+3 2
+4 1
+1 7
+3 2
+4 1
+1 3
+1 8
+4 1
+1 2
+1 9
+4 1
+1 4
+3 2
+4 1
+1 5
+3 2
+4 1
+1 4
+7 1
+1 5
+7 1
cfn=(12) runtime.testAtomic64
calls=1 106 
* 59
+2 1
fi=(6)
1008 1
+1 11
-1 96
fe=(5)
286 1
+4 1
cfi=(2)
cfn=(16) runtime.checkASM.abi0
calls=1 1714 
* 6
* 4
+3 3

fn=(506) runtime.finishDebugVarsSetup
462 5
+1 2
cfi=(30)
cfn=(190)
calls=1 2156 
* 3737
* 1
+1 3
cfi=(67) /usr/local/go/src/runtime/env_posix.go
cfn=(508) runtime.gogetenv
calls=1 9 
* 372
* 5
+1 1
fi=(40)
+81 1
-62 3
cfi=(63) /usr/local/go/src/runtime/atomic_pointer.go
cfn=(416) internal/runtime/atomic.storePointer
calls=1 57 
* 10
fe=(5)
-17 3
cfi=(67)
cfn=(508)
calls=1 9 
* 1748
* 1
cfn=(510)
calls=1 +93 
* 23
+1 2
+1 3

fn=(12)
106 5
+1 1
+1 1
+1 8
+3 2
+3 1
+1 5
+3 5
+3 4
+3 2
+1 4
+3 7
+3 3
+3 4
+3 4
+3 3

fn=(496) runtime.goenvs_unix
83 6
+5 1
+1 106
-1 424
-24 318
+24 110
-24 3
+24 2
+4 5
cfi=(60)
cfn=(448)
calls=1 +10 
* 3899
* 7
+1 1
+1 106
-1 639
+1 636
-30 212
+30 106
cfi=(16) /usr/local/go/src/runtime/string.go
cfn=(498) runtime.gostring
calls=106 376 
* 159175
* 954
+2 3

fn=(74) runtime.parseRuntimeDebugVars
406 6
+2 1
+1 1
+1 1
+10 1
+2 1
+3 176
+1 102
+2 12
+1 12
-4 2
+11 4
cfn=(76) runtime.parsegodebug
calls=1 +61 
* 16
+3 5
cfn=(76)
calls=1 +58 
* 695
+2 5
+1 5
+15 1
-15 1
+18 3

fn=(494) runtime.goargs
73 5
+4 4
cfi=(60)
cfn=(448)
calls=1 +25 
* 4035
* 7
+1 1
+1 7
-1 37
+1 21
-15 21
fi=(16)
544 7
cfn=(64) runtime.findnull
calls=7 -57 
* 427
fe=(5)
79 77
+2 3

fn=(76)
497 14
+1 4
+2 1
-2 9
+2 2
-2 2
+4 4
cfi=(17)
cfn=(66) internal/bytealg.IndexByteString.abi0
calls=1 18 
* 34
* 3
+1 2
+17 4
-16 1
+16 8
cfi=(17)
cfn=(66)
calls=1 18 
* 27
* 3
+1 2
+3 6
-4 1
+4 1
+1 4
cfi=(19)
cfn=(78) runtime.mapaccess1_faststr
calls=1 101 
* 13
-1 11
+1 2
-1 2
-24 2
+28 1
+7 3
+5 178
+1 102
-1 6
+1 12
cfi=(20) /usr/local/go/src/internal/bytealg/equal_amd64.s
cfn=(80) runtime.memequal
calls=3 14 
* 68
* 6
-1 2
+1 2
+1 4
-42 2
+41 2
-1 4
+1 2
+1 5
cfi=(10) /usr/local/go/src/internal/strconv/atoi.go
cfn=(84) internal/strconv.ParseInt
calls=1 171 
* 120
* 2
-42 2
+43 5
+1 2
-4 1
+1 1
+1 2
-42 1
+41 1
-1 3
+14 4
+3 6

fn=(20) runtime.args
67 5
+1 1
+1 3
+1 1
cfi=(7) /usr/local/go/src/runtime/os_linux.go
cfn=(22) runtime.sysargs
calls=1 237 
* 1363
+1 3

fn=(2416) runtime.gcBgMarkWorker
fi=(14)
155 2
cfn=(90)
calls=1 * 
* 177962
fi=(58) /usr/local/go/src/runtime/mgc.go
1791 18
cfi=(12)
cfn=(870)
calls=2 445 
* 9241
cfi=(12)
cfn=(871) runtime.gopark'2
calls=1 445 
* 7972
cfi=(3)
cfn=(786)
calls=2 463 
* 781204
fe=(5)
602 22
fi=(58)
1826 22
fe=(5)
602 22
+1 22
fi=(58)
1826 22
fi=(62)
292 44
fi=(58)
1827 66
+2 66
+5 66
fi=(62)
272 22
fi=(58)
1838 22
fi=(22) /usr/local/go/src/runtime/time_nofake.go
33 44
cfi=(3)
cfn=(94) runtime.nanotime1.abi0
calls=22 223 
* 592
* 16
fi=(58)
1839 8
+2 8
fi=(40)
309 1
fi=(78)
+80 2
+19 2
-38 3
+41 2
fi=(40)
-95 1
fi=(78)
+92 1
fi=(58)
1842 5
+3 6
cfn=(2422) runtime.gcBeginWork
calls=3 +88 
* 45
* 2
cfn=(2422)
calls=1 +88 
* 15
+2 36
cfi=(2)
cfn=(134)
calls=4 520 
* 853322
* 8
+40 4
fi=(22)
33 4
cfi=(3)
cfn=(94)
calls=4 223 
* 160
* 8
fi=(58)
1889 8
fi=(22)
33 8
fi=(58)
1888 16
+1 12
cfi=(56) /usr/local/go/src/runtime/mgcpacer.go
cfn=(2478) runtime.(*gcControllerState).markWorkerStop
calls=4 939 
* 85
-44 8
+45 4
+1 5
cfi=(78)
cfn=(840)
calls=1 447 
* 41
+2 12
+1 3
fi=(40)
109 6
fi=(58)
1901 3
+4 6
cfn=(2482) runtime.gcEndWork
calls=3 +39 
* 61
-4 1
+4 2
cfn=(2482)
calls=1 +39 
* 42
* 8
+4 2
fe=(5)
609 3
+1 4
fi=(62)
292 1
fi=(58)
1910 1
fi=(62)
292 1
fi=(58)
1912 1
cfn=(2658) runtime.gcMarkDone
calls=1 1015 
* 32691
fe=(5)

fl=(203) /usr/local/go/src/regexp/syntax/simplify.go
fn=(1738) regexp/syntax.(*Regexp).Simplify
14 28
+1 12
+3 8
+19 5
-18 2
+18 2
+4 6
-22 6
+3 12
-7 6
+7 3
+94 3
-94 30
+2 10
-2 86
+1 10
cfn=(1739) regexp/syntax.(*Regexp).Simplify'2
calls=10 -9 
* 569
* 10
+1 80
+7 20
+4 9

fn=(1739)
14 126
+1 54
+3 36
+19 35
-18 34
+18 32
+1 20
cfn=(1739)
calls=4 -24 
* 320
+99 12
-98 12
141 8
+7 4
-4 20
39 16
+2 2
-22 2
+3 8
-7 4
+7 2
+94 36
-94 12
+2 4
-2 36
+1 4
cfn=(1739)
calls=4 -9 
* 309
* 4
+1 32
+7 8
+4 6

fl=(220)
fn=(1860) internal/strconv.FormatUint
12 15
+1 9
+1 6
171 2
+1 3
15 6
+2 6
+1 10
cfn=(3056)
calls=2 191 
* 344
* 2
+1 22
cfi=(16)
cfn=(1898) runtime.slicebytetostring
calls=2 139 
* 943
* 6

fn=(1878) internal/strconv.FormatInt
28 180
+1 108
+1 72
171 72
+1 108
31 216

fn=(3056)
191 9
+7 8
+9 2
-9 27
+2 4
-2 2
+2 12
+3 2
+4 8
-4 52
+2 64
+1 8
+1 96
+3 10
-1 2
+1 10
+6 4
+11 3
-4 18
+2 24
+1 3
+1 36
+2 3
+2 27
+1 6
-2 1
+3 1
+1 4
+2 9

fl=(124) /usr/local/go/src/syscall/syscall_linux.go
fn=(3184) syscall.Syscall6
95 612
+4 1428
-3 204
cfi=(12)
cfn=(3068) runtime.entersyscall
calls=204 4737 
* 23256
+1 1632
cfn=(1268) syscall.RawSyscall6
calls=204 -34 
* 3468
* 612
+1 204
cfi=(12)
cfn=(3082) runtime.exitsyscall
calls=204 4883 
* 16330
+1 1224

fn=(3066) syscall.Syscall
73 4827
+16 6436
-15 3218
cfi=(12)
cfn=(3068)
calls=1609 4737 
* 183426
+13 12872
cfn=(1268)
calls=1609 -24 
* 27361
* 4827
+1 1609
cfi=(12)
cfn=(3082)
calls=1609 4883 
* 120780
+1 9654

fn=(1268)
63 5442
+2 1814
cfi=(41) /usr/local/go/src/internal/runtime/syscall/linux/asm_linux_amd64.s
cfn=(154) internal/runtime/syscall/linux.Syscall6
calls=1814 -35 
* 18148
+2 5442

fl=(194) /usr/local/go/src/regexp/syntax/perl_groups.go
fn=(1632) regexp/syntax.map.init.0
26 6
cfi=(123)
cfn=(1256) runtime.makemap_small
calls=1 +17 
* 285
* 1
+1 6
-1 5
cfi=(19)
cfn=(1182)
calls=1 263 
* 1685
* 10
+2 6
-2 5
cfi=(19)
cfn=(1182)
calls=1 263 
* 133
* 11
+3 6
-3 6
cfi=(19)
cfn=(1182)
calls=1 263 
* 133
* 10
+4 6
-4 5
cfi=(19)
cfn=(1182)
calls=1 263 
* 133
* 10
+5 6
-5 5
cfi=(19)
cfn=(1182)
calls=1 263 
* 133
* 10
+6 6
-6 5
cfi=(19)
cfn=(1182)
calls=1 263 
* 133
* 15

fn=(1636) regexp/syntax.map.init.1
104 9
cfi=(123)
cfn=(1408)
calls=1 -42 
* 1133
* 1
+1 6
-1 5
cfi=(19)
cfn=(1182)
calls=1 263 
* 157
* 10
+2 6
-2 5
cfi=(19)
cfn=(1182)
calls=1 263 
* 157
* 10
+3 6
-3 5
cfi=(19)
cfn=(1182)
calls=1 263 
* 157
* 10
+4 6
-4 5
cfi=(19)
cfn=(1182)
calls=1 263 
* 157
* 10
+5 6
-5 5
cfi=(19)
cfn=(1182)
calls=1 263 
* 157
* 10
+6 6
-6 5
cfi=(19)
cfn=(1182)
calls=1 263 
* 157
* 10
+7 6
-7 5
cfi=(19)
cfn=(1182)
calls=1 263 
* 157
* 11
+8 6
-8 6
cfi=(19)
cfn=(1182)
calls=1 263 
* 157
* 10
+9 6
-9 5
cfi=(19)
cfn=(1182)
calls=1 263 
* 157
* 10
+10 6
-10 5
cfi=(19)
cfn=(1182)
calls=1 263 
* 157
* 10
+11 6
-11 5
cfi=(19)
cfn=(1182)
calls=1 263 
* 157
* 10
+12 6
-12 5
cfi=(19)
cfn=(1182)
calls=1 263 
* 157
* 10
+13 6
-13 5
cfi=(19)
cfn=(1182)
calls=1 263 
* 157
* 10
+14 6
-14 5
cfi=(19)
cfn=(1182)
calls=1 263 
* 157
* 10
+15 6
-15 5
cfi=(19)
cfn=(1182)
calls=1 263 
* 157
* 11
+16 6
-16 6
cfi=(19)
cfn=(1182)
calls=1 263 
* 157
* 10
+17 6
-17 5
cfi=(19)
cfn=(1182)
calls=1 263 
* 157
* 10
+18 6
-18 5
cfi=(19)
cfn=(1182)
calls=1 263 
* 218
* 10
+19 6
-19 5
cfi=(19)
cfn=(1182)
calls=1 263 
* 157
* 10
+20 6
-20 5
cfi=(19)
cfn=(1182)
calls=1 263 
* 157
* 10
+21 6
-21 5
cfi=(19)
cfn=(1182)
calls=1 263 
* 157
* 10
+22 6
-22 5
cfi=(19)
cfn=(1182)
calls=1 263 
* 157
* 10
+23 6
-23 5
cfi=(19)
cfn=(1182)
calls=1 263 
* 157
* 11
+24 6
-24 6
cfi=(19)
cfn=(1182)
calls=1 263 
* 157
* 10
+25 6
-25 5
cfi=(19)
cfn=(1182)
calls=1 263 
* 157
* 10
+26 6
-26 5
cfi=(19)
cfn=(1182)
calls=1 263 
* 187
* 10
+27 6
-27 5
cfi=(19)
cfn=(1182)
calls=1 263 
* 157
* 10
+28 6
-28 5
cfi=(19)
cfn=(1182)
calls=1 263 
* 187
* 15

fl=(107)
fn=(2404) runtime.semrelease1
207 1194
57 944
214 236
57 1652
fi=(40)
194 708
fe=(107)
+14 236
+1 472
fi=(40)
-15 236
fe=(107)
57 236
214 508
57 12
fi=(40)
194 12
fe=(107)
+25 24
fi=(79)
24 12
cfi=(14)
cfn=(90)
calls=12 155 
* 252
fi=(40)
194 36
fe=(107)
+26 24
+6 36
cfn=(2714) runtime.(*semaRoot).dequeue
calls=12 405 
* 2121
* 36
+1 24
+1 9
fi=(40)
+63 27
fe=(107)
-61 9
fi=(79)
35 18
cfi=(14)
cfn=(98)
calls=9 267 
* 387
fe=(107)
230 3
fi=(79)
35 6
cfi=(14)
cfn=(98)
calls=3 267 
* 129
fe=(107)
227 24
fi=(14)
+34 12
fe=(107)
-29 9
+1 18
+24 18
-43 18
+46 9
-45 672
cfn=(2694) runtime.gcMarkDone
calls=2 -11 
* 214
+74 36
cfi=(58)
cfn=(2659) runtime.gcMarkDone'2
calls=1 1029 
* 25855
cfi=(58)
cfn=(2659)
calls=2 1165 
* 237124
cfi=(58)
cfn=(2232) runtime.gcStart
calls=1 970 
* 2532
cfi=(58)
cfn=(2658)
calls=1 1029 
* 6744
-26 27
cfn=(2718) runtime.readyWithTime
calls=9 127 
* 1428
+1 27
-57 28
cfi=(2)
cfn=(1128) runtime.morestack_noctxt.abi0
calls=7 687 
* 46517
* 12
cfn=(2405) runtime.semrelease1'2
calls=3 * 
* 90

fn=(2405)
207 45
57 36
214 9
57 63
fi=(40)
194 27
fe=(107)
+14 9
+1 18
fi=(40)
-15 9
fe=(107)
57 9
214 21
57 1
fi=(40)
194 1
fe=(107)
+25 2
fi=(79)
24 1
cfi=(14)
cfn=(90)
calls=1 155 
* 21
fi=(40)
194 3
fe=(107)
+26 2
+6 3
cfn=(2714)
calls=1 405 
* 60
* 3
+1 2
+1 1
fi=(40)
+63 3
fe=(107)
-61 1
fi=(79)
35 2
cfi=(14)
cfn=(98)
calls=1 267 
* 43
fe=(107)
227 2
fi=(14)
+34 1
fe=(107)
-29 1
+1 2
+24 2
-43 2
+46 1
-45 24
+74 3
-26 3
cfn=(2718)
calls=1 127 
* 188
+1 3

fn=(3488)
118 1020
+1 204
+85 612
cfn=(2404)
calls=204 +3 
* 6120
-84 612

fn=(2694)
fi=(58)
1027 4
1928 8
fi=(77) /usr/local/go/src/runtime/lfstack.go
66 4
fi=(55) /usr/local/go/src/runtime/mgcmark_greenteagc.go
1166 2
fi=(40)
194 4
fi=(55)
1169 4
+3 6
fi=(12)
7338 2
fi=(58)
1027 4
+7 2
fe=(107)
143 12
cfn=(2239) runtime.semacquire1'2
calls=1 +3 
* 25
cfn=(2238) runtime.semacquire1
calls=1 +3 
* 25
fi=(58)
1038 2
+3 2
+1 2
fi=(12)
2112 16
cfi=(2)
cfn=(135)
calls=2 520 
* 56
fe=(107)
204 2
fi=(58)
1068 2
1928 4
fi=(12)
7338 10
+1 10
fi=(55)
1172 2
fi=(58)
1928 4
fe=(107)

fn=(2718)
127 50
+1 20
+3 10
fi=(12)
482 70
cfi=(2)
cfn=(135)
calls=4 +38 
* 112
cfi=(2)
cfn=(134)
calls=6 +38 
* 1324
* 12
fe=(107)
132 18

fn=(1110) sync.runtime_notifyListCheck
725 5
+1 2
+4 3

fn=(2238)
fi=(12)
4253 30
fi=(13)
189 6
fi=(12)
4254 12
fi=(13)
152 6
+37 18
fi=(12)
4256 18
+6 12
+1 18
fi=(13)
251 6
fi=(12)
4267 6
+8 18
cfn=(660) runtime.casgstatus
calls=6 1277 
* 301
fi=(13)
251 12
fi=(12)
4276 6
-33 12
fi=(62)
292 6
fi=(12)
4280 6
fi=(62)
300 6
-8 6
fi=(12)
4244 6
fi=(62)
248 6
+18 6
-18 6
fi=(12)
4282 24
+1 24
cfi=(58)
cfn=(2252) runtime.gcBgMarkWorker.func1
calls=1 1791 
* 72
cfn=(956) runtime.parkunlock_c
calls=5 -36 
* 280
+1 24
+1 10
-1 5
cfi=(2)
cfn=(2338)
calls=5 1889 
* 105
* 5
+1 5
-1 5
-1 5
+3 5
-2 1
-1 1
+3 1
-23 12
+23 6
+14 6
+4 6
cfn=(730) runtime.schedule
calls=6 4135 
* 50142
482 7
+1 3
cfn=(944) runtime.ready
calls=1 1120 
* 175
+1 3
cfi=(2)
cfn=(135)
calls=1 +82 
* 6765
fe=(107)
146 155
+1 31
+1 124
+5 31
292 31
+1 31
+1 62
+3 24
148 24
297 120
154 72
-6 35
+15 7
cfi=(12)
cfn=(860)
calls=7 488 
* 3375
* 7
57 21
163 7
57 7
+91 7
-91 56
164 7
+2 7
+2 7
57 21
169 28
+2 7
+2 14
+6 7
+1 21
fi=(40)
291 21
fi=(79)
24 14
cfi=(14)
cfn=(90)
calls=7 155 
* 147
fe=(107)
182 7
fi=(40)
291 21
fe=(107)
+1 7
+1 7
+1 14
184 7
+7 35
cfn=(2680) runtime.(*semaRoot).queue
calls=7 304 
* 1275
+1 14
fi=(12)
468 35
cfn=(870)
calls=7 -23 
* 450370701
cfi=(275)
cfn=(3590)
calls=1 -5 
* 24153329
fe=(107)
193 12
+99 8
+1 4
+1 8
+3 4
163 4
297 20
-3 4
193 24
+4 16
+3 4
cfi=(12)
cfn=(1068)
calls=4 526 
* 266
+1 12
cfi=(58)
cfn=(2658)
calls=3 1027 
* 662519
fi=(3)
+76 4
+1 4
+1 4
+6 4
+1 4
+1 4
+1 4
+3 4
+1 4
+1 4
+1 12
cfi=(22)
cfn=(2852) runtime.(*mLockProfile).start
calls=1 33 
* 38806
cfi=(22)
cfn=(2421) runtime.gcBgMarkWorker'2
calls=3 33 
* 1612465
+2 4
+1 4
+1 4
fe=(107)

fn=(2239)
146 50
+1 10
+1 40
+5 10
292 10
+1 10
+1 20
+3 7
148 7
297 35
154 21
-6 15
+15 3
cfi=(12)
cfn=(861) runtime.acquireSudog'2
calls=3 488 
* 3448
* 3
57 9
163 3
57 3
+91 3
-91 24
164 3
+2 3
+2 3
57 9
169 12
+2 3
+2 6
+6 3
+1 9
fi=(40)
291 9
fi=(79)
24 6
cfi=(14)
cfn=(90)
calls=3 155 
* 63
fe=(107)
182 3
fi=(40)
291 9
fe=(107)
+1 3
+1 3
+1 6
184 3
+7 15
cfn=(2680)
calls=3 304 
* 486
+1 6
fi=(12)
468 15
cfn=(870)
calls=3 -23 
* 246
fe=(107)
193 18
+99 12
+1 6
+1 12
+3 6
163 6
297 30
-3 6
193 36
+4 24
+3 6
cfi=(12)
cfn=(1068)
calls=6 526 
* 374
+1 18
cfi=(58)
cfn=(2659)
calls=4 1027 
* 1316415
cfi=(58)
cfn=(2658)
calls=2 1027 
* 376

fn=(2714)
405 65
+1 26
+3 16
+1 3
-1 32
+1 13
fi=(62)
-35 13
fe=(107)
+35 26
+4 3
+1 6
-6 20
+15 40
+3 38
+2 22
cfi=(2)
cfn=(2338)
calls=5 1889 
* 105
* 15
+1 10
+1 15
-2 1
+1 2
+1 13
cfi=(2)
cfn=(2338)
calls=5 1889 
* 105
* 15
+1 15
-1 1
+1 13
cfi=(2)
cfn=(2338)
calls=5 1889 
* 105
* 20
+1 10
-1 2
+1 2
+3 28
cfi=(2)
cfn=(2338)
calls=5 1889 
* 105
* 15
+1 10
-1 1
+1 2
+3 12
+1 15
cfi=(2)
cfn=(2338)
calls=2 1889 
* 42
* 10
+2 15
cfi=(2)
cfn=(2386) runtime.gcWriteBarrier1
calls=3 1886 
* 63
* 6
+2 6
+1 6
-1 6
+1 6
+1 6
+5 3
+2 3
-1 3
+1 3
+1 6
-3 3
+2 3
-1 3
+1 3
+1 11
+1 5
-1 5
cfi=(2)
cfn=(2338)
calls=5 1889 
* 105
* 5
+1 5
-1 5
+1 5
-1 1
+1 1
-36 18
+59 47
+1 14
-1 7
cfi=(2)
cfn=(2338)
calls=7 1889 
* 147
* 7
+1 7
-1 7
+1 7
+1 7
fi=(62)
360 14
fe=(107)
479 3
+1 3
+1 3
fi=(62)
360 20
cfi=(2)
cfn=(2386)
calls=7 1886 
* 147
* 14
+1 14
fe=(107)
482 14
fi=(62)
360 3
+1 6
fe=(107)
482 13
+1 7
-1 7
cfi=(2)
cfn=(2338)
calls=7 1889 
* 147
* 7
+1 7
-1 7
+2 7
+1 42
-3 3
+2 3
+1 18
-26 20
+8 12
+7 12
cfi=(2)
cfn=(2386)
calls=2 1886 
* 42
* 4
+2 4
-2 2
+2 4

fn=(2680)
304 50
+1 50
cfi=(2)
cfn=(2338)
calls=10 1889 
* 210
* 40
+1 10
fi=(62)
+54 40
cfi=(2)
cfn=(2338)
calls=10 1889 
* 210
* 30
+1 20
fe=(107)
-52 40
+1 10
+1 20
-2 10
cfi=(2)
cfn=(2408)
calls=10 1895 
* 210
* 20
+1 10
+1 10
-2 10
+1 10
+2 10
+3 30
+1 30
+1 6
fi=(62)
+58 6
fe=(107)
-58 12
-1 6
+3 6
+30 18
+3 15
cfi=(2)
cfn=(2338)
calls=3 1889 
* 63
* 12
-2 15
cfi=(2)
cfn=(2338)
calls=3 1889 
* 63
* 9
+4 18
+1 6
-1 6
cfi=(2)
cfn=(2690)
calls=6 1892 
* 126
* 12
+1 6
-1 6
+1 6
+1 18
+1 12
+3 18
fi=(25) /usr/local/go/src/runtime/rand.go
228 4
+7 8
+1 8
fe=(107)
+80 4
fi=(25)
-80 4
-8 4
+8 4
+1 4
fe=(107)
381 4
fi=(25)
235 4
fe=(107)
381 4
+1 12
+1 4
-1 4
cfi=(2)
cfn=(2408)
calls=4 1895 
* 84
* 8
+1 8
-67 8
+66 4
+1 4
+3 16
+10 12

fl=(32) /usr/local/go/src/runtime/mfixalloc.go
fn=(126) runtime.(*fixalloc).init
56 75
+1 30
+3 15
+2 45
-5 15
+11 15
-11 15
+11 45
-5 45
+1 15
+1 15
+2 15
+1 15
+1 15
+1 45
+1 15
+1 45

fn=(172) runtime.(*fixalloc).alloc
74 5195
+1 3117
+5 3117
+2 496
+1 496
+1 496
-4 212
+5 636
cfi=(54)
cfn=(304)
calls=212 -67 
* 4620
+2 1204
-12 791
+14 2373
+1 60
cfi=(30)
cfn=(132) runtime.persistentalloc
calls=12 2329 
* 2653
* 24
+1 24
+3 24
+1 36
-1 779
+1 2337
-1 636
+2 1908
cfi=(31) /usr/local/go/src/runtime/mheap.go
cfn=(320) runtime.recordspan
calls=636 544 
* 14847
+2 636
+3 636
-3 1272
+1 1272
+1 1272
+1 2544
-3 310
+1 310
+1 310
+1 620

fl=(70)
fn=(536) internal/runtime/syscall/linux.Open
46 15
+3 27
cfi=(41)
cfn=(154)
calls=3 -19 
* 32
+1 12

fn=(544)
58 18
+2 6
+5 27
cfi=(41)
cfn=(154)
calls=3 -35 
* 30
+1 12

fn=(3164) internal/runtime/syscall/linux.EpollWait
25 120
+2 40
+5 220
cfi=(41)
cfn=(154)
calls=20 -2 
* 200
+1 80

fl=(106) /usr/local/go/src/sync/runtime.go
fn=(1108) sync.init.1
53 5
+2 2
cfi=(107)
cfn=(1110)
calls=1 725 
* 10
+1 3

fl=(109) /usr/local/go/src/internal/sync/hashtriemap.go
fn=(1170) internal/sync.(*HashTrieMap[go.shape.interface {},go.shape.interface {}]).initSlow.deferwrap1
39 12
fi=(296) /usr/local/go/src/internal/sync/mutex.go
194 6
+1 2
fe=(109)
39 6

fn=(2126) internal/sync.(*HashTrieMap[go.shape.interface {},go.shape.interface {}]).LoadAndDelete
309 5
31 2
309 2
+1 1
fi=(110)
147 1
fe=(109)
31 2
+1 2
cfn=(1122) internal/sync.(*HashTrieMap[go.shape.interface {},go.shape.interface {}]).initSlow
calls=1 +5 
* 377
311 6
cfi=(61)
cfn=(1196) runtime.nilinterhash
calls=1 177 
* 65
* 1
+3 11
cfn=(2128) internal/sync.(*HashTrieMap[go.shape.interface {},go.shape.interface {}]).find
calls=1 426 
* 45
+1 2
+1 2
+3 6

fn=(2128)
426 5
+1 9
+2 1
fi=(110)
58 2
fe=(109)
432 3
+3 1
-2 1
-6 1
+8 3
+1 1
-1 4
fi=(110)
58 3
fe=(109)
435 2
+2 2
+3 7

fn=(1174) internal/sync.(*HashTrieMap[go.shape.interface {},go.shape.interface {}]).iter
498 10
+1 112
+1 32
fi=(110)
58 96
fe=(109)
501 64
-2 1
+5 2
+14 8
-3 1
fi=(110)
58 2
fe=(109)
505 1
-5 1
-1 1
+6 1
+7 1
-1 5
+1 8
cfi=(108) /usr/local/go/src/internal/godebug/godebug.go
cfn=(1222) internal/godebug.update.func2
calls=1 252 
* 139
* 3

fn=(1120) internal/sync.(*HashTrieMap[go.shape.interface {},go.shape.interface {}]).Range
493 10
+1 2
fi=(110)
147 2
fe=(109)
31 7
+1 2
cfn=(1122)
calls=1 +5 
* 22286
fi=(110)
+26 1
fe=(109)
495 4
cfn=(1174)
calls=1 +3 
* 327
+1 3

fn=(1194) internal/sync.(*HashTrieMap[go.shape.interface {},go.shape.interface {}]).Load
64 25
-33 10
+33 10
+1 5
fi=(110)
+82 5
fe=(109)
31 10
+35 25
cfi=(61)
cfn=(1196)
calls=5 177 
* 375
+2 5
fi=(110)
-10 20
fe=(109)
+12 15
+3 5
-2 10
+2 10
-3 5
+3 35
fi=(110)
-15 15
fe=(109)
+16 10
+3 2
+1 7
580 1
75 24
580 2
+1 3
-1 1
+1 2
cfi=(61)
cfn=(1538) runtime.efaceeq
calls=1 314 
* 59
* 2
+1 3
-2 1
78 1
580 1
78 5

fn=(1122)
37 12
fi=(296)
+26 2
fe=(109)
-26 2
+1 2
fi=(296)
+25 14
fe=(109)
-24 12
fi=(110)
147 2
fe=(109)
41 4
+8 6
cfi=(48)
cfn=(1124) internal/abi.TypeOf
calls=2 181 
* 8
fi=(48)
196 2
409 2
fe=(109)
49 2
fi=(110)
+12 6
fe=(109)
-11 2
550 6
cfi=(30)
cfn=(190)
calls=2 2156 
* 22504
cfi=(1) /usr/local/go/src/runtime/rt0_linux_amd64.s
cfn=(0) _rt0_amd64_linux
calls=1 2157 
* 530170
50 2
fi=(110)
+11 6
cfi=(63)
cfn=(1166) sync/atomic.StorePointer
calls=2 +24 
* 24
fe=(109)
-10 14
+1 10
+1 2
cfi=(25)
cfn=(426) runtime.rand
calls=2 160 
* 42
* 4
+2 2
fi=(110)
+95 4
fe=(109)
-94 8
cfn=(1170)
calls=2 -17 
* 26
* 6

fn=(1214) internal/sync.(*HashTrieMap[go.shape.interface {},go.shape.interface {}]).LoadOrStore
88 28
-57 16
+57 20
+1 4
fi=(110)
+58 4
fe=(109)
31 8
+59 8
cfi=(116) /usr/local/go/src/internal/abi/escape.go
cfn=(1216) internal/abi.NoEscape
calls=4 -69 
* 4
* 28
cfi=(61)
cfn=(1196)
calls=4 +87 
* 300
* 4
+5 12
+2 4
fi=(110)
-39 8
fe=(109)
+42 16
+3 4
-2 4
-70 4
+72 12
+1 4
-1 16
fi=(110)
-45 12
fe=(109)
+45 12
+2 8
580 4
108 4
+14 16
+5 4
fi=(296)
-64 24
fe=(109)
+65 4
fi=(110)
-70 4
fe=(109)
+71 8
fi=(110)
19 4
fe=(109)
129 16
+12 28
-12 4
+15 4
580 4
151 20
572 12
cfi=(30)
cfn=(190)
calls=4 2156 
* 983
+1 4
+1 20
+1 4
-1 8
+1 12
152 12
+2 4
fi=(110)
-93 12
cfi=(63)
cfn=(1166)
calls=4 +24 
* 48
fe=(109)
162 36
cfn=(1220) internal/sync.(*HashTrieMap[go.shape.interface {},go.shape.interface {}]).LoadOrStore.deferwrap1
calls=4 -21 
* 52
* 24

fn=(1220)
141 24
fi=(296)
+53 12
+1 4
fe=(109)
-54 12

fl=(112) /usr/local/go/src/internal/runtime/maps/map.go
fn=(1862) internal/runtime/maps.(*Map).growToTable
608 10
+7 4
-6 10
cfi=(146) /usr/local/go/src/internal/runtime/maps/table.go
cfn=(1412) internal/runtime/maps.newTable
calls=2 73 
* 2454
* 2
+3 4
-1 4
+4 54
fi=(113) /usr/local/go/src/internal/runtime/maps/group.go
285 16
133 32
fe=(112)
616 32
fi=(113)
290 48
fi=(214) /usr/local/go/src/internal/abi/map.go
60 16
fe=(112)
621 16
fi=(113)
292 32
fi=(214)
60 16
fe=(112)
622 16
-7 16
fi=(113)
297 32
+2 32
fi=(214)
63 16
fe=(112)
627 16
+4 16
-5 16
+5 96
cfi=(2)
cfn=(1184) runtime.strhash
calls=16 1297 
* 439
+2 96
cfi=(146)
cfn=(1866) internal/runtime/maps.(*table).uncheckedPutSlot
calls=16 382 
* 2608
+5 16
-23 16
+16 16
+2 16
+3 8
cfi=(60)
cfn=(448)
calls=2 102 
* 929
+2 4
+2 2
-2 6
+2 2
+1 2
+2 2
+1 2
+1 6

fn=(1258) runtime.makemap_small
332 1
+1 2
cfi=(25)
cfn=(1260) internal/runtime/maps.rand
calls=1 183 
* 28
* 2
fi=(123)
44 4
cfi=(216) /usr/local/go/src/testing/testing.go
cfn=(3000) testing.(*common).Helper
calls=1 1279 
* 1615964
fe=(112)

fn=(1274) internal/runtime/maps.(*Map).growToSmall
598 50
+8 10
fi=(113)
321 10
fe=(112)
599 10
fi=(113)
321 30
cfi=(30)
cfn=(1276) internal/runtime/maps.newarray
calls=10 2230 
* 6004
fe=(112)
600 50
+5 10
fi=(113)
147 20
fe=(112)
606 30

fn=(1410) internal/runtime/maps.NewMap
264 50
+1 50
+1 18
cfi=(30)
cfn=(190)
calls=9 2156 
* 3332
+3 27
cfi=(25)
cfn=(1260)
calls=9 -86 
* 252
* 2
cfi=(25)
cfn=(1260)
calls=1 -86 
* 28
* 20
+2 30
+22 40
-28 10
+28 50
+1 20
+4 20
fi=(113)
-22 10
fe=(112)
+23 10
fi=(113)
-23 40
fe=(112)
-7 10
fi=(113)
+7 30
fe=(112)
-7 10
+36 20
+1 10
+3 20
-4 10
+4 20
+1 50
-17 10
fi=(113)
-17 10
fe=(112)
+39 40
-59 20
+60 10
+2 40
cfi=(60)
cfn=(448)
calls=10 102 
* 2944
* 20
+2 10
+2 10
-2 10
+5 10
-5 70
+2 100
cfi=(146)
cfn=(1412)
calls=10 73 
* 14537
* 50
+3 70
+1 10
+2 40

fn=(3506) internal/runtime/maps.(*Map).Clear
735 5
+1 2
398 1
736 3
+1 3

fl=(147) /usr/local/go/src/runtime/asm.s
fn=(1430) runtime.mapinitnoop
14 1

fl=(242) /home/lemon/Desktop/Projects/Ollama_Analysis/ollama/fs/gguf/gguf_test.go
fn=(3682) github.com/ollama/ollama/fs/gguf_test.BenchmarkRead-range1
388 74800
+1 34000

fn=(2994) github.com/ollama/ollama/fs/gguf_test.BenchmarkRead
fi=(275)
69 1211
+1 173
+1 173
+1 692
+2 1038
+1 519
cfi=(104)
cfn=(3592)
calls=88 271 
* 6963746
cfi=(104)
cfn=(3668)
calls=85 271 
* 1251935
+34 6
+1 1
+1 4
cfi=(2)
cfn=(2386)
calls=1 1886 
* 21
* 1
-1 1
+1 1
+1 1
+1 1
+10 1
-9 2
+8 2
+1 2
-1 1
+1 2
-11 1
+10 1
fi=(13)
+30 1
+37 3
fi=(275)
-51 3
+3 2
+1 2
-20 1
+20 1
+8 1
-38 1
+44 1
+11 1
-25 1
+26 1
-45 1
fi=(40)
236 5
fi=(275)
-68 1
fi=(62)
292 1
fi=(275)
175 1
fi=(62)
292 1
+8 1
fi=(275)
192 1
fi=(62)
+53 1
fi=(275)
-52 2
-1 1
fi=(62)
+56 1
fi=(275)
-51 1
fi=(62)
+55 3
fi=(275)
-54 1
fi=(62)
+47 1
fi=(275)
-46 1
+9 2
fi=(62)
+37 1
fi=(13)
+6 1
fi=(275)
-36 1
fi=(62)
+33 1
fi=(275)
-26 1
fi=(62)
+44 1
-18 1
+44 1
fi=(275)
-69 1
fi=(62)
+77 1
-8 1
fi=(275)
-60 2
-90 1
+90 1
+4 1
fi=(62)
+9 1
fi=(40)
-9 6
fi=(275)
122 1
236 1
+8 1
fi=(13)
+7 1
fi=(275)
+8 1
-9 1
142 1
254 1
+5 3
cfi=(2)
cfn=(750) runtime.gogo.abi0
calls=1 436 
* 14
fi=(13)
152 1
+37 3
fi=(50)
88 1
fi=(13)
251 1
fi=(50)
89 1
+21 2
+3 1
-47 11
+48 1
cfi=(52)
cfn=(214)
calls=1 +36 
* 18
* 3
fi=(51)
+35 1
fi=(50)
+29 3
fi=(13)
-26 1
+37 3
fi=(50)
-10 1
fi=(13)
+72 1
fi=(50)
-71 1
+5 2
+1 5
+3 1
+1 1
+2 1
cfi=(49)
cfn=(352)
calls=1 1096 
* 7
+4 7
+2 3
fi=(51)
-48 1
fi=(40)
+44 1
fi=(51)
-43 5
+1 1
fi=(50)
-34 2
+1 1
fi=(13)
+33 1
+37 3
fi=(50)
-26 2
fi=(13)
+88 1
fi=(50)
-87 1
+7 2
cfn=(220)
calls=1 +80 
* 730
+1 2
fi=(13)
+79 3
fi=(50)
-79 1
fi=(141) /usr/local/go/src/runtime/mfinal.go
537 13
+1 2
-1 2
+1 1
cfi=(31)
cfn=(1392) runtime.addfinalizer
calls=1 2110 
* 878
* 2
+3 2
+3 3
cfi=(2)
cfn=(135)
calls=1 +22 
* 13743
fi=(51)
913 3
cfn=(210)
calls=1 * 
* 54
fi=(31)
+98 20
fi=(51)
459 2
fi=(40)
194 2
fi=(51)
+20 2
fi=(31)
1014 2
+3 4
cfn=(234) runtime.(*mheap).allocSpan
calls=2 1224 
* 1168
* 4
+1 6
cfi=(2)
cfn=(135)
calls=2 566 
* 72505
fi=(52)
398 2
cfn=(592) runtime.(*atomicHeadTailIndex).incTail
calls=1 * 
* 134281
fi=(260)
258 1491
cfn=(3544)
calls=213 * 
* 19794538
fe=(242)
373 7
+1 1
fi=(222)
193 1
fe=(242)
376 3
cfn=(2996) github.com/ollama/ollama/fs/gguf_test.createBinFile
calls=1 20 
* 17894
* 2
+1 1
+12 176
+2 176
fi=(269)
+31 176
cfn=(3694) github.com/ollama/ollama/fs/gguf.(*File).close
calls=176 +3 
* 173052
fe=(242)
-31 352
fi=(269)
57 352
fe=(242)
377 176
fi=(222)
515 704
fe=(242)
377 1
fi=(222)
515 4
+1 350
fe=(242)
377 175
fi=(222)
519 4
cfn=(3502) testing.(*B).loopSlowPath
calls=2 414 
* 62789
* 4
fe=(242)
377 2
fi=(269)
57 4
cfn=(3510)
calls=1 +3 
* 21110
* 350
cfn=(3510)
calls=175 +3 
* 4045822
fe=(242)
378 519
+1 346
+4 692
cfi=(269)
cfn=(3570)
calls=173 +55 
* 1711012
cfi=(269)
cfn=(3570)
calls=1 +68 
* 451833056
* 142
fi=(277) /home/lemon/Desktop/Projects/Ollama_Analysis/ollama/fs/gguf/keyvalue.go
116 142
cfi=(30)
cfn=(190)
calls=71 2156 
* 11001
* 568
cfn=(3616) github.com/ollama/ollama/fs/gguf.value[go.shape.string]
calls=71 -90 
* 15620
fe=(242)
383 568
+5 142
cfi=(30)
cfn=(190)
calls=71 2156 
* 7148
* 284
cfi=(30)
cfn=(190)
calls=71 2156 
* 19417
* 423
cfi=(2)
cfn=(2386)
calls=3 1886 
* 63
* 18
cfi=(269)
cfn=(3642) github.com/ollama/ollama/fs/gguf.(*File).TensorInfos
calls=3 488 
* 288
* 272
cfi=(269)
cfn=(3642)
calls=68 488 
* 1373987
* 1056
cfi=(274)
cfn=(3665)
calls=23 62 
* 3531039
cfi=(274)
cfn=(3664)
calls=153 62 
* 2262680
+1 704
+4 3
cfi=(222)
cfn=(2226) testing.(*B).runN
calls=1 220 
* 93641

fn=(2995) github.com/ollama/ollama/fs/gguf_test.BenchmarkRead'2
fi=(275)
109 18
+1 3
+1 12
cfi=(2)
cfn=(2386)
calls=3 1886 
* 63
* 3
-1 3
+1 3
+1 3
+1 3
+10 3
-9 6
+8 6
+1 6
-1 3
+1 6
-11 3
+10 3
fi=(13)
+30 3
+37 9
fi=(275)
-51 9
+3 6
+1 6
-20 3
+20 3
+8 3
-38 3
+44 3
+11 3
-25 3
+26 3
-45 3
fi=(40)
236 15
fi=(275)
-68 3
fi=(62)
292 3
fi=(275)
175 3
fi=(62)
292 3
+8 3
fi=(275)
192 3
fi=(62)
+53 3
fi=(275)
-52 6
-1 3
fi=(62)
+56 3
fi=(275)
-51 3
fi=(62)
+55 9
fi=(275)
-54 3
fi=(62)
+47 3
fi=(275)
-46 3
+9 6
fi=(62)
+37 3
fi=(13)
+6 3
fi=(275)
-36 3
fi=(62)
+33 3
fi=(275)
-26 3
fi=(62)
+44 3
-18 3
+44 3
fi=(275)
-69 3
fi=(62)
+77 3
-8 3
fi=(275)
-60 6
-90 3
+90 3
+4 3
fi=(62)
+9 3
fi=(40)
-9 18
fi=(275)
122 3
236 3
+8 3
fi=(13)
+7 3
fi=(275)
+8 3
-9 3
142 3
254 3
+5 9
cfi=(2)
cfn=(750)
calls=3 436 
* 42
fe=(242)
389 24
+2 24
fi=(269)
+31 24
cfn=(3694)
calls=24 +3 
* 23592
fe=(242)
-31 48
fi=(269)
57 48
fe=(242)
377 24
fi=(222)
515 96
+1 48
fe=(242)
377 24
fi=(269)
57 48
cfn=(3510)
calls=24 +3 
* 517647
fe=(242)
378 81
+1 54
+4 108
cfi=(269)
cfn=(3570)
calls=27 +55 
* 26874
* 258
fi=(277)
116 258
cfi=(30)
cfn=(190)
calls=129 2156 
* 20839
* 1032
cfn=(3616)
calls=129 -90 
* 28380
fe=(242)
383 1032
+5 258
cfi=(30)
cfn=(190)
calls=129 2156 
* 12141
* 516
cfi=(30)
cfn=(190)
calls=129 2156 
* 35322
* 768
cfi=(2)
cfn=(2386)
calls=6 1886 
* 126
* 36
cfi=(269)
cfn=(3642)
calls=6 488 
* 1428
* 492
cfi=(269)
cfn=(3642)
calls=123 488 
* 23247
* 144
cfi=(274)
cfn=(3665)
calls=24 62 
* 4968
+1 96

fn=(3470) github.com/ollama/ollama/fs/gguf_test.createBinFile.deferwrap1
26 6
fi=(248) /usr/local/go/src/os/file_posix.go
-6 2
+3 2
cfi=(138) /usr/local/go/src/os/file_unix.go
cfn=(3474) os.(*file).close
calls=1 307 
* 923
fe=(242)
+3 3

fn=(2996)
20 7
+3 2
-3 2
+1 3
cfi=(4)
cfn=(2998) testing.(*B).Helper
calls=1 -21 
* 17880
+1 4
cfi=(4)
cfn=(3008) testing.(*B).TempDir
calls=1 -22 
* 108367
* 3
cfi=(246) /usr/local/go/src/os/tempfile.go
cfn=(3170) os.CreateTemp
calls=1 +13 
* 5935
* 2
+1 2
+3 6
+2 8
cfi=(123)
cfn=(1408)
calls=1 +34 
* 2155
* 6
cfi=(19)
cfn=(1182)
calls=1 263 
* 160
* 11
cfi=(19)
cfn=(1182)
calls=1 263 
* 160
* 11
cfi=(19)
cfn=(1182)
calls=1 263 
* 160
* 11
cfi=(19)
cfn=(1182)
calls=1 263 
* 160
* 11
cfi=(19)
cfn=(1182)
calls=1 263 
* 160
* 11
cfi=(19)
cfn=(1182)
calls=1 263 
* 160
* 11
cfi=(19)
cfn=(1182)
calls=1 263 
* 160
* 11
cfi=(19)
cfn=(1182)
calls=1 263 
* 160
* 11
cfi=(19)
cfn=(1182)
calls=1 263 
* 160
* 11
cfi=(19)
cfn=(1182)
calls=1 263 
* 180
* 11
cfi=(19)
cfn=(1182)
calls=1 263 
* 160
* 6
+12 2
cfi=(30)
cfn=(191)
calls=1 2156 
* 157
* 6
cfi=(64)
cfn=(1964) runtime.convTslice
calls=1 438 
* 826
* 1
-12 5
cfi=(19)
cfn=(1182)
calls=1 263 
* 160
* 7
+13 2
cfi=(30)
cfn=(191)
calls=1 2156 
* 270
* 9
cfi=(64)
cfn=(1964)
calls=1 438 
* 283
* 1
-13 5
cfi=(19)
cfn=(1182)
calls=1 263 
* 190
* 7
+14 2
cfi=(30)
cfn=(191)
calls=1 2156 
* 155
* 4
cfi=(64)
cfn=(1964)
calls=1 438 
* 283
* 1
-14 5
cfi=(19)
cfn=(1182)
calls=1 263 
* 190
* 7
+22 4
cfi=(60)
cfn=(448)
calls=1 +52 
* 719
* 1
fi=(256) /usr/local/go/src/bytes/buffer.go
490 2
cfi=(30)
cfn=(191)
calls=1 2156 
* 274
* 8
fe=(242)
56 4
cfi=(60)
cfn=(448)
calls=1 +46 
* 177
* 1
fi=(256)
490 2
cfi=(30)
cfn=(191)
calls=1 2156 
* 274
* 8
fe=(242)
45 2
+1 2
cfi=(30)
cfn=(191)
calls=1 2156 
* 823
* 1
+1 3
+1 1
+1 3
cfi=(30)
cfn=(191)
calls=1 2156 
* 187
* 7
+1 1
-1 2
+1 3
-4 1
+6 2
cfi=(30)
cfn=(191)
calls=1 2156 
* 280
* 1
+1 3
+1 1
+1 2
cfi=(30)
cfn=(191)
calls=1 2156 
* 187
* 7
+1 1
-1 2
+1 3
-4 5
-7 1
+15 1
+1 32
-1 106
fi=(219) /usr/local/go/src/strconv/number.go
215 8
fi=(220)
51 16
cfn=(1878)
calls=8 -23 
* 168
* 16
fe=(242)
+14 40
cfi=(60)
cfn=(448)
calls=8 +37 
* 1416
* 8
fi=(256)
490 16
cfi=(30)
cfn=(191)
calls=8 2156 
* 2287
* 64
fi=(219)
215 8
fi=(220)
51 24
cfn=(1878)
calls=8 -23 
* 168
* 16
fe=(242)
+19 32
cfi=(60)
cfn=(448)
calls=8 +32 
* 1416
* 8
fi=(256)
490 24
cfi=(30)
cfn=(191)
calls=8 2156 
* 2192
* 64
fi=(219)
215 8
fi=(220)
51 24
cfn=(1878)
calls=8 -23 
* 168
* 16
fe=(242)
+24 32
cfi=(60)
cfn=(448)
calls=8 +27 
* 1416
* 8
fi=(256)
490 16
cfi=(30)
cfn=(191)
calls=8 2156 
* 2230
* 72
fi=(219)
215 8
fi=(220)
51 24
cfn=(1878)
calls=8 -23 
* 168
* 16
fe=(242)
+29 32
cfi=(60)
cfn=(448)
calls=8 +22 
* 1416
* 8
fi=(256)
490 16
cfi=(30)
cfn=(191)
calls=8 2156 
* 2211
* 64
fe=(242)
61 16
cfi=(30)
cfn=(191)
calls=8 2156 
* 2259
* 8
+1 64
cfi=(16)
cfn=(2040) runtime.concatstring3
calls=8 +7 
* 3616
* 48
+1 8
+1 16
cfi=(30)
cfn=(191)
calls=8 2156 
* 1496
* 56
+1 16
-1 16
+1 24
+1 16
cfi=(30)
cfn=(191)
calls=8 2156 
* 2240
* 8
+1 64
cfi=(16)
cfn=(2040)
calls=8 +2 
* 3616
* 40
+1 8
+1 16
cfi=(30)
cfn=(191)
calls=8 2156 
* 1496
* 56
+1 8
-1 16
+1 24
+1 16
cfi=(30)
cfn=(191)
calls=8 2156 
* 2278
* 8
+1 64
cfi=(16)
cfn=(2040)
calls=8 -3 
* 3616
* 40
+1 8
+1 24
cfi=(30)
cfn=(191)
calls=8 2156 
* 1496
* 56
+1 8
-1 16
+1 24
+1 24
cfi=(30)
cfn=(191)
calls=8 2156 
* 2259
* 8
+1 64
cfi=(16)
cfn=(2040)
calls=8 -8 
* 3632
* 40
+1 8
+1 16
cfi=(30)
cfn=(191)
calls=8 2156 
* 1589
* 56
+1 8
-1 16
+1 24
-19 84
cfi=(60)
cfn=(378)
calls=4 178 
* 4782
* 68
+23 6
cfi=(257) /home/lemon/Desktop/Projects/Ollama_Analysis/ollama/internal/testutil/gguf/gguf.go
cfn=(3224) github.com/ollama/ollama/internal/testutil/gguf.Write
calls=1 -37 
* 1435498

fn=(2997) github.com/ollama/ollama/fs/gguf_test.createBinFile'2
84 2
fi=(142) /usr/local/go/src/os/file.go
-21 4
fe=(242)
+25 6
cfn=(3470)
calls=1 -62 
* 936
* 5
cfn=(2994)
calls=1 376 
* 76664

fl=(9)
fn=(3610) github.com/ollama/ollama/fs/gguf.(*File).readKeyValue-fm
cfi=(269)
cfn=(3600) github.com/ollama/ollama/fs/gguf.(*File).readKeyValue
calls=4 228 
1 503397658
1 600
cfi=(274)
cfn=(3597)
calls=56 +38 
* 12786677
cfi=(274)
cfn=(3596)
calls=140 +38 
* 4309420

fn=(3678) github.com/ollama/ollama/fs/gguf.(*File).readTensor-fm
1 5400
cfi=(274)
cfn=(3671) github.com/ollama/ollama/fs/gguf.newLazy[go.shape.struct { Name string; Offset uint64; Shape []uint64; Type github.com/ollama/ollama/fs/gguf.TensorType }].func1'2
calls=56 +37 
* 9420629
cfi=(274)
cfn=(3670)
calls=144 +37 
* 15087452

fl=(44)
fn=(162) runtime.(*scavengeIndex).init
1055 5
+1 1
fi=(34) /usr/local/go/src/runtime/mranges.go
180 1
+1 1
fi=(40)
74 2
fi=(34)
182 2
+3 3
-5 1
fi=(40)
-90 4
fi=(34)
+95 2
fe=(44)
1057 1
fi=(34)
181 1
fi=(40)
74 1
fi=(34)
182 2
+3 2
fi=(40)
-95 3
fi=(34)
+95 1
fe=(44)
1058 2
+1 1
+1 2
cfi=(43) /usr/local/go/src/runtime/mpagealloc_64bit.go
cfn=(166) runtime.(*scavengeIndex).sysInit
calls=1 245 
* 160
* 3

fn=(930) runtime.(*scavengerState).init
356 5
+1 2
+4 5
-4 1
+4 1
+2 2
cfi=(30)
cfn=(190)
calls=1 2156 
* 319
* 5
+4 1
fi=(86)
126 4
+1 3
fe=(44)
378 10
+11 2
+3 2
+1 4
+11 2
+1 4
+6 3
+1 4
+4 3
cfn=(928) runtime.bgscavenge
calls=1 652 
* 66942

fn=(308) runtime.(*scavChunkData).alloc
1316 610
+1 610
+4 244
+1 2
+1 2
+2 8
+1 4
-1 480
+1 240
-41 14
+43 7
-43 7
+45 366

fn=(2308) runtime.(*scavengerState).wake
436 40
+2 8
-1 8
fi=(14)
152 8
fi=(79)
24 8
cfi=(14)
cfn=(90)
calls=8 155 
* 168
fe=(44)
438 24
+2 7
fi=(40)
214 14
fe=(44)
443 7
+8 14
+1 7
fi=(12)
7835 7
+1 7
fi=(62)
248 7
fi=(12)
7837 7
fe=(44)
453 21
cfi=(12)
cfn=(2310) runtime.injectglist
calls=7 4045 
* 3098
fi=(79)
35 7
fe=(44)
455 7
fi=(14)
261 7
fi=(79)
35 7
cfi=(14)
cfn=(98)
calls=7 267 
* 440
fe=(44)
455 1
fi=(14)
261 1
fi=(79)
35 1
cfi=(14)
cfn=(98)
calls=1 267 
* 43
fe=(44)
456 24

fn=(2510) runtime.(*scavengerState).init.func2
393 15
+4 3
-3 3
fi=(22)
33 3
cfi=(3)
cfn=(94)
calls=3 223 
* 88
* 4
fe=(44)
395 5
cfn=(2514) runtime.(*pageAlloc).scavenge
calls=1 675 
* 43
* 2
+1 2
fi=(22)
33 2
cfi=(3)
cfn=(94)
calls=2 223 
* 64
* 3
fe=(44)
397 3
+3 1
fi=(40)
109 3
fe=(44)
401 4
fi=(3)
277 1
+1 1
+1 1
+6 1
+1 1
+1 1
+1 1
+3 1
+1 1
+1 1
+1 3
cfi=(22)
cfn=(2513) runtime.(*scavengerState).init.func2'2
calls=1 33 
* 31357
+2 1
+1 1
+1 1
fe=(44)

fn=(3714) runtime.(*piController).next
1377 4
+1 2
fi=(278) /usr/local/go/src/runtime/float.go
20 2
+10 2
-5 3
fe=(44)
1382 3
fi=(278)
20 1
fe=(44)
1382 2
+8 4
+2 4
+5 8
+1 10
fi=(278)
20 1
+10 2
-5 3
fe=(44)
1399 2
fi=(278)
20 1
fe=(44)
1399 2
+9 2

fn=(3116) runtime.(*pageAlloc).scavengeOne
732 25
+8 20
+14 5
-15 10
+10 15
+5 5
fi=(14)
152 5
fi=(79)
24 5
cfi=(14)
cfn=(91) runtime.lock2'2
calls=5 155 
* 105
fe=(44)
755 10
-15 15
+9 15
+1 10
+4 10
+1 15
-15 5
+15 10
fi=(33) /usr/local/go/src/runtime/mpagealloc.go
1058 10
+3 10
fe=(44)
755 10
fi=(33)
134 15
357 10
134 5
357 10
143 5
357 15
fe=(44)
758 15
cfn=(3120) runtime.(*pallocData).findScavengeCandidate
calls=5 894 
* 1300
* 5
+3 10
-3 10
+5 10
fi=(33)
118 10
fe=(44)
763 25
fi=(33)
357 30
fe=(44)
769 15
cfi=(53) /usr/local/go/src/runtime/mpallocbits.go
cfn=(300) runtime.(*pallocData).allocRange
calls=5 426 
* 311
+1 30
cfi=(33)
cfn=(290) runtime.(*pageAlloc).update
calls=5 492 
* 1155
+3 10
fi=(14)
261 5
fi=(79)
35 5
cfi=(14)
cfn=(98)
calls=5 267 
* 215
fe=(44)
775 20
+3 25
+4 15
+2 5
fi=(35) /usr/local/go/src/runtime/mem.go
69 10
fi=(40)
344 10
fi=(35)
70 15
cfi=(37) /usr/local/go/src/runtime/mem_linux.go
cfn=(3128) runtime.sysUnusedOS
calls=5 -28 
* 250
fe=(44)
783 15
cfi=(36) /usr/local/go/src/runtime/mstats.go
cfn=(142) runtime.(*sysMemStat).add
calls=5 659 
* 90
+1 15
cfi=(36)
cfn=(142)
calls=5 659 
* 90
+2 10
cfi=(36)
cfn=(254) runtime.(*consistentHeapStats).acquire
calls=5 -10 
* 125
+1 10
+1 10
+1 10
cfi=(36)
cfn=(258) runtime.(*consistentHeapStats).release
calls=5 +16 
* 80
+5 10
fi=(14)
152 5
fi=(79)
24 5
cfi=(14)
cfn=(91)
calls=5 155 
* 105
fi=(34)
148 25
fe=(44)
795 5
+10 20
fi=(33)
357 15
fe=(44)
798 10
fi=(53)
359 10
cfn=(302) runtime.(*pageBits).clearRange
calls=5 72 
* 124
fe=(44)
799 30
cfi=(33)
cfn=(290)
calls=5 492 
* 1155
fi=(33)
357 20
fe=(44)
802 30
cfi=(53)
cfn=(288) runtime.(*pageBits).setRange
calls=5 30 
* 97
+1 10
fi=(14)
261 5
fi=(79)
35 5
cfi=(14)
cfn=(98)
calls=5 267 
* 215
fe=(44)
805 20

fn=(274) runtime.(*scavengeIndex).grow
1066 15
fi=(33)
113 6
fe=(44)
1069 3
fi=(40)
359 3
fi=(33)
113 3
fe=(44)
1070 10
+1 1
fi=(40)
379 1
fe=(44)
1073 1
cfi=(43)
cfn=(276) runtime.(*scavengeIndex).sysGrow
calls=1 188 
* 399
* 2
cfi=(43)
cfn=(276)
calls=2 188 
* 266
* 9

fn=(952) runtime.(*scavengerState).park
419 10
+2 2
-1 2
fi=(14)
152 2
fi=(79)
24 2
cfi=(14)
cfn=(90)
calls=2 155 
* 42
fe=(44)
421 8
+3 2
+1 2
fi=(12)
+43 10
cfn=(870)
calls=2 -23 
* 136
fe=(44)
-42 18
cfn=(928)
calls=5 659 
* 666508
cfn=(928)
calls=1 656 
* 4597

fn=(953) runtime.(*scavengerState).park'2
419 25
+2 5
-1 5
fi=(14)
152 5
fi=(79)
24 5
cfi=(14)
cfn=(90)
calls=5 155 
* 105
fe=(44)
421 20
+3 5
+1 5
fi=(12)
+43 25
cfn=(870)
calls=3 -23 
* 190
cfn=(871)
calls=2 -23 
* 9113
fe=(44)

fn=(2504) runtime.(*scavengerState).run
576 35
+2 7
-1 7
fi=(14)
152 7
fi=(79)
24 7
cfi=(14)
cfn=(90)
calls=7 155 
* 797
fe=(44)
578 28
+3 7
fi=(79)
35 7
cfi=(14)
cfn=(98)
calls=7 267 
* 335
* 14
fi=(14)
261 7
fe=(44)
583 35
+2 28
cfn=(2508) runtime.(*scavengerState).init.func3
calls=7 405 
* 86
* 14
+17 15
cfn=(2510)
calls=3 393 
* 221
+10 4
+7 8
+2 6
+5 4
+8 8
-48 4
+48 12
+7 30
cfn=(929)
calls=1 +16 
* 443241
fi=(3)
277 1
+1 1
+1 1
+6 1
+1 1
+1 1
+1 1
+3 1
+1 1
+1 1
+1 3
cfi=(22)
cfn=(2512) runtime.(*scavengerState).init.func2
calls=1 33 
* 38463
+2 1
+1 1
+1 1
fe=(44)

fn=(2505) runtime.(*scavengerState).run'2
583 5
+29 2
+7 4
+2 3
+5 2
+4 2
+4 7
+7 5
cfn=(928)
calls=1 +16 
* 31313

fn=(928)
fi=(12)
482 7
+1 3
cfn=(944)
calls=1 1120 
* 117
+1 3
cfi=(2)
cfn=(134)
calls=1 +82 
* 66605
fe=(44)
649 5
+6 1
-5 2
cfn=(930)
calls=1 356 
* 335
+2 3
cfi=(96)
cfn=(934)
calls=1 160 
* 204
+4 14
cfn=(2504)
calls=7 -80 
* 1571
+1 12
+1 10
cfn=(953)
calls=5 419 
* 9508
+1 5
+2 1
fi=(40)
420 2
fe=(44)
662 2
cfn=(3132) runtime.(*scavengerState).sleep
calls=1 465 
* 72
* 1
fi=(12)
463 3
cfi=(107)
cfn=(2238)
calls=1 193 
* 660126
fi=(3)
277 2
+1 2
+1 2
+6 2
+1 2
+1 2
+1 2
+3 2
+1 2
+1 2
+1 6
cfi=(22)
cfn=(2512)
calls=1 33 
* 443417
cfi=(22)
cfn=(3134) runtime.(*scavengerState).sleep
calls=1 33 
* 31218
+2 2
+1 2
+1 2
fe=(44)

fn=(929)
653 2
cfn=(952)
calls=1 419 
* 95
+4 2
+1 2
cfn=(952)
calls=1 419 
* 123
fi=(12)
4253 10
fi=(13)
189 2
fi=(12)
4254 4
fi=(13)
152 2
+37 6
fi=(12)
4256 6
+6 4
+1 6
fi=(13)
251 2
fi=(12)
4267 2
+8 6
cfn=(660)
calls=2 1277 
* 113
fi=(13)
251 4
fi=(12)
4276 2
-33 4
fi=(62)
292 2
fi=(12)
4280 2
fi=(62)
300 2
-8 2
fi=(12)
4244 2
fi=(62)
248 2
+18 2
-18 2
fi=(12)
4282 8
+1 8
cfn=(956)
calls=2 -36 
* 112
+1 8
+1 2
-1 1
cfi=(2)
cfn=(2338)
calls=1 1889 
* 21
* 1
+1 1
-1 1
-1 1
+3 1
-2 1
-1 1
+3 1
-23 4
+23 2
+14 2
+4 2
cfn=(730)
calls=2 4135 
* 6170
fi=(3)
277 2
+1 2
+1 2
+6 2
+1 2
+1 2
+1 2
+3 2
+1 2
+1 2
+1 6
cfi=(22)
cfn=(2421)
calls=1 33 
* 438836
cfi=(22)
cfn=(2420) runtime.gcBgMarkWorker
calls=1 33 
* 64195
+2 2
+1 2
+1 2
fe=(44)

fn=(2758) runtime.gcPaceScavenger
175 36
+4 4
fi=(40)
309 8
fe=(44)
185 8
fi=(40)
316 12
fe=(44)
186 4
+11 8
+5 16
-5 4
+5 20
+1 4
-1 4
+1 44
+5 16
+3 20
+13 4
fi=(36)
651 8
fe=(44)
151 4
+78 11
+1 3
fi=(40)
+86 9
fe=(44)
-82 3
-2 1
fi=(40)
+84 2
fe=(44)
-82 4

fn=(2796) runtime.(*scavengeIndex).free
1147 3315
+1 5304
fi=(40)
309 663
fe=(44)
1201 663
fi=(40)
309 663
fe=(44)
1241 1989
+1 1326
+1 1989
-42 663
-53 2652
+1 3315
cfn=(2798) runtime.(*scavChunkData).free
calls=663 1333 
* 13278
+1 5967
+3 3315
fi=(33)
118 1326
fe=(44)
1153 663
+98 663
-1 663
+2 663
-1 663
fi=(40)
316 663
fe=(44)
1153 1326
+54 1326
fi=(40)
316 663
fi=(34)
148 2652
fe=(44)
1154 663
+1 140
fi=(34)
223 140
fi=(40)
74 140
fi=(34)
227 280
fe=(44)
1163 140
fi=(34)
225 140
fe=(44)
1162 280
fi=(34)
148 140
+77 140
-2 523
fi=(40)
74 523
fi=(34)
227 1046
fe=(44)
1163 523
fi=(34)
225 523
fe=(44)
1162 1046
fi=(34)
148 523
+77 523
-8 136
fe=(44)
1164 136
fi=(40)
81 136
fe=(44)
1166 1989

fn=(3132)
465 5
+2 2
-1 1
fi=(14)
152 1
fi=(79)
24 1
cfi=(14)
cfn=(91)
calls=1 155 
* 21
fe=(44)
467 4
+4 4
+15 1
+4 4
+3 2
+6 1
fi=(22)
33 1
cfi=(3)
cfn=(94)
calls=1 223 
* 24
fe=(44)
503 2
+1 1
fi=(12)
-36 5
cfn=(870)
calls=1 -23 
* 54
4253 5
fi=(13)
189 1
fi=(12)
4254 2
fi=(13)
152 1
+37 3
fi=(12)
4256 3
+6 2
+1 3
fi=(13)
251 1
fi=(12)
4267 1
+8 3
cfn=(660)
calls=1 1277 
* 47
fi=(13)
251 2
fi=(12)
4276 1
-33 2
fi=(62)
292 1
fi=(12)
4280 1
fi=(62)
300 1
-8 1
fi=(12)
4244 1
fi=(62)
248 1
+18 1
-18 1
fi=(12)
4282 4
+1 4
cfn=(956)
calls=1 -36 
* 56
+1 5
-1 1
+3 1
-23 2
+23 1
+14 1
+4 1
cfn=(730)
calls=1 4135 
* 16875
fi=(3)
277 1
+1 1
+1 1
+6 1
+1 1
+1 1
+1 1
+3 1
+1 1
+1 1
+1 3
cfi=(22)
cfn=(2421)
calls=1 33 
* 9846
+2 1
+1 1
+1 1
fe=(44)

fn=(3712) runtime.(*scavengerState).init.func4
413 2

fn=(2514)
675 20
+2 16
-1 4
+1 4
+1 1
+7 1
-8 1
+1 1
-1 10
+1 20
cfn=(2516) runtime.(*scavengeIndex).find
calls=5 1078 
* 283
* 5
+1 10
+3 26
cfi=(2)
cfn=(135)
calls=2 520 
* 56
* 2
+3 7
+4 12
-7 11
+1 2
cfn=(3116)
calls=1 +49 
* 1234
* 2
+1 3
cfi=(2)
cfn=(135)
calls=1 566 
* 35642

fn=(2515) runtime.(*pageAlloc).scavenge'2
678 4
+7 4
-8 4
+1 4
-1 8
+1 12
cfn=(2516)
calls=3 1078 
* 192
* 3
+1 6
+3 39
cfi=(2)
cfn=(135)
calls=3 520 
* 84
* 8
+3 28
+4 4
cfn=(2510)
calls=1 395 
* 31400
-7 33
+1 6
cfn=(3116)
calls=3 +49 
* 3748
* 6
+1 9
cfi=(2)
cfn=(135)
calls=3 566 
* 98500

fn=(2516)
1078 16
+1 16
+1 16
fi=(34)
223 8
fi=(40)
74 8
fi=(34)
225 16
+2 21
fe=(44)
1083 1
fi=(34)
229 2
fe=(44)
1084 2
fi=(34)
229 14
fe=(44)
1084 14
+6 7
+1 7
fi=(40)
359 7
fe=(44)
1092 7
fi=(33)
113 21
fe=(44)
1094 7
-8 4
+8 30
+2 36
fi=(40)
309 9
fe=(44)
1201 9
fi=(40)
309 9
fe=(44)
1243 18
-42 9
+79 9
+16 9
1080 5
1300 5
-58 15
+62 10
+4 10
-67 10
+67 15
1096 10
+4 10
fi=(33)
124 10
fe=(44)
1101 25
+19 2
fi=(34)
181 2
fi=(40)
74 2
fi=(34)
182 4
fe=(44)
1121 8

fn=(2798)
1333 3315
+1 1989
+4 1326
+1 9
+1 9
+2 27
-52 18
+55 9
-55 9
+56 27
-4 1962
-52 1308
+55 654
-55 654
+56 1962

fn=(3120)
894 25
+1 35
+3 15
+9 10
fi=(42)
375 20
fe=(44)
910 5
fi=(42)
375 5
fe=(44)
917 5
-4 5
-18 5
+18 10
+2 45
+2 20
+37 20
-37 20
-2 75
+2 200
cfn=(3124) runtime.fillAligned
calls=25 -94 
* 300
+1 50
-3 10
+15 5
+24 5
-24 10
-8 5
+8 45
cfn=(3124)
calls=5 823 
* 60
+1 10
+1 15
fi=(241) /usr/local/go/src/internal/runtime/sys/intrinsics.go
153 30
fe=(44)
933 5
-3 5
+3 10
-1 20
+1 25
fi=(241)
153 20
fe=(44)
954 5
-18 5
+26 5
-8 10
+1 20
+7 5
-8 10
+8 10
+7 5
fi=(42)
375 20
fe=(44)
970 10
+4 10
+4 5
-4 5
+14 25

fn=(306) runtime.(*scavengeIndex).alloc
1132 610
+1 732
fi=(40)
309 122
fe=(44)
1201 122
fi=(40)
309 122
fe=(44)
1241 366
+1 244
+1 366
-42 122
-68 488
+1 610
cfn=(308)
calls=122 1316 
* 2594
+6 1098
1251 122
-1 122
+2 122
-1 122
fi=(40)
316 122
fe=(44)
1207 244
fi=(40)
316 122
fe=(44)
1141 366

fn=(2508)
405 7
fi=(36)
651 14
fe=(44)
151 7
fi=(40)
309 7
fe=(44)
+98 14
fi=(40)
-98 8
fe=(44)
+99 15
-1 14

fn=(2764) runtime.(*scavengeIndex).nextGen
1174 4
fi=(34)
223 4
fi=(40)
74 4
fi=(34)
227 8
-79 8
fe=(44)
1176 4
fi=(34)
225 4
fe=(44)
1175 4
fi=(34)
148 4
+77 4
-8 2
fe=(44)
1177 2
fi=(40)
81 2
fe=(44)
1179 4
+1 2
-1 4
+1 2

fn=(3124)
823 150
+21 30
+5 30
-4 60
+1 90

fl=(74) /usr/local/go/src/internal/bytealg/count_amd64.s
fn=(1962) internal/bytealg.CountString.abi0
23 39
+1 39
+3 39
+1 39
+1 39
+1 39
+1 39
cfn=(566) countbody
calls=39 +11 
* 1401

fn=(564) internal/bytealg.Count.abi0
11 1
+1 1
+3 1
+1 1
+1 1
+1 1
+1 1
cfn=(566)
calls=1 +23 
* 22

fn=(566)
42 40
+1 40
+1 40
+1 40
+2 40
+1 40
+2 25
+2 25
+2 25
+1 25
+2 25
+1 25
+5 46
+2 46
+2 46
+2 46
+2 46
+2 46
+2 46
+1 46
-1 25
+1 25
+3 25
+1 25
+4 25
+1 25
+1 25
+1 25
+1 25
+4 25
+1 25
+1 25
+2 25
+1 25
+1 25
+2 25
+1 25
+4 15
+1 15
+3 15
+1 15
+1 15
+4 15
+1 15
+1 15
+1 15
+3 15
+2 15
+2 15
+2 15
+1 15
+3 15
+1 15

fl=(77)
fn=(2468) runtime.lfnodeValidate
71 320
+1 448
cfi=(49)
cfn=(1378) runtime.findObject
calls=64 1361 
* 2240
* 128
+3 64
+4 192
cfi=(235) /usr/local/go/src/runtime/tagptr_64bit.go
cfn=(2258) runtime.taggedPointerPack
calls=64 -16 
* 1792
-3 256

fn=(2256) runtime.(*lfstack).push
24 1795
+3 718
-2 1077
+54 359
-53 359
+53 1077
cfi=(235)
cfn=(2258)
calls=359 -16 
* 10052
-52 1436
+1 359
+1 359
+50 359
-49 1795
+4 1077

fn=(598) runtime.(*lfstack).pop
42 534
+1 534
+1 1068
fi=(235)
+33 849
fe=(77)
-30 283
+36 283
-35 283
-6 283
+7 1415
+1 566
-5 502

fl=(187) /usr/local/go/src/go/parser/parser.go
fn=(1598) go/parser.map.init.0
430 9
cfi=(123)
cfn=(1408)
calls=1 62 
* 2314
* 1
+1 4
cfi=(188) /usr/local/go/src/internal/runtime/maps/runtime_fast64.go
cfn=(1600) runtime.mapassign_fast64
calls=1 196 
* 120
* 1
+1 4
cfi=(188)
cfn=(1600)
calls=1 196 
* 120
* 1
+1 4
cfi=(188)
cfn=(1600)
calls=1 196 
* 120
* 1
+1 4
cfi=(188)
cfn=(1600)
calls=1 196 
* 120
* 1
+1 5
cfi=(188)
cfn=(1600)
calls=1 196 
* 120
* 1
+1 4
cfi=(188)
cfn=(1600)
calls=1 196 
* 120
* 1
+1 4
cfi=(188)
cfn=(1600)
calls=1 196 
* 120
* 1
+1 4
cfi=(188)
cfn=(1600)
calls=1 196 
* 120
* 1
+1 4
cfi=(188)
cfn=(1600)
calls=1 196 
* 120
* 1
+1 5
cfi=(188)
cfn=(1600)
calls=1 196 
* 120
* 1
+1 4
cfi=(188)
cfn=(1600)
calls=1 196 
* 120
* 1
+1 4
cfi=(188)
cfn=(1600)
calls=1 196 
* 120
* 1
+1 4
cfi=(188)
cfn=(1600)
calls=1 196 
* 120
* 1
+1 4
cfi=(188)
cfn=(1600)
calls=1 196 
* 120
* 1
-14 5
+14 3

fl=(269)
fn=(3570)
438 2800
fi=(18) /usr/local/go/src/internal/stringslite/strings.go
17 2800
fi=(162) /usr/local/go/src/strings/strings.go
521 400
fe=(269)
-82 400
+4 3200
fi=(264) /usr/local/go/src/slices/slices.go
108 9600
+1 11200
fe=(269)
444 13400
fi=(264)
108 200
fe=(269)
444 600
cfi=(20)
cfn=(80)
calls=200 14 
* 4200
* 400
fi=(264)
108 200
+1 200
-1 200
+1 200
fe=(269)
449 200
fi=(264)
109 6000
fe=(269)
445 800
+4 1600
cfi=(104)
cfn=(3577)
calls=109 306 
* 2725
cfi=(104)
cfn=(3576)
calls=291 306 
* 1731389
cfi=(104)
cfn=(3576)
calls=1 329 
* 451832998
* 1200
+1 600
-1 800
+1 800
cfi=(20)
cfn=(80)
calls=200 14 
* 7000
* 400
+1 1400
cfi=(242)
cfn=(2995)
calls=129 -68 
* 126133
cfi=(242)
cfn=(2994)
calls=36 -68 
* 35313
+4 1400

fn=(3604) github.com/ollama/ollama/fs/gguf.checkedLength
403 75600
+1 54000
+3 21600
+3 54000

fn=(3568) github.com/ollama/ollama/fs/gguf.open.func1
66 1400
+1 400
+5 800

fn=(3608) github.com/ollama/ollama/fs/gguf.(*File).readKeyValue.func1
192 4500
+1 4500
+10 295
+32 2360
cfi=(260)
cfn=(3545)
calls=7 +23 
* 2569
cfi=(260)
cfn=(3544)
calls=288 +23 
* 105888
* 590
-32 885
cfi=(64)
cfn=(3096) runtime.convT32
calls=295 378 
* 4425
* 2065
+8 127
+24 1143
cfi=(260)
cfn=(3545)
calls=3 +23 
* 1101
cfi=(260)
cfn=(3544)
calls=124 +23 
* 45604
* 254
-24 508
cfi=(64)
cfn=(3096)
calls=127 378 
* 18084
* 889
+6 597
cfn=(3603) github.com/ollama/ollama/fs/gguf.readString'2
calls=5 +22 
* 4423
cfn=(3602) github.com/ollama/ollama/fs/gguf.readString
calls=194 +22 
* 14542167
* 438
cfi=(64)
cfn=(1212) runtime.convTstring
calls=146 419 
* 43113
* 1022
cfn=(3600)
calls=137 +7 
* 4267241
+2 258
cfn=(3646) github.com/ollama/ollama/fs/gguf.readArray
calls=129 +53 
* 352722
* 387

fn=(3609) github.com/ollama/ollama/fs/gguf.(*File).readKeyValue.func1'2
192 12300
+1 12300
+10 1105
+32 8840
cfi=(260)
cfn=(3545)
calls=1105 +23 
* 406879
* 2210
-32 3315
cfi=(64)
cfn=(3096)
calls=1105 378 
* 16575
* 7735
+8 473
+24 4257
cfi=(260)
cfn=(3545)
calls=473 +23 
* 174167
* 946
-24 1892
cfi=(64)
cfn=(3096)
calls=473 378 
* 69680
* 3311
+6 3
cfn=(3603)
calls=1 +22 
* 19788
* 162
cfi=(64)
cfn=(1212)
calls=54 419 
* 15405
* 378
cfn=(3601) github.com/ollama/ollama/fs/gguf.(*File).readKeyValue'2
calls=54 +7 
* 11914098
+2 942
cfn=(3646)
calls=471 +53 
* 1254094
* 1413

fn=(3648) github.com/ollama/ollama/fs/gguf.readArrayData[go.shape.int32]
317 1000
+2 400
-1 1000
cfn=(3604)
calls=200 +85 
* 3800
* 200
+1 400
-1 200
+4 1000
+12 2000
cfi=(60)
cfn=(449)
calls=1 102 
* 167
cfi=(60)
cfn=(448)
calls=199 102 
* 45407
* 200
+1 400
-1 200
+7 600
-6 7200
+1 1800
235 4800
cfi=(260)
cfn=(3545)
calls=474 +23 
* 186751
cfi=(260)
cfn=(3544)
calls=126 +23 
* 49286
336 600
+1 1200
+4 4800
+3 400
cfi=(64)
cfn=(1964)
calls=200 +94 
* 63726
* 1800

fn=(3650) github.com/ollama/ollama/fs/gguf.readArrayData[go.shape.float32]
317 1000
+2 400
-1 1000
cfn=(3604)
calls=200 +85 
* 3800
* 200
+1 400
-1 200
+4 1000
+12 2000
cfi=(60)
cfn=(449)
calls=1 102 
* 165
cfi=(60)
cfn=(448)
calls=199 102 
* 35730
* 200
+1 400
-1 200
+7 400
-6 5000
+1 1200
235 3200
cfi=(260)
cfn=(3545)
calls=316 +23 
* 116356
cfi=(260)
cfn=(3544)
calls=84 +23 
* 30924
336 400
+1 800
+4 2800
+3 400
cfi=(64)
cfn=(1964)
calls=200 +94 
* 56254
* 1800

fn=(3694)
425 1000
+1 800
+1 600
cfi=(104)
cfn=(3696)
calls=200 -96 
* 3800
+2 800
+1 600
cfi=(104)
cfn=(3698)
calls=200 -99 
* 3800
+2 800
fi=(248)
23 400
cfi=(138)
cfn=(3474)
calls=200 307 
* 183453
fe=(269)
435 600
cfi=(242)
cfn=(2994)
calls=3 -44 
* 93400

fn=(3602)
239 15981
+2 2283
-2 6849
+1 2283
-5 15981
cfi=(260)
cfn=(3544)
calls=2283 +23 
* 17164809
+6 4458
-1 2229
+5 8916
cfn=(3604)
calls=2229 403 
* 42351
+1 4458
-1 2229
+5 6687
+4 4458
+3 15603
+1 2229
fi=(263) /usr/local/go/src/io/io.go
+96 8916
cfn=(3358) io.ReadAtLeast
calls=2228 -25 
* 344399
cfn=(3359) io.ReadAtLeast'2
calls=1 -25 
* 155
fe=(269)
-96 4458
+3 24519
+1 6687
+7 8916
cfi=(16)
cfn=(1898)
calls=2229 139 
* 922200
cfi=(16)
cfn=(1898)
calls=4 -96 
* 503391074
* 15603
cfn=(3606) github.com/ollama/ollama/fs/gguf.readString.deferwrap1
calls=2229 -8 
* 70309
* 15603
cfn=(3600)
calls=3 -87 
* 49415
cfn=(3608)
calls=137 -52 
* 4308013
cfn=(3674) github.com/ollama/ollama/fs/gguf.(*File).readTensor
calls=144 139 
* 15443571

fn=(3603)
239 55419
+2 7917
-2 23751
+1 7917
-5 55419
cfi=(260)
cfn=(3544)
calls=34 +23 
* 306967
cfi=(260)
cfn=(3545)
calls=7883 +23 
* 13101908
+6 15942
-1 7971
+5 31884
cfn=(3604)
calls=7971 403 
* 151449
+1 15942
-1 7971
+5 23913
+4 15942
+3 55797
+1 7971
fi=(263)
+96 31884
cfn=(3358)
calls=7971 -25 
* 1234246
fe=(269)
-96 15942
+3 87681
+1 23913
+7 31884
cfi=(16)
cfn=(1899) runtime.slicebytetostring'2
calls=67 139 
* 26227
cfi=(16)
cfn=(1898)
calls=7904 139 
* 1724062
* 55797
cfn=(3606)
calls=7971 -8 
* 253491
* 55797
cfn=(3609)
calls=54 -52 
* 11930043
cfn=(3675) github.com/ollama/ollama/fs/gguf.(*File).readTensor'2
calls=56 139 
* 9559478
cfn=(3601)
calls=2 -87 
* 877414

fn=(3646)
272 3000
+2 600
-1 600
-38 4800
cfi=(260)
cfn=(3545)
calls=474 +23 
* 174534
cfi=(260)
cfn=(3544)
calls=126 +23 
* 46386
+38 600
+1 1200
-1 600
+5 600
-43 4800
cfi=(260)
cfn=(3545)
calls=474 +23 
* 186368
cfi=(260)
cfn=(3544)
calls=126 +23 
* 49917
+44 1200
+4 1800
-5 600
+5 1200
+12 600
cfn=(3648)
calls=200 +22 
* 379337
* 600
+6 600
cfn=(3650)
calls=200 +16 
* 266229
* 600
+6 600
cfn=(3652) github.com/ollama/ollama/fs/gguf.readArrayString
calls=200 +40 
* 478845
* 600

fn=(3606)
261 112200
cfi=(54)
cfn=(304)
calls=10200 18 
* 181000
* 30600

fn=(3642)
488 1000
fi=(274)
88 200
fe=(269)
490 400
fi=(274)
88 200
+1 1820
cfi=(104)
cfn=(3576)
calls=455 306 
* 1261683
* 600
cfi=(104)
cfn=(3576)
calls=35 306 
* 92612
cfi=(104)
cfn=(3577)
calls=165 306 
* 29220
* 490
+2 490
fe=(269)
491 105
fi=(274)
62 70
cfi=(30)
cfn=(190)
calls=35 2156 
* 9640
* 315
fe=(269)
491 105

fn=(3688) github.com/ollama/ollama/fs/gguf.(*File).alignment
120 1200
+1 600
cfn=(3570)
calls=200 438 
* 58800
fi=(277)
14 400
fe=(269)
123 1200

fn=(3510)
fi=(141)
537 13
+1 2
-1 2
+1 1
cfi=(31)
cfn=(1392)
calls=1 2110 
* 891
* 2
+3 2
+3 3
cfi=(2)
cfn=(135)
calls=1 +22 
* 13669
fi=(31)
1011 30
fi=(51)
459 3
fi=(40)
194 3
fi=(51)
+20 3
fi=(31)
1014 3
+3 6
cfn=(234)
calls=3 1224 
* 1847
* 6
+1 9
cfi=(2)
cfn=(135)
calls=3 566 
* 80574
fe=(269)
60 1396
+3 597
-3 597
+1 796
cfi=(60)
cfn=(448)
calls=199 +41 
* 283440
* 597
cfi=(30)
cfn=(190)
calls=198 2156 
* 57220
cfi=(30)
cfn=(191)
calls=1 2156 
* 819
* 1184
cfi=(2)
cfn=(2386)
calls=10 1886 
* 210
* 60
fi=(142)
390 50
cfn=(3172) os.OpenFile
calls=10 +20 
* 73794
fe=(269)
61 756
fi=(142)
390 945
cfn=(3172)
calls=189 +20 
* 669056
fe=(269)
62 796
cfi=(2)
cfn=(2338)
calls=8 1889 
* 168
* 40
+1 16
-1 567
+1 378
+3 1576
+8 394
fi=(270) /home/lemon/Desktop/Projects/Ollama_Analysis/ollama/fs/gguf/reader.go
-59 3152
cfi=(64)
cfn=(1316) runtime.typeAssert
calls=197 467 
* 15563
fi=(271)
+37 197
fe=(269)
+22 197
fi=(270)
-59 197
fi=(271)
+37 591
+38 394
fi=(270)
-75 197
fi=(271)
+38 197
+3 394
cfi=(30)
cfn=(190)
calls=196 2156 
* 62844
cfi=(30)
cfn=(191)
calls=1 2156 
* 280
* 197
+1 788
cfi=(60)
cfn=(448)
calls=197 +45 
* 1397542
+31 1365
+1 585
+1 780
+1 195
+1 195
-4 418
cfi=(75)
cfn=(3756)
calls=7 192 
* 1757
* 98
fi=(270)
-74 35
cfi=(30)
cfn=(190)
calls=7 2156 
* 3297
fi=(271)
+74 2444
fi=(270)
-74 940
cfi=(30)
cfn=(190)
calls=187 2156 
* 52410
cfi=(30)
cfn=(191)
calls=1 2156 
* 811
+1 390
fe=(269)
+59 188
fi=(270)
-59 376
fe=(269)
+59 14
fi=(270)
-59 7
cfi=(2)
cfn=(2690)
calls=7 1892 
* 147
* 14
fe=(269)
+59 14
fi=(270)
-59 7
fe=(269)
+59 7
fi=(263)
354 42
cfn=(3358)
calls=7 -25 
* 4865
fi=(270)
15 188
fe=(269)
+59 188
fi=(263)
354 1128
cfn=(3358)
calls=187 -25 
* 129734
cfn=(3359)
calls=1 -25 
* 670
* 195
fe=(269)
76 390
fi=(273) /usr/local/go/src/bytes/bytes.go
-54 780
cfi=(20)
cfn=(80)
calls=195 -8 
* 4680
* 390
fe=(269)
+59 195
+1 989
cfi=(2)
cfn=(2386)
calls=7 1886 
* 147
* 592
+7 1365
cfi=(260)
cfn=(3545)
calls=52 258 
* 20405
cfi=(260)
cfn=(3544)
calls=143 258 
* 57159
* 392
+4 588
+4 392
cfi=(30)
cfn=(190)
calls=194 2156 
* 53501
cfi=(30)
cfn=(191)
calls=2 2156 
* 634
* 1168
cfi=(2)
cfn=(2386)
calls=8 1886 
* 168
* 48
cfi=(274)
cfn=(3552)
calls=8 -77 
* 32071
* 752
cfi=(274)
cfn=(3552)
calls=188 -77 
* 577374
* 787
cfi=(2)
cfn=(2338)
calls=7 1889 
* 147
* 35
+1 14
-1 564
+1 376
+4 585
cfi=(30)
cfn=(190)
calls=194 2156 
* 53342
cfi=(30)
cfn=(191)
calls=1 2156 
* 268
* 1163
cfi=(2)
cfn=(2386)
calls=7 1886 
* 147
* 1198
cfi=(2)
cfn=(2338)
calls=7 1889 
* 147
* 21
+10 21
cfi=(30)
cfn=(190)
calls=7 2156 
* 2751
-10 188
+10 564
cfi=(30)
cfn=(190)
calls=187 2156 
* 50116
cfi=(30)
cfn=(191)
calls=1 2156 
* 268
* 1163
cfi=(2)
cfn=(2386)
calls=7 1886 
* 147
* 49
cfi=(274)
cfn=(3564)
calls=7 -92 
* 62652
* 940
cfi=(274)
cfn=(3564)
calls=188 -92 
* 552759
* 794
cfi=(2)
cfn=(2338)
calls=7 1889 
* 147
* 35
+1 14
-1 564
+1 376
+4 1170
cfn=(3568)
calls=195 -51 
* 2535
* 1170
-57 4
cfi=(2)
cfn=(1129) runtime.morestack_noctxt.abi0'2
calls=1 687 
* 1360
* 4
cfn=(3511) github.com/ollama/ollama/fs/gguf.open'2
calls=1 * 
* 316984

fn=(3511)
fi=(275)
47 24
+1 3
-1 6
+1 6
+3 12
cfi=(12)
cfn=(634)
calls=3 5313 
* 1638
* 15
cfi=(2)
cfn=(2338)
calls=3 1889 
* 63
* 9
+4 15
+5 9
cfi=(2)
cfn=(135)
calls=3 566 
* 3690
fi=(31)
1011 30
fi=(51)
459 3
fi=(40)
194 3
fi=(51)
+20 3
fi=(31)
1014 3
+3 6
cfn=(234)
calls=3 1224 
* 1924
* 6
+1 9
cfi=(2)
cfn=(135)
calls=3 566 
* 61834
fi=(76) /usr/local/go/src/runtime/mwbbuf.go
180 5
+1 3
cfn=(2644) runtime.wbBufFlush1
calls=1 +14 
* 33364
+1 3
cfi=(2)
cfn=(135)
calls=1 566 
* 4728
fe=(269)
60 7
+3 3
-3 3
+1 4
cfi=(60)
cfn=(449)
calls=1 +41 
* 1274
* 3
cfi=(30)
cfn=(190)
calls=1 2156 
* 819
* 10
fi=(142)
390 5
cfn=(3172)
calls=1 +20 
* 4134
fe=(269)
62 14
cfi=(2)
cfn=(2338)
calls=2 1889 
* 42
* 10
+1 4
-1 3
+1 2
+3 24
+8 6
fi=(270)
-59 48
cfi=(64)
cfn=(1316)
calls=3 467 
* 237
fi=(271)
+37 3
fe=(269)
+22 3
fi=(270)
-59 3
fi=(271)
+37 9
+38 6
fi=(270)
-75 3
fi=(271)
+38 3
+3 6
cfi=(30)
cfn=(190)
calls=2 2156 
* 646
cfi=(30)
cfn=(191)
calls=1 2156 
* 366
* 3
+1 12
cfi=(60)
cfn=(449)
calls=3 +45 
* 301897
+31 7
+1 3
+1 4
+1 1
+1 1
-4 15
fi=(270)
-74 5
cfi=(30)
cfn=(190)
calls=1 2156 
* 268
+1 2
fe=(269)
+59 1
fi=(270)
-59 3
fe=(269)
+59 1
fi=(263)
354 6
cfn=(3358)
calls=1 -25 
* 670
* 1
fe=(269)
76 2
fi=(273)
-54 4
cfi=(20)
cfn=(80)
calls=1 -8 
* 24
* 2
fe=(269)
+59 1
+1 8
+7 7
cfi=(260)
cfn=(3545)
calls=1 258 
* 367
* 2
+4 3
+4 2
cfi=(30)
cfn=(190)
calls=1 2156 
* 268
* 10
cfi=(274)
cfn=(3552)
calls=1 -77 
* 3593
* 24
cfi=(2)
cfn=(2338)
calls=4 1889 
* 84
* 20
+1 8
-1 3
+1 2
+4 15
cfi=(30)
cfn=(190)
calls=3 2156 
* 1000
cfi=(30)
cfn=(191)
calls=2 2156 
* 732
* 26
cfi=(2)
cfn=(2386)
calls=4 1886 
* 84
* 46
cfi=(2)
cfn=(2338)
calls=4 1889 
* 130
* 12
+10 12
cfi=(30)
cfn=(190)
calls=2 2156 
* 732
cfi=(30)
cfn=(191)
calls=2 2156 
* 732
-10 1
+10 3
cfi=(30)
cfn=(190)
calls=1 2156 
* 268
* 26
cfi=(2)
cfn=(2386)
calls=4 1886 
* 84
* 28
cfi=(274)
cfn=(3564)
calls=4 -92 
* 9093
* 5
cfi=(274)
cfn=(3564)
calls=1 -92 
* 2955
* 28
cfi=(2)
cfn=(2338)
calls=4 1889 
* 84
* 20
+1 8
-1 3
+1 2
+4 30
cfn=(3568)
calls=5 -51 
* 65
* 30
cfi=(242)
cfn=(2995)
calls=3 378 
* 807
cfi=(242)
cfn=(2994)
calls=1 378 
* 269

fn=(3600)
181 3550
+2 710
-1 710
cfn=(3602)
calls=710 +57 
* 1660871
cfn=(3602)
calls=4 +87 
* 503391258
* 709
+1 1418
-1 1418
+5 709
+48 6381
cfi=(260)
cfn=(3545)
calls=1 +23 
* 367
cfi=(260)
cfn=(3544)
calls=708 +23 
* 278501
-47 1418
-1 709
+36 1418
cfn=(3608)
calls=709 -31 
* 15055876
+1 1312
+4 3936
+3 1968
cfi=(9)
cfn=(3610)
calls=140 1 
* 4309840

fn=(3601)
181 10450
+2 2090
-1 2090
cfn=(3603)
calls=2090 +57 
* 1922012
* 2091
+1 4182
-1 4182
+5 2091
+48 18819
cfi=(260)
cfn=(3544)
calls=27 +23 
* 11820
cfi=(260)
cfn=(3545)
calls=2064 +23 
* 835682
-47 4182
-1 2091
+36 4182
cfn=(3608)
calls=41 -31 
* 44266
cfn=(3609)
calls=2050 -31 
* 2002225
+1 4288
+4 12864
+3 6432
cfi=(9)
cfn=(3610)
calls=56 1 
* 12786845

fn=(3652)
347 1000
+2 200
-1 1000
cfn=(3604)
calls=200 +55 
* 3800
+1 400
-1 200
+4 800
+9 1600
cfi=(60)
cfn=(449)
calls=1 102 
* 296
cfi=(60)
cfn=(448)
calls=199 102 
* 59492
* 200
+1 400
-1 200
+7 400
-6 6400
+1 800
cfn=(3603)
calls=320 239 
* 270390
cfn=(3602)
calls=80 239 
* 67272
+1 800
+4 4860
cfi=(2)
cfn=(2338)
calls=20 1889 
* 420
* 60
+3 600
cfi=(64)
cfn=(1964)
calls=200 +67 
* 55855
* 1400

fn=(3674)
137 8130
+2 1355
-2 6775
+1 2710
cfn=(3603)
calls=56 239 
* 10412073
cfn=(3602)
calls=1299 239 
* 2328809
+1 2598
-1 2598
+5 1299
+92 10392
cfi=(260)
cfn=(3544)
calls=1155 +23 
* 501248
cfi=(260)
cfn=(3545)
calls=144 +23 
* 62651
-91 2598
-1 2598
+4 2598
-4 1299
+8 3897
cfi=(60)
cfn=(448)
calls=1299 -49 
* 259961
* 2598
+1 3897
+1 2598
-1 14289
+1 2598
+82 23382
cfi=(260)
cfn=(3544)
calls=2310 +23 
* 928882
cfi=(260)
cfn=(3545)
calls=288 +23 
* 116243
-82 18186
+1 5196
+5 1299
+76 11691
cfi=(260)
cfn=(3544)
calls=1155 +23 
* 423885
cfi=(260)
cfn=(3545)
calls=144 +23 
* 53016
-76 1299
+1 2598
-1 1299
+5 1299
+71 10392
cfi=(260)
cfn=(3544)
calls=1155 +23 
* 500155
cfi=(260)
cfn=(3545)
calls=144 +23 
* 63597
-70 2598
-1 1299
+5 6495
+1 5196
+1 1299
+1 6495
+1 2598
+2 11691
fi=(267) /home/lemon/Desktop/Projects/Ollama_Analysis/ollama/fs/gguf/tensor.go
29 6495
+8 2598
-8 5196
fe=(269)
169 2598
fi=(267)
29 10392
+1 7794
+4 5196
-5 2598
+5 2598
-5 2598
+5 12990
fe=(269)
178 27279
cfi=(9)
cfn=(3678)
calls=144 1 
* 15091340

fn=(3675)
137 32670
+2 5445
-2 27225
+1 10890
cfn=(3603)
calls=5445 239 
* 4757566
+1 11002
-1 11002
+5 5501
+92 44008
cfi=(260)
cfn=(3545)
calls=5501 +23 
* 2426120
-91 11002
-1 11002
+4 11002
-4 5501
+8 16503
cfi=(60)
cfn=(449)
calls=34 -49 
* 6698
cfi=(60)
cfn=(448)
calls=5467 -49 
* 1080518
* 11002
+1 16503
+1 11002
-1 60511
+1 11002
+82 99018
cfi=(260)
cfn=(3545)
calls=11002 +23 
* 4477515
-82 77014
+1 22004
+5 5501
+76 49509
cfi=(260)
cfn=(3545)
calls=5501 +23 
* 2026859
-76 5501
+1 11002
-1 5501
+5 5501
+71 44008
cfi=(260)
cfn=(3545)
calls=5501 +23 
* 2433776
-70 11002
-1 5501
+5 27505
+1 22004
+1 5501
+1 27505
+1 11002
+2 49509
fi=(267)
29 27505
+8 11002
-8 22004
fe=(269)
169 11002
fi=(267)
29 44008
+1 33006
+4 22004
-5 11002
+5 11002
-5 11002
+5 55010
fe=(269)
178 115521
cfi=(9)
cfn=(3678)
calls=56 1 
* 9422141

fn=(3686) github.com/ollama/ollama/fs/gguf.open.func2
102 1400
+1 600
+1 200
cfn=(3688)
calls=200 +16 
* 62200
+1 400
+3 400
-4 200
+4 200
-5 400
+5 2800
+1 1000

fl=(293) /usr/local/go/src/internal/testlog/exit.go
fn=(4034) internal/testlog.PanicOnExit0
17 8
+1 1
fi=(297) /usr/local/go/src/sync/mutex.go
+28 1
fi=(296)
+17 7
fe=(293)
-44 7
+1 5
cfn=(4036) internal/testlog.PanicOnExit0.deferwrap1
calls=1 -1 
* 15
* 4

fn=(4036)
19 6
fi=(297)
+46 1
fi=(296)
194 4
+1 1
fe=(293)
19 3

fl=(123)
fn=(2094) runtime.mapIterStart
156 25
+8 5
-2 10
+2 5
-2 15
cfi=(146)
cfn=(2096) internal/runtime/maps.(*Iter).Init
calls=5 678 
* 162
+1 10
cfi=(146)
cfn=(2098) internal/runtime/maps.(*Iter).Next
calls=5 810 
* 148
+1 15

fn=(1408)
62 50
+1 10
+4 40
cfi=(112)
cfn=(1410)
calls=10 264 
* 22200
-4 30

fn=(3268) runtime.mapIterNext
168 70
+6 14
cfi=(146)
cfn=(2098)
calls=14 810 
* 1071
+1 42

fn=(1256)
43 75
fi=(112)
332 30
cfi=(30)
cfn=(191)
calls=1 2156 
* 274
cfi=(30)
cfn=(190)
calls=14 2156 
* 20959
* 14
+1 28
cfi=(25)
cfn=(1260)
calls=14 183 
* 1314
* 28
fe=(123)
44 56

fn=(3504) runtime.mapclear
178 5
+7 4
cfi=(112)
cfn=(3506)
calls=1 735 
* 14
+1 3

fl=(129) /usr/local/go/src/context/context.go
fn=(1292) context.init.0
425 5
+1 2
cfi=(96)
cfn=(1294)
calls=1 -12 
* 111
+1 4

fn=(2082) context.(*cancelCtx).cancel
549 33
+1 18
fi=(297)
46 6
fe=(129)
550 3
fi=(296)
63 12
fe=(129)
553 6
+3 15
fi=(296)
63 3
fe=(129)
553 3
+4 3
fi=(230) /usr/local/go/src/sync/atomic/value.go
30 3
+1 6
fe=(129)
557 12
-7 3
+11 21
cfi=(230)
cfn=(2084) sync/atomic.(*Value).Store
calls=3 47 
* 255
+1 24
+1 3
fi=(230)
30 3
+1 6
fe=(129)
563 18
+1 6
+1 9
cfi=(230)
cfn=(2084)
calls=3 47 
* 255
+4 33
cfi=(123)
cfn=(2094)
calls=3 156 
* 135
* 12
+4 15
+1 3
fi=(297)
65 3
fi=(296)
194 9
+1 3
fe=(129)
550 6
+26 3
+1 12
cfn=(2100) context.removeChild
calls=3 399 
* 120
+2 9

fn=(1950) context.WithCancel
240 21
+1 6
+33 12
+3 6
cfi=(30)
cfn=(190)
calls=3 2156 
* 1305
* 3
+1 15
cfn=(1952) context.(*cancelCtx).propagateCancel
calls=3 475 
* 87
-36 6
cfi=(30)
cfn=(190)
calls=3 2156 
* 750
* 36

fn=(1952)
475 30
+1 9
+3 9
-3 3
+2 9
cfi=(4)
cfn=(1954) context.(*backgroundCtx).Done
calls=3 0 
* 9
* 3
+1 6
+1 9

fn=(2080) context.WithCancel.func1
242 36
cfn=(2082)
calls=3 549 
* 1089
* 9

fn=(2100)
399 27
+1 9
+4 3
cfn=(2102) context.parentCancelCtx
calls=3 -22 
* 66
* 3
+1 3
+1 9

fn=(2102)
382 15
+2 6
-1 9
cfi=(4)
cfn=(1954)
calls=3 0 
* 9
+1 12
+1 15

fl=(93) /usr/local/go/src/runtime/cpuflags_amd64.go
fn=(808) runtime.init.1
30 1
+1 5
+1 2
+1 3
-2 1
+4 1
+3 1

fl=(94) /usr/local/go/src/runtime/preempt.go
fn=(812) runtime.init.5
350 5
+1 2
cfi=(24) /usr/local/go/src/runtime/symtab.go
cfn=(674) runtime.findfunc
calls=1 923 
* 65
* 1
+1 1
cfi=(24)
cfn=(814) runtime.funcMaxSPDelta
calls=1 1220 
* 797
* 1
+1 2
cfi=(24)
cfn=(674)
calls=1 923 
* 65
+1 1
cfi=(24)
cfn=(814)
calls=1 1220 
* 525
* 3
+1 2
cfi=(24)
cfn=(674)
calls=1 923 
* 65
+1 1
cfi=(24)
cfn=(814)
calls=1 1220 
* 610
* 2
+2 3
+1 2
+6 3

fn=(2550) runtime.suspendG
106 315
+1 315
fi=(12)
1208 63
fi=(40)
194 63
fe=(94)
-87 630
+16 34
fi=(40)
+71 102
fi=(12)
1208 17
fi=(40)
194 17
fe=(94)
-70 68
fi=(40)
+70 63
fi=(12)
1208 63
fi=(40)
194 63
fe=(94)
-70 812
+72 139
fi=(40)
-2 15
fe=(94)
+2 81
+5 6
cfi=(12)
cfn=(2556) runtime.castogscanstatus
calls=2 1245 
* 64
* 4
+5 4
+2 2
+3 4
+1 2
fi=(40)
-18 4
fe=(94)
+19 12
+4 6
cfi=(12)
cfn=(2594) runtime.casfrom_Gscanstatus
calls=2 1215 
* 64
+7 4
+21 2
-21 2
fi=(40)
-30 2
fe=(94)
+51 2
+3 2
-3 6
-21 2
-70 6
cfi=(12)
cfn=(3746) runtime.casGFromPreempted
calls=2 1430 
* 48
* 4
+14 16
cfi=(12)
cfn=(2556)
calls=2 1245 
* 64
* 255
cfi=(12)
cfn=(2556)
calls=51 1245 
* 1632
* 159
+77 102
fi=(22)
33 2
cfi=(3)
cfn=(94)
calls=2 223 
* 76
* 6
fe=(94)
246 2
+2 2
fi=(22)
33 2
cfi=(3)
cfn=(94)
calls=2 223 
* 76
fe=(94)
248 15
fi=(22)
33 15
cfi=(3)
cfn=(94)
calls=15 223 
* 570
* 68
fe=(94)
248 17
fi=(42)
+34 20
cfi=(2)
cfn=(2844) runtime.procyieldAsm.abi0
calls=10 864 
* 340
* 30
fe=(94)
-33 10
+2 7
cfi=(3)
cfn=(2848) runtime.osyield.abi0
calls=7 666 
* 21
* 14
fi=(22)
33 7
cfi=(3)
cfn=(94)
calls=7 223 
* 266
* 21
fe=(94)
252 14
-77 106
+2 159
+14 265
-47 60

fn=(2592) runtime.resumeG
259 318
+1 212
+6 53
fi=(12)
1208 53
fi=(40)
194 53
fe=(94)
+77 212
+1 53
+3 159
cfi=(12)
cfn=(2594)
calls=53 1215 
* 1696
-15 106
+18 53
+2 8
cfi=(12)
cfn=(944)
calls=2 1120 
* 723
+2 159

fl=(87) /usr/local/go/src/runtime/rwmutex.go
fn=(772) runtime.(*rwmutex).runlock
101 70
fi=(40)
-45 56
fe=(87)
+46 28
fi=(79)
-60 14
fi=(5)
609 28
fe=(87)
117 14
fi=(5)
609 14
+1 28
fe=(87)
118 42

fn=(764) runtime.(*rwmutex).rlock
70 70
+5 14
fi=(5)
602 14
fi=(79)
31 14
fi=(5)
602 14
+1 28
fi=(40)
56 42
fe=(87)
+22 28
+20 42

fl=(95) /usr/local/go/src/runtime/list_manual.go
fn=(2960) runtime.(*listHeadManual).remove
121 10
+1 6
-64 6
+4 4
+3 4
+63 2
+1 2
-67 4
+3 4
+64 2
+1 4
-68 4
+3 4
+65 2
+3 4
+1 2
+3 4
+1 4
+3 2
+2 6

fn=(844) runtime.(*listHeadManual).pop
96 290
+1 174
-39 156
+4 104
+3 104
+40 52
+1 104
+3 52
+3 156
-54 96
+4 96
+3 96
+48 48
+1 48
+3 208
-19 24

fn=(970) runtime.(*listHeadManual).push
79 300
-21 120
+4 120
+3 120
+18 60
+1 120
+3 180
-29 108
+4 108
+3 108
+23 54
+1 162
+3 12
+1 18
-1 54
+1 162

fl=(99) /usr/local/go/src/runtime/symtabinl.go
fn=(1004) runtime.(*inlineUnwinder).next
91 2155
+1 862
+4 342
-4 57
+4 285
+1 114
fi=(24)
902 171
cfn=(106) runtime.(*moduledata).textAddr
calls=57 696 
* 798
fe=(99)
97 171
-15 342
cfi=(24)
cfn=(998) runtime.pcdatavalue1
calls=57 1248 
* 51061
+15 285
-3 1870

fn=(994) runtime.newInlineUnwinder
67 2105
fi=(24)
1267 845
fe=(99)
68 3
fi=(24)
1271 418
+1 418
-2 836
+6 836
+3 836
+2 836
fe=(99)
69 842
fi=(24)
1267 266
fe=(99)
73 798
+9 1064
cfi=(24)
cfn=(998)
calls=266 1248 
* 274763
-8 2394
-4 930

fl=(34)
fn=(264) runtime.(*addrRanges).findSucc
265 12
+7 24
+1 36
+24 28
+1 20
148 16
298 4
+4 18

fn=(266) runtime.makeAddrRange
33 120
+2 216
+3 72

fn=(286) runtime.(*addrRanges).add
336 15
148 12
43 3
+5 3
+94 6
348 3
43 6
348 6
43 3
148 6
354 3
cfn=(264)
calls=3 -89 
* 79
* 3
+1 26
161 2
355 2
+1 1
+16 2
-16 15
+12 9
-12 3
+1 3
-2 3
+10 3
+3 10
148 6
368 2
-12 1
+13 1
-15 1
+2 1
+20 3
+15 1
+1 32
cfi=(29)
cfn=(120)
calls=1 39 
* 6
+2 4
-2 1
+2 7
148 3
43 3
+5 3
+94 3
396 6
+1 9

fn=(280) runtime.addrRange.subtract
60 65
+94 52
-93 13
+93 39
-93 13
+93 1
-93 1
+1 60
+1 1
+85 4
-83 1
+83 1
-83 1
+89 1
-89 1
+2 2
+3 4

fn=(130) runtime.(*addrRanges).init
254 5
+7 2
-5 1
+1 1
+1 4
cfi=(30)
cfn=(132)
calls=1 2329 
* 453
* 2
+1 5
+1 1
+1 3

fl=(183) /usr/local/go/src/log/slog/logger.go
fn=(1586) log/slog.init.0
50 5
+1 2
fi=(184) /usr/local/go/src/log/slog/handler.go
+50 2
cfi=(30)
cfn=(190)
calls=1 2156 
* 241
* 1
+1 2
cfi=(30)
cfn=(190)
calls=1 2156 
* 1515
* 3
+1 1
-1 2
+1 1
fe=(183)
+52 2
cfi=(30)
cfn=(190)
calls=1 2156 
* 241
* 7
fi=(110)
-94 3
cfi=(63)
cfn=(1166)
calls=1 +24 
* 12
fe=(183)
-9 3

fl=(206) /usr/local/go/src/regexp/syntax/prog.go
fn=(1756) regexp/syntax.(*Prog).Prefix
150 10
+1 2
-21 14
+1 12
+10 7
+1 1
+12 9
-24 1
+29 2
+1 1
-5 8
-25 13
+30 13
-21 13
+2 39
-2 1
+2 16
+1 13
+18 173
+1 26
cfi=(232) /usr/local/go/src/strings/builder.go
cfn=(2144) strings.(*Builder).WriteRune
calls=13 -58 
* 1003
+1 26
-32 91
+1 65
fi=(232)
-84 6
fe=(206)
164 5

fl=(227) /usr/local/go/src/regexp/exec.go
fn=(2018) regexp.freeOnePassMachine
391 160
+1 32
76 32
+2 96
+3 128
393 128
cfi=(105) /usr/local/go/src/sync/pool.go
cfn=(2020) sync.(*Pool).Put
calls=32 99 
* 1856
+1 96

fn=(1990) regexp.(*Regexp).doExecute
521 350
+1 105
+5 350
-5 35
+5 105
+4 68
-9 12
+5 2
-5 4
+5 4
+7 8
+1 24
cfi=(207) /usr/local/go/src/regexp/backtrack.go
cfn=(2192) regexp.(*Regexp).backtrack
calls=2 305 
* 9921
* 8
-3 224
cfn=(1992) regexp.(*Regexp).doOnePass
calls=32 397 
* 15467
* 96
-4 7

fn=(2016) regexp.lazyFlag.match
129 192
+3 192
+1 192
+6 192
+1 128
+3 128
+2 224
+4 64
+6 64
+1 64
+1 64
-11 128

fn=(1992)
397 320
+1 32
+1 320
-15 64
cfi=(105)
cfn=(1994) sync.(*Pool).Get
calls=32 131 
* 2775
* 96
+2 2
cfi=(30)
cfn=(190)
calls=1 2156 
* 241
+17 2
+1 4
-1 31
+1 124
+3 96
+4 160
86 96
+3 96
+3 32
-30 224
+1 64
415 64
+4 128
cfi=(195) /usr/local/go/src/regexp/regexp.go
cfn=(2012) regexp.(*inputString).step
calls=32 -34 
* 864
* 64
+1 64
+1 224
cfi=(195)
cfn=(2012)
calls=32 -36 
* 864
+2 64
125 32
444 32
-21 64
+1 96
125 96
425 32
+4 96
+1 128
-1 64
-5 32
+8 32
-2 64
+2 96
cfn=(2016)
calls=32 129 
* 512
+12 128
-11 32
+11 64
-12 32
+12 64
-12 64
+1 192
+12 160
+57 64
+1 96
cfn=(2018)
calls=32 391 
* 2528
+1 192
-59 32
+62 128
-62 384
+2 64
-2 64
+1 128
+1 128
-1 448
+1 128
+33 256
cfn=(2016)
calls=64 129 
* 1120
* 128
-28 32
-7 224
+38 32
-38 32
+36 32

fl=(238) /usr/local/go/src/runtime/mgcstack.go
fn=(2590) runtime.(*stackScanState).getPtr
237 485
+1 1729
+1 150
+1 300
+4 104
+1 24
+5 8
+1 8
+1 8
+1 16
+5 132
+1 352
+3 159
+1 16
cfi=(237) /usr/local/go/src/runtime/mgcwork.go
cfn=(2470) runtime.putempty
calls=8 480 
* 576
+1 16
+2 265

fn=(2584) runtime.(*stackScanState).addObject
270 810
+2 486
-1 162
+1 324
+2 36
cfi=(237)
cfn=(2464) runtime.getempty
calls=36 424 
* 1368
+1 36
+1 72
+1 36
+16 36
-14 1980
+3 252
+10 36
-2 810
+1 324
+1 486
+1 324
+1 162
163 162
296 162
+1 486

fn=(2582) runtime.(*stackScanState).putPtr
202 220
+1 220
+3 44
-3 44
+4 44
-4 44
+7 88
+1 88
+6 72
-4 8
cfi=(237)
cfn=(2464)
calls=8 424 
* 304
+1 8
+2 16
+12 192
+1 44
+1 176

fn=(2588) runtime.binarySearchTree
311 265
+1 142
+4 216
cfn=(2589) runtime.binarySearchTree'2
calls=36 -5 
* 4362
+1 144
-1 72
+1 216
+1 36
+1 72
+4 288
cfn=(2589)
calls=36 -12 
* 4008
+1 144
+1 36
+1 144
-13 102

fn=(2589)
311 1620
+1 774
+4 756
cfn=(2589)
calls=126 -5 
* 9721
+1 504
-1 252
+1 756
+1 126
+1 252
+4 1008
cfn=(2589)
calls=126 -12 
* 6948
+1 504
+1 126
+1 504
-13 1188

fl=(98) /usr/local/go/src/runtime/histogram.go
fn=(924) runtime.(*timeHistogram).record
107 278
+12 1146
+5 35
+4 278
+6 139
-1 834
+1 139
fi=(40)
344 417
fe=(98)
135 139

fl=(139) /usr/local/go/src/internal/syscall/unix/fcntl_unix.go
fn=(1364) internal/syscall/unix.Fcntl
19 15
+1 3
cfi=(7)
cfn=(504) runtime.fcntl
calls=3 466 
* 81
+1 6
+3 18

fl=(6)
fn=(1142) runtime.adjustctxt
777 408
626 816
-14 408
790 816
626 1632
+1 1224
800 408

fn=(1134)
fi=(12)
2112 16
+1 6
+12 4
cfn=(2274) runtime.casGToWaitingForSuspendG
calls=2 1401 
* 151
+1 4
cfn=(2670) runtime.forEachPInternal
calls=2 +14 
* 3374
+1 8
cfn=(660)
calls=2 1277 
* 117
+1 6
cfi=(2)
cfn=(135)
calls=2 566 
* 245452
fi=(51)
913 3
cfn=(210)
calls=1 * 
* 3470
fi=(12)
4253 5
fi=(13)
189 1
fi=(12)
4254 2
fi=(13)
152 1
+37 3
fi=(12)
4256 3
+6 2
+1 3
fi=(13)
251 1
fi=(12)
4267 1
+8 3
cfn=(660)
calls=1 1277 
* 47
fi=(13)
251 2
fi=(12)
4276 1
-33 2
fi=(62)
292 1
fi=(12)
4280 1
fi=(62)
300 1
-8 1
fi=(12)
4244 1
fi=(62)
248 1
+18 1
-18 1
fi=(12)
4282 4
+1 4
cfn=(956)
calls=1 -36 
* 56
+1 5
-1 1
+3 1
-23 2
+23 1
+14 1
+4 1
cfn=(730)
calls=1 4135 
* 3906
+45 5
+1 2
cfn=(2884) runtime.goschedImpl
calls=1 -43 
* 281700016
fe=(6)
1026 2502
+1 417
+2 417
fi=(62)
245 417
fe=(6)
1029 834
-2 417
+5 1668
+17 1251
+21 3336
+1 834
+1 834
+1 834
+1 834
+5 834
+14 417
+1 417
+1 12
fi=(94)
290 94
fi=(12)
1208 7
fi=(40)
194 7
fi=(94)
+96 33
fe=(6)
1095 24
+3 15
+1 15
cfi=(2)
cfn=(750)
calls=5 436 
* 146
+4 1236
+3 412
+3 824
+2 824
+5 1236
-23 412
+29 412
+1 35
+3 14
+4 14
+3 3
+1 3
cfn=(2570) runtime.shrinkstack
calls=3 1257 
* 8162
+4 3
+26 3
+13 3
-39 3
+2 9
-2 4
+2 12
+1 2
cfi=(12)
cfn=(3724) runtime.preemptPark
calls=2 4368 
* 44950
+4 5
fi=(12)
4362 10
cfn=(2884)
calls=5 -55 
* 5489
fe=(6)
1149 1215
+6 810
cfi=(24)
cfn=(674)
calls=405 923 
* 22275
-5 810
fi=(24)
880 405
fe=(6)
1155 405
-5 405
+6 405
cfi=(24)
cfn=(814)
calls=405 +64 
* 876866
* 405
+2 810
-1 405
+1 405
+1 810
+12 405
-7 810
+7 810
-7 405
+7 1215
+12 1620
cfi=(12)
cfn=(660)
calls=405 +94 
* 20125
+4 1215
cfn=(1136) runtime.copystack
calls=405 900 
* 5716919
+4 2025
cfi=(12)
cfn=(660)
calls=405 +86 
* 17975
+1 1620
cfi=(2)
cfn=(750)
calls=405 436 
* 5670
-33 1620
+12 405
-7 810
-5 405
fi=(3)
277 1
+1 1
+1 1
+6 1
+1 1
+1 1
+1 1
+3 1
+1 1
+1 1
+1 3
cfi=(22)
cfn=(2420)
calls=1 33 
* 74126
+2 1
+1 1
+1 1
fi=(260)
-40 476
cfn=(3544)
calls=68 * 
* 193687
fe=(6)

fn=(1135) runtime.newstack'2
fi=(30)
996 3
cfn=(202) runtime.(*mcache).nextFree
calls=1 * 
* 4519
fi=(12)
4253 5
fi=(13)
189 1
fi=(12)
4254 2
fi=(13)
152 1
+37 3
fi=(12)
4256 3
+6 2
+1 3
fi=(13)
251 1
fi=(12)
4267 1
+8 3
cfn=(660)
calls=1 1277 
* 47
fi=(13)
251 2
fi=(12)
4276 1
-33 2
fi=(62)
292 1
fi=(12)
4280 1
fi=(62)
300 1
-8 1
fi=(12)
4244 1
fi=(62)
248 1
+18 1
-18 1
fi=(12)
4282 4
+1 4
cfi=(58)
cfn=(2252)
calls=1 1791 
* 72
+1 5
-1 1
+3 1
-23 2
+23 1
+14 1
+4 1
cfn=(730)
calls=1 4135 
* 4176
fe=(6)
1026 18
+1 3
+2 3
fi=(62)
245 3
fe=(6)
1029 6
-2 3
+5 12
+17 9
+21 24
+1 6
+1 6
+1 6
+1 6
+5 6
+14 3
+1 3
+1 2
fi=(94)
290 14
fi=(12)
1208 1
fi=(40)
194 1
fi=(94)
+96 5
fe=(6)
1095 4
+3 3
+1 3
cfi=(2)
cfn=(750)
calls=1 436 
* 505
+4 6
+3 2
+3 4
+2 4
+5 6
-23 2
+29 2
+1 5
+3 2
+4 2
+8 1
+2 3
+5 1
fi=(12)
4362 2
cfn=(2884)
calls=1 -55 
* 674
fe=(6)
1149 3
+6 2
cfi=(24)
cfn=(674)
calls=1 923 
* 55
-5 2
fi=(24)
880 1
fe=(6)
1155 1
-5 1
+6 1
cfi=(24)
cfn=(814)
calls=1 +64 
* 763
* 1
+2 2
-1 1
+1 1
+1 2
+12 1
-7 2
+7 2
-7 1
+7 3
+12 4
cfi=(12)
cfn=(660)
calls=1 +94 
* 47
+4 3
cfn=(1136)
calls=1 900 
* 18532
+4 5
cfi=(12)
cfn=(660)
calls=1 +86 
* 35
+1 4
cfi=(2)
cfn=(750)
calls=1 436 
* 14
-33 4
+12 1
-7 2
-5 1
0 1
fi=(9)
1 2
cfi=(6)
cfn=(1135)
calls=1 1026 
* 5116
fe=(6)

fn=(1136)
900 2448
+1 1224
+3 408
+1 816
-4 408
+3 1224
+4 408
+5 2040
-5 1224
+5 1224
fi=(56)
+64 816
+4 1224
+1 1632
+1 3
fi=(40)
344 6
fi=(56)
984 6
fe=(6)
-83 408
+15 1224
cfn=(436) runtime.stackalloc
calls=408 344 
* 36784
+1 816
-1 816
+9 408
+1 1632
+1 1224
+4 1224
+1 1632
fi=(40)
124 2
+44 2
fe=(6)
932 2
+7 1224
cfn=(1140) runtime.adjustsudogs
calls=408 823 
* 2040
+17 4080
cfi=(29)
cfn=(120)
calls=408 39 
* 65597
+5 1224
cfn=(1142)
calls=408 777 
* 5712
+1 1224
cfn=(1144) runtime.adjustdefers
calls=408 806 
* 3672
612 816
963 408
817 816
626 816
964 1224
+5 1632
+1 816
+1 1224
+1 816
+3 2856
fi=(82) /usr/local/go/src/runtime/traceback.go
130 2040
cfn=(976) runtime.(*unwinder).initAt
calls=408 +3 
* 467636
fe=(6)
976 408
+1 10563
cfn=(1148) runtime.adjustframe
calls=3521 701 
* 2847241
-1 7042
cfi=(82)
cfn=(1006) runtime.(*unwinder).next
calls=3521 441 
* 2231140
fi=(82)
229 3929
fe=(6)
976 3929
+23 816
+3 1224
cfn=(1164) runtime.stackfree
calls=408 463 
* 21649
+1 1224

fn=(1144)
806 408
626 816
807 2040
+5 408

fn=(2570)
1257 260
+1 104
fi=(12)
-50 52
fi=(40)
194 52
fe=(6)
1261 104
+4 27
-44 104
+6 104
fi=(40)
124 52
+44 52
fe=(6)
1233 52
fi=(12)
-25 52
fi=(40)
194 52
fe=(6)
1247 205
fi=(62)
1358 245
fe=(6)
1247 49
+23 156
+6 217
+4 156
+4 208
+1 104
+3 104
+9 60
+1 24
+7 6
cfn=(1136)
calls=2 900 
* 20872
+1 6
-17 126

fn=(2702) runtime.gcComputeStartingStackSize
1393 8
+15 48
+1 24
+1 24
-1 24
+3 24
-2 24
-2 80
+7 8
+4 16
+3 8
+3 8
+4 12
1008 4
+1 44
-1 432
1429 4
+1 4

fn=(2812) runtime.stackcache_clear
320 270
+4 162
+8 648
+2 216
fi=(14)
-73 216
fi=(79)
35 432
cfi=(14)
cfn=(98)
calls=216 267 
* 9000
fe=(6)
324 432
+2 216
-2 756
+1 1296
+1 432
fi=(14)
152 216
fi=(79)
24 216
cfi=(14)
cfn=(90)
calls=196 155 
* 4116
cfi=(14)
cfn=(91)
calls=20 155 
* 420
fe=(6)
326 864
+1 216
+1 270
+1 270
cfn=(2816) runtime.stackpoolfree
calls=135 -89 
* 11440
+3 270
-5 135
fi=(45) /usr/local/go/src/runtime/mcache.go
86 135
fe=(6)
327 270
fi=(45)
86 216
fe=(6)
327 648
+9 162

fn=(1164)
463 4045
+3 1618
+1 3236
-2 809
+12 1618
-13 809
+1 809
+1 809
fi=(13)
160 809
fe=(6)
485 809
+16 1618
-35 1618
+38 809
+52 2427
-51 406
+1 812
-2 2430
+5 2427
-1 1618
+1 3236
+11 809
-1 809
+1 5663
+9 809
fi=(45)
86 809
fe=(6)
529 809
+1 809
+1 1618

fn=(524) runtime.stackpoolalloc
194 780
+1 624
+1 312
-1 312
+3 312
-3 24
+5 48
cfi=(31)
cfn=(438) runtime.(*mheap).allocManual
calls=12 1039 
* 20676
* 12
+1 24
+3 24
+3 48
+4 60
+1 12
+14 156
fi=(45)
86 156
fe=(6)
227 312
+3 312
+1 624
+1 312
-6 15
+8 45
cfi=(31)
cfn=(770) runtime.(*mSpanList).remove
calls=15 1859 
* 360
+2 639
-15 92
fi=(31)
519 92
fe=(6)
213 92
fi=(45)
86 92
fe=(6)
221 92
+1 92
-10 392
-12 12
+24 36
cfi=(31)
cfn=(526) runtime.(*mSpanList).insert
calls=12 1884 
* 288
+10 12
-8 12
-2 12

fn=(642) runtime.stackcacherefill
279 165
+9 330
fi=(79)
24 33
cfi=(14)
cfn=(91)
calls=2 155 
* 42
cfi=(14)
cfn=(90)
calls=31 155 
* 651
* 66
fi=(14)
152 33
fe=(6)
290 310
cfn=(524)
calls=155 -96 
* 24603
+3 465
fi=(45)
86 155
fe=(6)
291 310
+2 310
-4 907
+7 99
-1 33
fi=(14)
-34 33
fi=(79)
35 66
cfi=(14)
cfn=(98)
calls=33 267 
* 1307
fe=(6)
296 165
+1 66
+1 99

fn=(2816)
240 675
fi=(31)
733 270
616 405
fe=(6)
241 135
fi=(31)
732 135
+1 1080
419 135
fi=(40)
124 405
fe=(6)
242 270
fi=(31)
733 135
fe=(6)
245 405
+2 44
fi=(31)
733 22
fe=(6)
247 66
cfi=(31)
cfn=(526)
calls=11 1884 
* 284
+2 11
fi=(45)
86 11
fe=(6)
268 11
-19 11
fi=(45)
86 11
fe=(6)
249 11
+1 11
+1 33
+1 22
-3 124
fi=(45)
86 124
fe=(6)
249 124
+1 124
+1 372
+1 653
+16 36
cfi=(31)
cfn=(770)
calls=4 1859 
* 96
+1 8
+2 12
cfi=(31)
cfn=(2914) runtime.(*mheap).freeManual
calls=4 1710 
* 4764
+2 405

fn=(1148)
701 17605
+1 10563
+10 10563
-6 14084
+6 7042
612 2706
730 2706
626 10008
+1 6894
+75 2298
+31 4596
cfi=(65) /usr/local/go/src/runtime/stkframe.go
cfn=(1150) runtime.(*stkframe).getStackMap
calls=2298 157 
* 1528784
-31 1223
+31 2446
cfi=(65)
cfn=(1150)
calls=1223 157 
* 507383
* 21126
+3 10563
+1 4954
+1 22293
cfn=(1158) runtime.adjustpointers
calls=2477 -86 
* 193060
+16 2477
-2 2477
-10 7042
+4 15855
cfn=(1158)
calls=2265 -94 
* 117162
+8 2265
-2 2265
-1 14084
+1 3521
+22 10563
-22 24094
+1 8526
+1 4263
-1 4263
+2 4263
+1 8526
+1 3
+2 6
+1 6
-1 8520
+1 8520
626 1173
764 1173
+2 3090
1357 3090
+2 9270
+2 12360
+13 6180
+1 9270
767 51482
+1 54048
-1 9008
+1 36032
+1 4716
612 4716
+14 11919
+1 116

fn=(666) runtime.gostartcallfn
1202 1656
+2 828
+1 828
fi=(81) /usr/local/go/src/runtime/sys_x86.go
17 414
+1 414
+1 828
fe=(6)
1209 414
fi=(81)
19 414
+1 414
+1 414
+1 872
cfi=(2)
cfn=(2338)
calls=22 1889 
* 462
* 66
fe=(6)
1210 44
fi=(81)
22 392
fe=(6)
1210 784

fn=(1158)
652 23710
+11 9484
-1 9484
-9 4742
+1 4742
+1 4742
+1 9484
+6 14226
+1 42186
+6 13980
fi=(49)
1032 6990
fe=(6)
669 6990
+1 6990
fi=(49)
1032 6106
fe=(6)
663 6106
+7 26192
+1 6106
+1 6106
+1 6106
-1 6106
fi=(42)
25 6106
fe=(6)
674 6106
+1 12212
fi=(24)
880 6106
fe=(6)
676 17665
-3 3853
+10 17250
-21 1224
+25 1224
+6 3672
+5 14226

fn=(436)
344 4190
+4 838
+1 3352
+3 2514
+7 2514
-10 838
+23 1676
-23 1660
+26 830
+32 32
186 16
+3 32
408 8
+3 8
fi=(14)
152 8
fi=(79)
24 16
cfi=(14)
cfn=(90)
calls=8 155 
* 168
fe=(6)
412 32
fi=(31)
1881 16
fe=(6)
412 16
fi=(31)
1881 8
fe=(6)
412 24
+4 8
fi=(14)
261 8
fi=(79)
35 16
cfi=(14)
cfn=(98)
calls=8 267 
* 312
fe=(6)
420 24
+2 32
cfi=(31)
cfn=(438)
calls=8 1039 
* 11144
+1 16
+4 16
+2 8
fi=(31)
+90 8
fe=(6)
-90 8
fi=(13)
160 838
fe=(6)
432 838
+22 5866
-78 433
+1 866
-2 2526
+5 4148
+5 3
-10 1
+10 4
fi=(14)
152 1
fi=(79)
24 1
cfi=(14)
cfn=(90)
calls=1 155 
* 21
fe=(6)
386 2
cfn=(524)
calls=1 194 
* 2912
* 1
+1 1
fi=(79)
35 3
cfi=(14)
cfn=(98)
calls=1 267 
* 43
fe=(6)
454 1
-50 1
fi=(14)
261 1
fe=(6)
390 829
-1 829
+1 4974
fi=(45)
86 829
fe=(6)
391 1658
-2 33
+1 33
+2 33
cfn=(642)
calls=33 279 
* 30248
+1 99
+2 99
+1 66
fi=(45)
86 33
fe=(6)
395 66
+1 33
+36 33
-28 33
-8 796
fi=(45)
86 796
fe=(6)
395 1592
+1 796
+36 796
-28 796
+28 1
-28 1

fn=(1140)
823 1632
+4 408

fn=(2830) runtime.freeStackSpans
1309 12
+2 2
+13 8
fi=(14)
261 8
fi=(79)
35 24
cfi=(14)
cfn=(98)
calls=8 267 
* 312
fe=(6)
1311 44
+1 40
+1 24
fi=(14)
152 8
fi=(79)
24 16
cfi=(14)
cfn=(90)
calls=4 155 
* 84
cfi=(14)
cfn=(91)
calls=4 155 
* 84
fe=(6)
1314 75
+1 9
+1 18
+12 2
fi=(79)
24 6
cfi=(14)
cfn=(90)
calls=1 155 
* 21
cfi=(14)
cfn=(91)
calls=1 155 
* 21
* 2
fi=(14)
152 2
fe=(6)
1329 284
+1 700
+8 2
fi=(14)
261 2
fi=(79)
35 4
cfi=(14)
cfn=(98)
calls=2 267 
* 78
fe=(6)
1339 6

fl=(16)
fn=(2040)
69 312
+1 390
cfn=(2042) runtime.concatstrings
calls=39 -42 
* 17033
* 117

fn=(1976) runtime.intstring
305 95
+2 38
+6 57
+3 133
cfi=(226) /usr/local/go/src/runtime/utf8.go
cfn=(1978) runtime.encoderune
calls=19 104 
* 209
+1 19
-4 19
+4 95

fn=(2042)
28 318
+4 1874
+2 290
-2 21
+3 7
+2 552
+4 138
-9 138
+10 138
+2 106
-12 106
+19 120
180 2
+1 2
52 16
+2 153
cfn=(3052) runtime.rawstringtmp
calls=51 184 
* 7728
* 102
+1 255
+2 695
-2 139
+2 278
-2 936
+1 695
-1 695
+1 695
cfi=(29)
cfn=(120)
calls=139 -17 
* 2105
+3 139
-2 139
-2 139
+4 139
-2 278
-2 278
+2 139
-1 139
+3 153

fn=(3052)
184 255
+1 134
+1 30
+1 60
-2 36
+4 36
325 144
cfi=(30)
cfn=(192)
calls=1 1067 
* 650
cfi=(30)
cfn=(193)
calls=35 1067 
* 5753
+1 252
191 378

fn=(64)
487 450
+1 300
+27 750
+2 150
+7 3
+1 6
-5 4
cfi=(17)
cfn=(66)
calls=1 18 
* 123
+5 450
-5 600
cfi=(17)
cfn=(66)
calls=150 18 
* 5956
* 906
+1 750

fn=(2152) runtime.rawbyteslice
330 5
fi=(15)
18 1
fe=(16)
330 2
fi=(15)
18 2
+7 2
fi=(42)
391 2
fi=(15)
26 7
fe=(16)
331 2
+1 4
cfi=(30)
cfn=(192)
calls=1 1067 
* 149
+1 5
-1 1
+2 1
fi=(42)
25 1
fe=(16)
334 2
cfi=(54)
cfn=(304)
calls=1 18 
* 11
+3 6
+1 3

fn=(1898)
139 51550
+1 30930
+18 20620
+1 477
+4 1431
-23 30453
+27 20302
+3 40604
cfi=(30)
cfn=(193)
calls=59 1067 
* 36515
cfi=(30)
cfn=(192)
calls=10092 1067 
* 2047612
cfi=(30)
cfn=(192)
calls=4 1199 
* 503390926
+2 40600
cfi=(29)
cfn=(120)
calls=10150 39 
* 221032
-32 20300
+33 91350
cfi=(269)
cfn=(3602)
calls=2 +96 
* 46846

fn=(1899)
139 335
+1 201
+18 134
-18 201
+27 134
+3 268
cfi=(30)
cfn=(193)
calls=67 1067 
* 22500
+2 272
cfi=(29)
cfn=(120)
calls=68 39 
* 1471
-32 136
+33 612
cfi=(269)
cfn=(3603)
calls=1 +96 
* 354611

fn=(498)
376 530
+2 106
-1 106
cfn=(64)
calls=106 487 
* 7501
* 106
+1 212
-1 106
+4 106
-56 318
cfi=(30)
cfn=(192)
calls=106 1067 
* 145256
+53 212
-52 530
-1 106
+57 318
cfi=(29)
cfn=(120)
calls=106 39 
* 3132
+1 530

fn=(2150) runtime.stringtoslicebyte
224 5
+2 4
+4 2
cfn=(2152)
calls=1 330 
* 206
+2 14
cfi=(29)
cfn=(120)
calls=1 39 
* 20
+1 8

fn=(3288) runtime.concatstring2
65 98
+1 112
cfn=(2042)
calls=14 -38 
* 2814
* 42

fl=(91)
fn=(3196) internal/poll.runtime_pollServerInit
214 4
+1 1
cfn=(3144) runtime.netpollGenericInit
calls=1 +3 
* 11
+1 2

fn=(3144)
218 10
fi=(40)
-24 2
fe=(91)
+25 4
+3 1
fi=(14)
-70 1
fi=(79)
24 2
cfi=(14)
cfn=(91)
calls=1 155 
* 21
fi=(40)
194 1
fe=(91)
+29 2
+1 1
cfi=(250) /usr/local/go/src/runtime/netpoll_epoll.go
cfn=(3148) runtime.netpollinit
calls=1 21 
* 79
+1 1
fi=(40)
-11 3
fe=(91)
+13 1
fi=(14)
+34 1
fi=(79)
35 2
cfi=(14)
cfn=(98)
calls=1 267 
* 39
fe=(91)
229 6

fn=(3210) runtime.(*pollCache).free
297 1010
+19 404
-16 202
+10 404
fi=(14)
152 202
fi=(79)
24 202
cfi=(14)
cfn=(90)
calls=202 155 
* 4242
fe=(91)
304 202
fi=(40)
+55 404
fe=(91)
-54 404
+1 202
fi=(40)
+73 202
fe=(91)
-71 202
cfn=(3206) runtime.(*pollDesc).publishInfo
calls=202 155 
* 5252
fi=(14)
-47 202
fi=(79)
35 404
cfi=(14)
cfn=(98)
calls=202 267 
* 8686
fe=(91)
312 404
fi=(14)
152 202
fi=(79)
24 202
cfi=(14)
cfn=(90)
calls=202 155 
* 4242
fe=(91)
313 808
+1 202
+1 202
fi=(14)
-54 202
fi=(79)
35 202
cfi=(14)
cfn=(98)
calls=202 267 
* 8686
fe=(91)
316 808

fn=(3198)
244 1010
+4 202
-3 606
cfn=(3200) runtime.(*pollCache).alloc
calls=202 688 
* 17915
* 202
+1 606
fi=(14)
-94 202
fi=(79)
24 202
cfi=(14)
cfn=(90)
calls=202 155 
* 4242
fe=(91)
247 202
fi=(40)
359 404
fe=(91)
248 606
+3 202
fi=(40)
359 202
fe=(91)
252 808
+3 404
fi=(40)
359 202
fe=(91)
256 404
+2 1
fi=(40)
379 2
fe=(91)
260 1
+1 3
cfn=(3204) runtime.(*pollDesc).setEventErr
calls=1 -84 
* 13
-1 201
+1 603
cfn=(3204)
calls=201 -84 
* 2613
+1 404
+1 202
fi=(40)
379 404
fe=(91)
264 202
+1 202
+1 202
fi=(40)
379 404
fe=(91)
267 202
+1 202
+1 202
cfn=(3206)
calls=202 155 
* 5252
+1 202
fi=(14)
-9 202
fi=(79)
35 404
cfi=(14)
cfn=(98)
calls=202 267 
* 8686
fe=(91)
272 606
cfi=(250)
cfn=(3208) runtime.netpollopen
calls=202 49 
* 13736
+1 404
-1 202
+2 606
cfn=(3210)
calls=202 +23 
* 38986
+1 1010

fn=(3200)
688 1010
+2 202
-1 202
fi=(14)
152 202
fi=(79)
24 202
cfi=(14)
cfn=(90)
calls=202 155 
* 4242
fe=(91)
690 606
+12 5
cfi=(30)
cfn=(132)
calls=1 2329 
* 144
+1 3
+9 404
+1 404
+1 202
fi=(14)
261 202
fi=(79)
35 202
cfi=(14)
cfn=(98)
calls=202 267 
* 8686
fe=(91)
715 808
fi=(86)
126 8
+1 8
fe=(91)
708 16
+1 8
-6 26
+1 16
+2 8
fi=(42)
25 8
fi=(86)
126 56
+1 8
fe=(91)
707 8
fi=(86)
126 16
fe=(91)
712 2
-9 1

fn=(3204)
177 404
+1 202
fi=(40)
+16 202
fe=(91)
-14 404
+3 202
-3 202
+3 808
+7 202

fn=(3206)
155 404
+4 808
-1 404
+3 404
+1 808
-1 404
fi=(40)
359 404
fe=(91)
164 1616
+3 404
fi=(40)
+27 404
fe=(91)
-26 1616
-13 404
fi=(40)
+81 1616
fe=(91)
-68 404
+3 404

fl=(116)
fn=(1216)
21 4

fl=(29)
fn=(120)
39 77493
+1 77493
+1 77493
+13 77493
+1 77493
-1 3
+1 3
+1 76787
+1 76787
+1 75699
+1 75699
+1 75692
+1 55242
+1 55242
+1 54013
+1 22219
+1 22219
+1 21508
+1 21508
+1 2798
+1 2798
+1 1731
+1 1731
+1 1298
+1 1298
+2 876
+2 876
+1 876
+4 12
+1 12
+6 12
+1 12
+2 9
+1 9
+1 9
+1 9
+3 12
+1 12
+2 12
+1 12
+2 9
+1 9
+1 9
+1 9
+3 7
+1 25141
+1 7
+5 2
+1 2
+2 2
+1 2
+1 870
+1 2
+1 2
+6 3
+1 3
+1 3
+1 3
+31 1088
+1 1088
+1 1088
+1 1088
+1 1088
+2 709
+2 20450
+1 20450
+1 20450
+2 7
+1 7
+1 7
+1 7
+1 7
+2 1229
+1 1229
+1 1229
+1 1229
+1 1229
+3 31794
+1 31794
+1 31794
+2 711
+1 711
+1 711
+1 711
+1 711
+2 18710
+1 18710
+1 18710
+1 18710
+1 18710
+2 1067
+1 1067
+1 1067
+1 1067
+1 1067
+1 1067
+1 1067
+1 1067
+1 1067
+2 433
+1 433
+1 433
+1 433
+1 433
+1 433
+1 433
+1 433
+1 433
+1 433
+1 433
+1 433
+1 433
+1 433
+1 433
+1 433
+1 433
+2 422
+1 422
+1 422
+1 422
+1 422
+1 422
+1 422
+1 422
+1 422
+1 422
+1 422
+1 422
+1 422
+1 422
+1 422
+1 422
+1 422
+1 422
+1 422
+1 422
+1 422
+1 422
+1 422
+1 422
+1 422
+1 422
+1 422
+1 422
+1 422
+1 422
+1 422
+1 422
+2 422
+1 422
+2 10
+1 10
+1 10
+1 10
+1 10
+1 10
+1 10
+1 10
+1 10
+1 10
+1 10
+1 10
+1 10
+1 10
+1 10
+1 10
+1 10
+1 10
+1 10
+1 10
+1 10
+1 10
+1 10
+1 10
+1 10
+1 10
+1 10
+1 10
+1 10
+1 10
+1 10
+1 10
+1 10
+1 10
+1 10
+1 10
+1 10
+2 3
+1 3
+6 864
+1 864
+2 864
+2 864
+3 864
+1 864
+28 864
+1 864
+2 864
+1 864
+1 864
+2 864
+1 864
+2 864
+1 864
+2 864
+1 864
+2 864
+1 864
+2 864
+2 864
+1 864
+3 864
+2 864
+1 864
+3 864
+1 864
+1 864
+1 864
+1 864
+1 864
+1 864
+1 864
+1 864
+1 864
+1 864
+1 864
-11 5375
+1 5375
+1 5375
+1 5375
+1 5375
+1 5375
+1 5375
+1 5375
+1 5375
+1 5375
+1 5375
+1 5375
+2 864
+1 864
+1 864
+1 864
+1 864
+1 864
+1 864
+1 864
+1 864
+1 864
+1 864
+1 864
+1 864

fl=(225) /usr/local/go/src/strconv/quote.go
fn=(1974) strconv.IsPrint
518 38
+2 38
+1 57
+2 57

fl=(246)
fn=(3170)
35 7
+1 4
+4 5
cfn=(3048) os.prefixAndSuffix
calls=1 +24 
* 25
+1 2
-1 2
+80 8
+3 8
cfi=(16)
cfn=(2040)
calls=1 -54 
* 446
-79 3
+3 1
-5 1
+6 2
cfn=(3054) os.nextRandom
calls=1 -26 
* 435
* 8
cfi=(16)
cfn=(2040)
calls=1 +21 
* 458
+1 4
cfi=(142)
cfn=(3172)
calls=1 410 
* 4472
* 3
fi=(137)
+32 7
cfn=(3216)
calls=1 +36 
* 25
* 2
fe=(246)
-31 1
+6 6

fn=(3048)
64 6
+1 47
+1 39
fi=(247) /usr/local/go/src/internal/bytealg/lastindexbyte_generic.go
-49 47
+1 43
fe=(246)
+52 4
+1 2
+4 18

fn=(3044) os.MkdirTemp
86 7
+1 4
+1 1
fi=(142)
488 1
fi=(138)
-97 3
cfi=(244) /usr/local/go/src/os/env.go
cfn=(3024) os.Getenv
calls=1 101 
* 360
+1 4
fe=(246)
91 7
cfn=(3048)
calls=1 -27 
* 181
+1 2
-1 2
+29 8
+3 8
cfi=(16)
cfn=(2040)
calls=1 -54 
* 296
-28 3
+3 1
-5 1
+6 1
cfn=(3054)
calls=1 -77 
* 984
* 8
cfi=(16)
cfn=(2040)
calls=1 -30 
* 990
* 2
fi=(142)
329 1
fi=(248)
-74 1
+1 1
fi=(142)
+74 2
fi=(124)
-58 5
cfi=(126)
cfn=(3060) syscall.Mkdirat
calls=1 659 
* 547
* 2
fi=(248)
-15 3
fi=(142)
+76 2
fe=(246)
102 4
-2 1
+1 2
+1 6

fn=(3054)
22 10
+1 2
cfi=(25)
cfn=(426)
calls=2 160 
* 42
* 6
cfi=(220)
cfn=(1860)
calls=2 -11 
* 1353
* 6

fl=(20)
fn=(80)
14 729
+1 729
+1 51
+1 51
+2 678
+1 678
+1 678
+1 678
cfn=(82) memeqbody
calls=678 +24 
* 13737

fn=(82)
46 678
+1 678
+1 436
+1 436
+63 845
+1 845
+1 635
+1 635
+1 635
+1 635
+1 635
+1 635
+1 635
+1 226
+1 226
+4 210
+1 210
+1 210
+1 210
+1 210
+3 242
+1 242
+2 242
+1 242
+2 242
+1 242
+3 239
+1 239
+3 3
+1 3
+4 3
+1 3
-1 239
+1 239
+1 242
+1 242
+6 242
+1 242
+2 242
+1 242

fl=(226)
fn=(1978)
104 57
+3 38
+1 57
+1 57

fl=(224) /usr/local/go/src/testing/match.go
fn=(1970) testing.simpleMatch.verify
137 24
+1 32
+1 4
-1 16
+6 8
-1 4
-1 4
-4 32
+1 12
cfn=(1972) testing.rewrite
calls=4 284 
* 4124
* 28
+3 32
+2 8
-1 4
-1 40
+1 20
cfi=(4)
cfn=(1980) testing.testDeps.MatchString-fm
calls=4 0 
* 25372
* 8
+4 20

fn=(1956) testing.newMatcher
55 28
+2 28
+3 12
cfn=(1958) testing.splitRegexp
calls=4 168 
* 3851
* 8
+1 28
cfi=(4)
cfn=(1966) testing.(*simpleMatch).verify
calls=4 -61 
* 29880
* 8
+5 28
+1 16
cfi=(64)
cfn=(1964)
calls=4 438 
* 1016
* 8
+8 16
cfi=(30)
cfn=(190)
calls=4 2156 
* 964
+1 20
+1 4
+1 4
-2 4
-1 4
+1 4
+1 12
+1 4
+1 4
cfi=(123)
cfn=(1256)
calls=4 -36 
* 1140
* 20
-4 16

fn=(2056) testing.(*matcher).fullName
83 248
fi=(296)
-20 62
fe=(224)
+20 93
+1 62
+2 31
fi=(296)
-23 217
fe=(224)
+24 217
+2 120
+4 31
fi=(297)
-47 31
fi=(296)
+17 186
fe=(224)
+31 217
+3 62
fi=(162)
361 155
cfn=(2058) strings.genSplit
calls=31 -70 
* 12271
* 93
fe=(224)
101 310
cfi=(4)
cfn=(2062) testing.(*simpleMatch).matches
calls=31 0 
* 28267
* 93
+1 31
+6 18
cfi=(4)
cfn=(2218) testing.(*alternationMatch).matches
calls=2 0 
* 50
* 2
+1 2
+4 8
cfn=(2068) testing.(*matcher).fullName.deferwrap2
calls=2 -19 
* 30
* 8
cfn=(2070) testing.(*matcher).fullName.deferwrap1
calls=2 -26 
* 30
* 14
-10 174
cfn=(2068)
calls=29 -9 
* 435
* 116
cfn=(2070)
calls=29 -16 
* 435
* 203

fn=(1972)
284 24
+2 24
-1 4
+1 297
+2 19
+13 38
+1 19
+2 171
-18 19
+4 57
cfi=(225)
cfn=(1974)
calls=19 518 
* 190
* 38
+4 76
cfi=(16)
cfn=(1976)
calls=19 +11 
* 665
* 163
cfi=(60)
cfn=(378)
calls=5 178 
* 969
* 70
cfi=(29)
cfn=(120)
calls=5 39 
* 60
* 112
cfi=(29)
cfn=(120)
calls=14 39 
* 168
-8 133
+8 19
+3 16
cfi=(16)
cfn=(1898)
calls=4 139 
* 761
* 12

fn=(2068)
94 186
fi=(297)
-29 31
fi=(296)
194 124
+1 31
fe=(224)
94 93

fn=(2070)
87 186
fi=(297)
-22 31
fi=(296)
194 124
+1 31
fe=(224)
87 93

fn=(1958)
168 24
+5 8
-4 12
cfi=(162)
cfn=(1960) strings.Count
calls=4 42 
* 212
* 20
cfi=(60)
cfn=(448)
calls=4 -67 
* 140
* 4
+1 20
cfi=(162)
cfn=(1960)
calls=4 42 
* 212
* 20
cfi=(60)
cfn=(448)
calls=4 -68 
* 140
+3 266
+1 19
-1 57
+1 38
+17 19
-10 6
+4 6
-11 3
+17 3
-17 16
+15 18
-14 4
-1 2
+15 2
-12 28
+21 28
+10 19
-34 38
+34 19
+3 36
cfi=(60)
cfn=(378)
calls=4 -33 
* 1304
* 8
+4 4
-3 12
+3 4
-4 24
+1 8
+1 12
cfi=(64)
cfn=(1964)
calls=4 438 
* 1016
* 20

fl=(11) /usr/local/go/src/runtime/vgetrandom_linux.go
fn=(50) runtime.vgetrandomInit
26 5
+1 2
+1 3

fl=(65)
fn=(486) runtime.stkobjinit
264 5
+5 2
+2 3
+1 6
+5 2
fi=(57) /usr/local/go/src/runtime/type.go
88 3
+4 1
fe=(65)
284 2
-4 4
+6 3

fn=(1154) runtime.(*stkframe).argMapInternal
94 18840
+1 3768
+1 15072
+1 18840
+1 22608

fn=(1150)
157 22608
+1 7536
+1 11304
-1 3768
+6 15072
fi=(24)
902 11304
cfn=(106)
calls=3768 696 
* 52752
fe=(65)
166 11306
+5 7534
+1 18835
cfi=(24)
cfn=(1152) runtime.pcdatavalue
calls=3767 1240 
* 1538499
+2 7534
+8 11301
-8 3767
+8 11301
+8 3767
-16 3768
+8 3
-8 1
+8 3
+8 1
-16 1
fi=(24)
1267 8679
+4 2893
+1 2893
-2 8679
+6 5786
+3 5786
+2 2893
fe=(65)
182 2893
+11 14465
+5 8679
-6 2569
+7 10276
fi=(24)
1338 10276
fi=(49)
1032 5138
fe=(65)
204 3217
-6 2074
+16 1750
+1 1750
cfn=(1154)
calls=875 94 
* 18375
-1 5786
+1 5786
cfn=(1154)
calls=2893 94 
* 60753
+1 12390
fi=(24)
1267 7281
+4 2427
+1 2427
-2 7281
+6 4854
+3 4854
+2 2427
fe=(65)
220 12135
-1 2427
+5 14562
+5 7353
+1 36
fi=(24)
1338 9564
fi=(49)
1032 4782
fe=(65)
232 2391
fi=(24)
1267 1341
+3 1341
fe=(65)
237 2682
-22 1341
+22 1341
-22 2427
+22 2427
fi=(24)
1267 7943
fe=(65)
245 407
fi=(24)
1271 3361
+1 3361
-2 6722
+6 6722
+3 6722
+2 3361
fe=(65)
246 7536
+1 2486
+1 4972
+2 4972
-5 2486
+5 7458
fi=(42)
25 4972
fe=(65)
250 12508
+9 37680

fl=(13)
fn=(56) runtime.traceLockInit
69 1

fn=(212) runtime.(*mcentral).cacheSpan
152 2
+37 6
fi=(50)
88 2
fe=(13)
251 2
fi=(50)
89 2
+21 4
+3 2
-47 22
+48 2
cfi=(52)
cfn=(214)
calls=2 +36 
* 36
* 6
fi=(51)
+35 2
fi=(50)
+29 6
fe=(13)
-26 2
+37 6
fi=(50)
-10 2
fe=(13)
+72 2
fi=(50)
-71 2
+5 4
+1 10
+3 2
+1 2
+2 2
cfi=(49)
cfn=(352)
calls=2 1096 
* 14
+4 14
+2 6
cfi=(45)
cfn=(206) runtime.(*mcache).refill
calls=1 +8 
* 2604
cfi=(45)
cfn=(207) runtime.(*mcache).refill'2
calls=1 +8 
* 355132
fi=(51)
-48 2
fi=(40)
+44 2
fi=(51)
-43 10
+1 2
fi=(50)
-34 4
+1 2
fe=(13)
+33 2
+37 6
fi=(50)
-26 4
fe=(13)
+88 2
fi=(50)
-87 2
+7 4
cfn=(220)
calls=2 +80 
* 1442
+1 4
fe=(13)
+79 6
fi=(50)
-79 2
fe=(13)

fn=(2788) runtime.traceAllocFreeEnabled
160 810

fl=(154) /usr/local/go/src/compress/flate/huffman_code.go
fn=(1466) compress/flate.generateFixedLiteralEncoding
64 5
+1 1
-5 4
cfi=(60)
cfn=(448)
calls=1 +42 
* 178
* 3
cfi=(30)
cfn=(190)
calls=1 2156 
* 1511
* 8
+8 1
+21 1430
-21 860
+4 572
+2 288
+1 144
+1 284
+2 224
+1 112
+1 60
+2 48
+1 24
+3 12
+3 6
344 12
68 6
344 12
fi=(298) /usr/local/go/src/math/bits/bits.go
240 54
fe=(154)
89 292
344 560
68 280
344 560
fi=(298)
240 2520
fe=(154)
89 560
+2 3

fn=(1474) compress/flate.(*huffmanEncoder).generate
272 6
+1 6
+4 4
cfi=(60)
cfn=(448)
calls=1 102 
* 1416
* 6
+2 2
+4 1
+22 1
-26 7
+4 123
+1 61
+1 5
+1 2
+2 232
+4 2
+1 3
+3 1
+2 1
53 2
+1 1
-1 1
+1 1
296 7
+2 4
+2 3

fl=(92) /usr/local/go/src/runtime/arena.go
fn=(806) runtime.init.0
205 5
+4 8
+13 3

fl=(69) /usr/local/go/src/internal/runtime/cgroup/cgroup_linux.go
fn=(530) internal/runtime/cgroup.OpenCPU
54 6
+1 2
-11 3
+14 2
+2 3
cfn=(532) internal/runtime/cgroup.FindCPU
calls=1 209 
* 34827
+1 2
-1 2
+6 2
+27 2
+1 16
cfi=(29)
cfn=(120)
calls=1 -55 
* 20
+1 2
+1 1
-1 1
+1 6
cfi=(70)
cfn=(536)
calls=1 -50 
* 30
+1 2
+4 8

fn=(534) internal/runtime/cgroup.FindCPUCgroup
233 6
+3 6
-2 6
+1 3
cfi=(70)
cfn=(536)
calls=1 46 
* 28
+1 3
+2 2
-3 1
+9 8
cfi=(71) /usr/local/go/src/internal/runtime/cgroup/cgroup.go
cfn=(538) internal/runtime/cgroup.parseCPUCgroup
calls=1 109 
* 661
+1 2
-1 2
+6 1
fi=(70)
54 8
cfi=(41)
cfn=(154)
calls=1 -24 
* 10
fe=(69)
251 7

fn=(532)
209 7
44 1
210 1
44 3
211 2
44 6
216 1
cfn=(534)
calls=1 +17 
* 754
+1 2
+4 3
-5 1
+5 14
cfn=(554) internal/runtime/cgroup.FindCPUMountPoint
calls=1 +43 
* 34026
+1 6

fn=(554)
264 8
44 1
265 3
44 2
266 1
44 11
268 6
+1 3
cfi=(70)
cfn=(536)
calls=1 46 
* 28
+1 2
+2 2
-3 1
+7 15
cfi=(71)
cfn=(556) internal/runtime/cgroup.parseCPUMount
calls=1 -44 
* 33915
+1 2
-1 1
+5 1
fi=(70)
54 8
cfi=(41)
cfn=(154)
calls=1 -24 
* 10
fe=(69)
283 6

fl=(141)
fn=(1390) runtime.SetFinalizer.func2
537 2652
+1 408
-1 408
+1 204
cfi=(31)
cfn=(1392)
calls=204 2110 
* 81504
* 408
+3 408
+3 612

fn=(1370) runtime.SetFinalizer
432 4080
+2 408
+1 816
fi=(48)
196 408
fe=(141)
438 408
+4 1224
fi=(31)
616 1224
+86 816
+3 816
+9 408
+4 816
+1 816
+3 1632
fe=(141)
456 408
fi=(92)
922 408
+1 816
+3 408
fe=(141)
445 408
+4 816
-15 408
+22 1632
cfi=(49)
cfn=(1378)
calls=408 1361 
* 17952
+2 816
+8 408
fi=(31)
600 408
fe=(141)
466 1224
+4 1224
+35 408
-26 408
+1 816
fi=(48)
196 204
fe=(141)
493 204
-14 204
fi=(48)
+61 408
fe=(141)
-43 204
+3 408
fi=(48)
+19 612
+1 204
fe=(141)
-17 408
+2 408
fi=(48)
+5 408
+18 408
+1 408
+4 612
+1 204
+2 612
259 204
536 1836
fe=(141)
-8 612
-46 1632
cfi=(2)
cfn=(134)
calls=204 +38 
* 73659
* 408
+8 612
cfi=(138)
cfn=(3474)
calls=3 324 
* 93424
+38 204
+1 204
fi=(42)
375 816
fe=(141)
529 204
-1 1020
fi=(42)
375 612
fe=(141)
531 204
+3 204
cfn=(1384) runtime.createfing
calls=204 169 
* 3400
+3 3468
cfi=(2)
cfn=(134)
calls=204 -17 
* 94356
* 408
+8 612

fn=(1371) runtime.SetFinalizer'2
432 30
+2 3
+1 6
fi=(48)
196 3
fe=(141)
438 3
+4 9
fi=(31)
616 9
+86 6
+3 6
+9 3
+4 6
+1 6
+3 12
fe=(141)
456 3
fi=(92)
922 3
+1 6
+3 3
fe=(141)
445 3
+4 6
-15 3
+22 12
cfi=(49)
cfn=(1378)
calls=3 1361 
* 132
+2 6
+8 3
fi=(31)
600 3
fe=(141)
466 9
+4 9
+35 3
-26 3
+1 6
fi=(48)
196 3
fe=(141)
493 3
-14 3
fi=(48)
+61 6
fe=(141)
-43 3
+3 6
fi=(48)
+19 9
+1 3
fe=(141)
-17 6
+2 6
fi=(48)
+5 6
+18 6
+1 6
+4 9
+1 3
+2 9
259 3
536 27
fe=(141)
-8 12
+1 3
fi=(42)
375 12
fe=(141)
529 3
-1 15
fi=(42)
375 9
fe=(141)
531 3
+3 3
cfn=(1384)
calls=3 169 
* 33
+3 51
cfi=(2)
cfn=(135)
calls=3 -17 
* 84
* 6
+8 9
cfi=(138)
cfn=(1366) os.newFile
calls=2 226 
* 27382
cfi=(138)
cfn=(1367) os.newFile'2
calls=1 226 
* 47023

fn=(1384)
169 1035
fi=(40)
+25 207
fe=(141)
-23 414
fi=(40)
+65 6
fe=(141)
-65 1
+1 2
cfi=(12)
cfn=(630) runtime.newproc
calls=1 5295 
* 1147
+2 621

fn=(3490) runtime.SetFinalizer.func1
482 1407
+1 603
cfi=(31)
cfn=(3492) runtime.removefinalizer
calls=201 2149 
* 62922
+2 402
+4 603

fn=(2502) runtime.finalizercommit
176 5
+1 1
fi=(14)
+84 1
fi=(79)
35 2
cfi=(14)
cfn=(98)
calls=1 267 
* 43
fe=(141)
180 1
fi=(40)
280 3
fe=(141)
-99 4

fl=(144) /usr/local/go/src/os/signal/signal_unix.go
fn=(1402) os/signal.init.0
27 4
+1 4
+1 2

fl=(25)
fn=(426)
160 120
+5 80
+1 160
+1 40
+9 1
+1 2
cfi=(26) /usr/local/go/src/internal/chacha8rand/chacha8.go
cfn=(3038) internal/chacha8rand.(*State).Refill
calls=1 -92 
* 912
+1 2
-1 1
fi=(26)
55 1
fe=(25)
172 1
fi=(26)
56 2
-1 40
fe=(25)
172 40
fi=(26)
56 80
+3 80
+1 80
fe=(25)
174 120

fn=(1260)
183 108
+1 27
cfn=(426)
calls=27 -24 
* 1489
* 54

fn=(418) runtime.mrandinit
188 40
+2 8
-1 32
+1 40
+1 32
cfn=(180) runtime.bootstrapRand
calls=32 -70 
* 2880
* 64
-1 32
+4 32
-4 80
+3 8
cfn=(420) runtime.bootstrapRandReseed
calls=8 -56 
* 8576
+1 16
fi=(26)
75 8
+1 8
-1 40
+1 24
cfi=(27) /usr/local/go/src/internal/chacha8rand/chacha8_amd64.s
cfn=(114) internal/chacha8rand.block
calls=8 -21 
* 7104
+1 16
+1 16
fe=(25)
195 8
cfn=(426)
calls=8 -35 
* 168
* 16
+1 24

fn=(110) runtime.randinit
38 5
+1 1
fi=(14)
152 1
fi=(79)
24 3
cfi=(14)
cfn=(90)
calls=1 155 
* 21
fe=(25)
+16 2
+5 4
+3 2
+66 1
-53 13
cfi=(26)
cfn=(112) internal/chacha8rand.(*State).Init
calls=1 +3 
* 919
+1 3
+2 2
+18 1
+1 1
fi=(14)
261 1
fi=(79)
35 2
cfi=(14)
cfn=(98)
calls=1 267 
* 43
fe=(25)
+49 3
-7 2
-10 9
+1 2
+1 2
fi=(26)
-14 2
+1 6
+3 4
+1 8
-4 2
fe=(25)
+14 2
fi=(28) /usr/local/go/src/internal/byteorder/byteorder.go
+65 2
fe=(25)
-64 2
fi=(28)
+57 2
fe=(25)
-52 20
cfi=(29)
cfn=(120)
calls=2 -37 
* 32
+1 36
+2 5
+35 8
+1 8
-1 34
+3 1
-69 3
+66 9
+1 8
-1 34
+3 1
-69 2
+1 17
+1 128
-1 52

fn=(180)
121 245
+1 49
fi=(14)
+30 49
fi=(79)
24 147
cfi=(14)
cfn=(90)
calls=49 155 
* 1029
fe=(25)
+99 98
fi=(26)
-68 49
fe=(25)
+72 49
fi=(26)
-71 98
+3 98
+1 196
fe=(25)
+68 49
fi=(14)
261 49
fi=(79)
35 98
cfi=(14)
cfn=(98)
calls=49 267 
* 1979
fe=(25)
+94 196

fn=(420)
137 40
+1 8
fi=(14)
+14 8
fi=(79)
24 16
cfi=(14)
cfn=(90)
calls=8 155 
* 168
fe=(25)
139 16
+3 24
cfi=(26)
cfn=(422) internal/chacha8rand.(*State).Reseed
calls=8 -29 
* 7928
+1 8
fi=(14)
261 8
fi=(79)
35 16
cfi=(14)
cfn=(98)
calls=8 267 
* 312
fe=(25)
144 24

fl=(43)
fn=(158) runtime.(*pageAlloc).sysInit
71 5
+3 11
+12 5
-12 5
+12 5
-12 22
+1 20
+3 5
fi=(42)
375 10
fe=(43)
79 5
-4 20
fi=(42)
375 15
fi=(35)
173 20
cfi=(37)
cfn=(160) runtime.sysReserveOS
calls=5 -10 
* 690
fe=(43)
-93 10
+6 50
+2 3

fn=(276)
188 15
+1 18
fi=(33)
-76 15
fe=(43)
+92 3
fi=(40)
359 3
fe=(43)
206 3
fi=(40)
359 3
fe=(43)
207 6
fi=(42)
382 6
-7 9
fe=(43)
208 6
fi=(42)
382 3
fe=(43)
211 3
+3 6
-3 3
+3 4
+6 3
-1 9
-30 6
fi=(40)
359 6
fe=(43)
214 3
+5 9
+1 12
cfi=(34)
cfn=(266)
calls=3 33 
* 51
* 6
+1 18
cfi=(34)
cfn=(266)
calls=3 33 
* 51
+4 9
cfi=(34)
cfn=(280)
calls=3 60 
* 70
fi=(34)
-77 12
43 3
+5 1
+94 2
fe=(43)
+86 1
fi=(34)
-86 6
fe=(43)
+86 6
fi=(34)
-80 2
fe=(43)
+77 1
fi=(34)
-77 1
43 1
+5 1
+94 1
fe=(43)
+87 1
-4 1
+4 7
cfi=(35)
cfn=(250) runtime.sysMap
calls=1 +48 
* 186
fi=(34)
-81 3
43 1
+5 1
+94 4
+6 1
fe=(43)
+82 1
fi=(34)
43 1
+5 1
+94 1
fe=(43)
+88 2
fi=(35)
90 1
fi=(40)
344 2
fi=(35)
91 3
cfi=(37)
cfn=(272) runtime.sysUsedOS
calls=1 -2 
* 10
fe=(43)
214 2
+18 1
fi=(40)
379 1
fe=(43)
232 1
fi=(40)
379 2
fe=(43)
233 1
+2 3
fi=(40)
379 1
fi=(34)
148 3
fe=(43)
+88 1
fi=(34)
-94 3
+6 2
43 3
+5 1
+94 1
fe=(43)
+97 15

fn=(262) runtime.(*pageAlloc).sysGrow
100 15
+1 21
+43 9
cfi=(34)
cfn=(264)
calls=3 265 
* 79
* 6
+3 18
+20 30
-20 51
+2 60
cfi=(34)
cfn=(266)
calls=15 33 
* 255
+6 60
fi=(33)
+18 60
fe=(43)
-26 15
fi=(33)
+26 30
+1 45
+8 75
fe=(43)
-27 15
-45 15
+1 15
fi=(33)
+72 30
-9 30
-1 15
+1 15
+8 45
fi=(42)
382 30
-7 30
+7 15
fe=(43)
155 30
+1 18
-38 12
+2 6
fi=(42)
382 12
-7 12
fe=(43)
160 6
-41 6
+1 6
fi=(42)
382 6
-7 6
fe=(43)
120 12
-2 18
+2 9
fi=(42)
382 18
-7 18
fe=(43)
160 9
-41 9
+1 9
fi=(42)
382 9
-7 9
fe=(43)
120 18
fi=(42)
-95 30
fe=(43)
+97 15
+1 15
+44 45
+1 50
-13 10
+13 40
fi=(33)
+5 20
fe=(43)
-53 10
fi=(33)
+53 20
+1 30
+8 50
fe=(43)
-51 10
+1 10
-22 10
+1 10
+8 10
+3 10
+1 10
fi=(33)
+60 20
-10 30
+1 10
+8 30
fi=(42)
382 30
fe=(43)
118 10
fi=(42)
382 10
25 10
375 50
25 10
fe=(43)
168 20
cfi=(34)
cfn=(280)
calls=10 60 
* 190
-48 10
+50 10
fi=(33)
+3 20
fe=(43)
-3 20
-23 10
+23 60
fi=(34)
-22 45
43 15
+5 5
+94 10
fe=(43)
+32 5
fi=(34)
-32 20
fe=(43)
+32 30
fi=(34)
-26 10
fe=(43)
+26 10
fi=(34)
-26 5
43 5
+5 5
+94 5
fe=(43)
+37 5
-5 5
+5 30
cfi=(35)
cfn=(250)
calls=5 +98 
* 930
fi=(34)
-31 20
43 5
+5 5
+94 20
+6 5
fe=(43)
+32 5
fi=(34)
43 5
+5 5
+94 5
fe=(43)
+38 10
fi=(35)
-90 5
fi=(40)
344 10
fi=(35)
91 15
cfi=(37)
cfn=(272)
calls=5 -2 
* 50
fi=(34)
+57 15
43 5
+5 5
+94 15
fe=(43)
+39 15
-34 5
+8 5
+12 5
+14 5
+2 9

fn=(166)
245 5
+6 1
-3 1
fi=(35)
-75 5
cfi=(37)
cfn=(160)
calls=1 -10 
* 138
fe=(43)
+77 6
+1 4

fl=(231) /usr/local/go/src/testing/example.go
fn=(2138) testing.runExamples
29 6
+6 2
-3 9
cfi=(224)
cfn=(1956)
calls=1 +23 
* 3065
* 1
+2 4
+1 8
+11 4

fl=(152) /usr/local/go/src/go/token/token.go
fn=(1448) go/token.init.0
284 5
+1 4
cfi=(123)
cfn=(1408)
calls=1 62 
* 2325
* 4
+1 26
+1 175
cfi=(19)
cfn=(1182)
calls=25 -24 
* 3985
* 50
-1 77
+3 3

fl=(256)
fn=(3466) bytes.(*Buffer).WriteTo
276 238
+1 34
97 136
278 68
+1 68
-1 34
97 34
279 34
97 68
279 306
cfi=(142)
cfn=(3228) os.(*File).Write
calls=34 -68 
* 20070
+1 102
+3 68
+2 68
-5 34
+10 34
+5 34
125 68
+1 34
+1 34
296 204

fl=(271)
fn=(3514)
fi=(275)
47 24
+1 3
-1 6
+1 6
+3 12
cfi=(12)
cfn=(634)
calls=3 5313 
* 1656
* 15
cfi=(2)
cfn=(2338)
calls=3 1889 
* 63
* 9
+4 15
+5 9
cfi=(2)
cfn=(135)
calls=3 566 
* 51604
fe=(271)
+28 28
+1 12
+1 16
+1 4
+1 4
-4 24
cfi=(75)
cfn=(3756)
calls=4 192 
* 1004
* 56
fi=(270)
-74 20
cfi=(30)
cfn=(190)
calls=2 2156 
* 807
cfi=(30)
cfn=(191)
calls=2 2156 
* 1353
+1 8
fi=(269)
+59 8
fi=(270)
-59 4
cfi=(2)
cfn=(2690)
calls=4 1892 
* 84
* 8
fi=(269)
+59 8
fi=(270)
-59 4
fi=(269)
+59 4
fi=(263)
354 24
cfn=(3358)
calls=4 -25 
* 2780
* 4
fi=(269)
76 8
fi=(273)
-54 16
cfi=(20)
cfn=(80)
calls=4 -8 
* 96
* 8
fi=(269)
+59 4
+1 28
cfi=(2)
cfn=(2386)
calls=4 1886 
* 84
* 16
+7 28
cfi=(260)
cfn=(3545)
calls=3 258 
* 1173
cfi=(260)
cfn=(3544)
calls=1 258 
* 386
* 6
+4 9
+4 6
cfi=(30)
cfn=(190)
calls=2 2156 
* 732
cfi=(30)
cfn=(191)
calls=1 2156 
* 366
* 15
cfi=(2)
cfn=(2386)
calls=3 1886 
* 63
* 18
cfi=(274)
cfn=(3552)
calls=3 -77 
* 7861
fe=(271)

fn=(3518) bufio.(*Reader).Read
216 373200
+2 186600
+6 186600
+1 800
-7 400
+10 400
+15 200
+2 1600
cfi=(142)
cfn=(3520) os.(*File).Read
calls=200 140 
* 103244
* 822
cfi=(2)
cfn=(2338)
calls=11 1889 
* 231
* 33
+1 33
-1 189
+1 567
+3 200
+3 200
+6 1617800
cfi=(29)
cfn=(120)
calls=62200 39 
* 993000
+1 311000
+1 497600
+1 62200
+1 373200

fl=(33)
fn=(236) runtime.(*pageAlloc).alloc
879 430
+1 86
+4 86
113 344
884 340
124 168
891 420
+3 410
1058 164
+3 164
894 164
134 138
357 138
113 69
894 69
357 276
895 138
cfi=(53)
cfn=(312) runtime.(*pallocBits).find
calls=69 232 
* 4509
+1 138
+5 69
+1 69
118 138
901 69
+1 69
-1 138
+1 69
+1 69
+5 15
cfn=(500) runtime.(*pageAlloc).find
calls=15 654 
* 97275
+1 30
+1 3
+6 3
+2 5
+4 112
cfn=(314) runtime.(*pageAlloc).allocRange
calls=14 577 
* 6970
* 414
cfn=(314)
calls=69 577 
* 96931
+5 166
fi=(34)
148 498
fe=(33)
927 83
+1 53
+2 415
-45 10

fn=(2794) runtime.(*pageAlloc).free
940 2065
+1 413
+3 413
fi=(34)
148 1652
fe=(33)
944 413
+1 11
-1 33
+3 55
+1 22
-4 1206
+3 2010
+1 804
113 1064
+11 456
957 304
+1 304
124 456
960 304
134 304
357 304
963 456
-1 304
357 608
962 152
fi=(53)
359 456
cfn=(302)
calls=152 72 
* 4864
fe=(33)
963 760
cfi=(44)
cfn=(2796)
calls=152 1147 
* 15063
* 304
134 522
951 261
+1 261
357 522
954 261
113 522
+11 1044
357 1044
953 261
fi=(53)
68 783
354 261
68 261
fe=(33)
954 1305
cfi=(44)
cfn=(2796)
calls=261 1147 
* 25886
+22 2478
cfn=(290)
calls=413 492 
* 202353
+1 1239

fn=(294) runtime.mergeSummaries
1084 1388
+5 1041
-15 1041
+4 694
+1 694
-2 347
+1 347
+1 347
+10 347
+1 347
+2 2429
-2 2429
+7 7287
+1 2429
+7 2429
+7 4858
-22 2429
+7 7287
+15 2429
+1 2429
-16 2429
+8 9716
+7 9716
-22 7981
+2 2429
-18 4858
+4 4858
+1 4858
-2 2429
+1 2429
+1 2429
+13 2776
-52 694
+3 347
+1 694
-1 347
+2 694
-1 347
+74 1388

fn=(260) runtime.(*pageAlloc).grow
364 15
+20 6
-19 3
+12 6
fi=(42)
-2 12
+7 6
fe=(33)
113 9
369 3
+1 3
+4 3
cfi=(43)
cfn=(262)
calls=3 100 
* 3686
+3 18
cfi=(44)
cfn=(274)
calls=3 1066 
* 719
* 6
+5 3
+1 6
113 21
382 3
+2 7
+1 1
113 4
387 2
113 8
387 4
+1 3
+5 6
cfi=(34)
cfn=(266)
calls=3 33 
* 51
* 24
cfi=(34)
cfn=(286)
calls=3 -57 
* 320
+5 6
fi=(34)
148 12
fe=(33)
398 3
+1 9
+8 6
-50 6
143 3
357 3
+72 15
cfi=(53)
cfn=(288)
calls=3 30 
* 180
-22 6
+1 3
+27 3
-28 18
134 6
408 6
-1 3
+1 9
134 1
411 6
cfi=(35)
cfn=(140) runtime.sysAlloc
calls=1 49 
* 178
+1 2
+3 3
-4 1
+8 2
+3 1
fi=(35)
105 2
cfi=(37)
cfn=(246) runtime.sysNoHugePageOS
calls=1 +11 
* 27
fe=(33)
427 4
-70 2
143 2
427 1
+8 15
cfn=(290)
calls=3 +57 
* 5157
+1 9

fn=(128) runtime.(*pageAlloc).init
312 5
+1 6
+8 3
-8 2
+8 1
+3 3
cfi=(34)
cfn=(130)
calls=1 -70 
* 477
+3 4
cfi=(43)
cfn=(158)
calls=1 71 
* 901
+3 3
+3 6
+3 4
cfi=(44)
cfn=(162)
calls=1 1055 
* 201
* 2
+3 2
+1 3

fn=(500)
654 108
+81 36
-80 18
+46 18
+1 18
-4 36
+15 144
+22 18
+1 160
+10 80
-10 598
+2 164
-2 82
+2 246
+5 82
+3 164
-7 164
+7 82
-3 164
-5 82
+5 82
+3 492
-8 82
+8 492
+7 164
150 492
746 82
150 246
753 328
+1 268
+14 30
-32 15
+3 15
+4 15
+3 15
+21 15
-31 15
+31 45
+1 15
-32 67
+3 67
+4 67
+3 67
+21 67
-31 67
+31 201
+1 29979
+61 14956
-61 30076
+1 30072
+1 45016
+4 14944
-6 92
+1 92
-1 184
+11 276
-10 92
+10 276
156 276
1053 184
779 368
156 460
779 184
cfn=(2874) runtime.(*pageAlloc).find.func1
calls=92 -66 
* 2556
1050 276
781 276
+1 460
1050 184
+8 92
+3 276
793 92
1050 92
793 184
+9 24
1050 12
779 12
+23 12
1066 12
+3 24
779 12
+29 72
+10 12
1053 12
768 12
+1 12
+10 24
-11 24
+11 12
-11 12
156 12
809 12
134 32
357 32
736 16
357 32
143 16
357 16
847 48
cfi=(53)
cfn=(312)
calls=16 232 
* 1514
+1 32
+10 16
+4 16
+1 48
118 16
858 64
+4 32
118 16
863 64
cfn=(2874)
calls=16 713 
* 468
+1 48
cfn=(2878) runtime.(*pageAlloc).findMappedAddr
calls=16 618 
* 400
* 80
-50 4
+6 4
+2 10

fn=(314)
577 498
+8 249
-7 83
+2 332
113 747
+11 249
581 166
+1 166
124 249
585 166
134 166
587 166
357 166
590 249
-1 166
357 498
588 332
cfi=(53)
cfn=(316) runtime.(*pageBits).popcntRange
calls=83 106 
* 2851
* 83
357 249
589 249
cfi=(53)
cfn=(300)
calls=83 426 
* 5756
+1 332
cfi=(44)
cfn=(306)
calls=83 1132 
* 6065
+18 664
cfn=(290)
calls=83 492 
* 82589
+1 415

fn=(298) runtime.(*pageAlloc).markRandomPaddingPages
988 5
+6 3
-5 1
+2 4
113 9
+11 3
992 2
+1 2
124 3
994 2
134 2
995 1
357 2
997 3
-1 2
357 4
998 3
357 1
996 2
cfi=(53)
cfn=(300)
calls=1 426 
* 157
+1 5
cfi=(44)
cfn=(306)
calls=1 1132 
* 73
+1 4
cfi=(53)
cfn=(288)
calls=1 30 
* 60
+17 6
cfn=(290)
calls=1 492 
* 1936
+1 3

fn=(290)
492 3324
+8 554
-7 554
+3 1108
113 6094
497 1108
+3 1108
+3 2770
134 1108
503 1108
357 1108
503 554
357 2216
504 1108
cfi=(53)
cfn=(292) runtime.(*pallocBits).summarize
calls=554 136 
* 165089
+1 1662
+3 1328
-2 1164
+38 1177
173 347
+1 347
544 2283
173 1388
+1 694
550 1041
+1 1041
+3 347
174 1041
-1 347
+1 1041
557 347
+1 347
+1 347
-2 694
173 347
+1 694
558 694
-1 694
+1 694
-1 2082
+1 9022
+1 694
cfn=(294)
calls=347 1084 
* 104447
+1 3470
+1 347
+2 825
-2 108
+6 498

fn=(2874)
713 648
+1 108
fi=(34)
154 432
fe=(33)
714 216
fi=(34)
131 108
+23 432
fe=(33)
714 108
+3 72
fi=(34)
131 144
fe=(33)
718 144
fi=(34)
131 36
+17 72
fe=(33)
719 72
fi=(34)
148 72
fe=(33)
719 36
+7 324

fn=(2878)
618 80
+1 16
+4 16
fi=(31)
-7 32
fe=(33)
+8 80
fi=(31)
-8 32
fe=(33)
+8 80
+11 64

fl=(261) /usr/local/go/src/slices/zsortordered.go
fn=(3272) slices.choosePivotOrdered[go.shape.string]
263 7
+9 1
-3 1
+4 5
+2 1
-2 1
+1 1
+1 1
+3 3
+1 2
+7 6
cfn=(3274) slices.medianOrdered[go.shape.string]
calls=1 +23 
* 179
* 1
+3 1
+1 2
+2 2
+3 4

fn=(3278) slices.partitionOrdered[go.shape.string]
137 7
+1 22
+1 3
+2 1
+1 3
-1 28
fi=(262) /usr/local/go/src/cmp/cmp.go
29 4
fe=(261)
141 20
fi=(262)
29 8
cfi=(115) /usr/local/go/src/internal/bytealg/compare_amd64.s
cfn=(1208) runtime.cmpstring
calls=4 -4 
* 112
* 8
fe=(261)
141 24
+1 8
-1 9
+4 3
-1 24
fi=(262)
29 4
fe=(261)
144 20
fi=(262)
29 12
cfi=(115)
cfn=(1208)
calls=4 -4 
* 112
* 4
fe=(261)
144 8
+7 8
-7 4
+1 4
-1 17
+3 2
+4 19
+1 1
+1 1
+2 1
+10 3
+1 1
+1 2
-11 1
+11 1
-11 13
fi=(262)
29 2
fe=(261)
156 10
fi=(262)
29 4
cfi=(115)
cfn=(1208)
calls=2 -4 
* 56
* 4
fe=(261)
156 12
+1 2
-1 6
+4 6
-1 28
fi=(262)
29 4
fe=(261)
159 20
fi=(262)
29 8
cfi=(115)
cfn=(1208)
calls=4 -4 
* 112
* 4
fe=(261)
159 8
+6 8
-6 4
+1 4
-1 20
+3 2
+3 15
+4 15
+1 4

fn=(3270) slices.pdqsortOrdered[go.shape.string]
63 12
+8 14
+20 8
-19 3
+2 2
-2 6
+2 4
+6 2
-8 6
+14 1
+5 3
cfn=(3272)
calls=1 263 
* 218
+1 2
324 2
102 7
+8 6
+6 9
cfn=(3278)
calls=1 +21 
* 880
* 2
+3 6
+1 4
+1 2
-2 1
+4 7
cfn=(3271) slices.pdqsortOrdered[go.shape.string]'2
calls=1 -60 
* 354
+1 2
-2 5
+2 1
-52 2
+3 4
cfn=(3282) slices.insertionSortOrdered[go.shape.string]
calls=2 -63 
* 1247
+1 6

fn=(3271)
63 6
+8 7
+1 3
+2 2
+1 2
cfn=(3282)
calls=1 -63 
* 331
+1 3

fn=(3274)
309 6
+1 1
-9 19
fi=(262)
29 1
fe=(261)
301 3
fi=(262)
29 3
cfi=(115)
cfn=(1208)
calls=1 -4 
* 28
* 1
fe=(261)
301 1
+1 1
+8 2
+1 2
-10 11
+9 2
-9 1
fi=(262)
29 1
fe=(261)
301 3
fi=(262)
29 3
cfi=(115)
cfn=(1208)
calls=1 -4 
* 28
* 1
fe=(261)
301 1
+1 2
+9 2
+1 2
-11 12
+10 1
-10 1
fi=(262)
29 1
fe=(261)
301 3
fi=(262)
29 2
cfi=(115)
cfn=(1208)
calls=1 -4 
* 28
* 1
fe=(261)
301 1
+11 1
+1 3

fn=(3282)
12 15
+1 82
+1 11
+1 30
-1 284
fi=(262)
+15 19
fe=(261)
-15 57
fi=(262)
+15 57
cfi=(115)
cfn=(1208)
calls=19 -4 
* 603
* 38
fe=(261)
-15 19
+1 38
-1 19
-1 38
+1 19
+1 38
-1 42
+1 160
+3 9

fl=(146)
fn=(1884) internal/runtime/maps.(*table).grow
1227 25
+3 15
-2 30
cfn=(1412)
calls=5 73 
* 7718
+2 15
-2 5
+2 15
fi=(112)
356 30
fe=(146)
1257 5
fi=(112)
356 20
+1 5
-7 5
+7 30
+2 10
-9 15
fe=(146)
1258 5
+1 15
-28 110
fi=(113)
330 40
+3 20
fe=(146)
1232 60
+1 540
fi=(113)
285 160
133 160
fe=(146)
1234 320
fi=(113)
290 280
fi=(214)
60 140
fe=(146)
1239 140
fi=(113)
292 280
fi=(214)
60 140
fe=(146)
1240 140
-7 140
fi=(113)
297 280
+2 280
fi=(214)
63 140
fe=(146)
1245 140
+4 140
-5 140
+5 840
cfi=(2)
cfn=(1184)
calls=140 +48 
* 4042
+2 840
cfn=(1866)
calls=140 382 
* 22834
fi=(112)
356 140
fe=(146)
1231 280
+2 140
fi=(113)
290 140
fe=(146)
1251 140

fn=(1414) internal/runtime/maps.(*table).reset
101 85
+15 51
-14 34
fi=(113)
321 17
+1 34
-1 34
cfi=(30)
cfn=(1276)
calls=17 2230 
* 16294
fe=(146)
103 102
+1 34
+12 34
+4 34
+9 34
+3 51
-27 17
+2 51
fi=(113)
330 232
+3 116
fe=(146)
108 116
+1 116
fi=(113)
+38 232
fe=(146)
-40 382
+4 51

fn=(1880) internal/runtime/maps.(*table).pruneTombstones
510 25
+86 40
-85 20
+2 15

fn=(1882) internal/runtime/maps.(*table).rehash
1145 25
+16 10
+1 10
+1 10
cfn=(1884)
calls=5 +64 
* 41149
+1 15

fn=(2098)
810 95
+1 57
+7 45
-7 15
+12 45
+55 75
-65 12
+2 12
-60 1
+2 1
917 80
+2 30
+1 4
fi=(112)
346 2
fe=(146)
922 1
-1 1
+1 2
+16 3
+7 3
+1 3
-1 42
+1 42
+16 45
+1 30
+1 56
+5 2
+1 2
fi=(113)
330 4
+3 2
fe=(146)
970 6
-25 2
fi=(113)
285 2
133 2
fe=(146)
973 4
-28 13
fi=(113)
285 13
133 13
fe=(146)
973 26
+3 14
fi=(113)
290 28
fi=(214)
60 14
fi=(113)
292 28
fi=(214)
60 14
fe=(146)
977 14
+4 28
+2 14
+25 2
+20 8
+1 3
+1 2
+2 4
+9 2
fi=(113)
285 1
fe=(146)
1042 1
fi=(113)
215 4
fe=(146)
1032 1
+12 1
-99 1
fi=(113)
68 5
fe=(146)
1047 1
+5 2
+3 4
+1 1
753 10
+1 1
+1 2
fi=(113)
297 28
fe=(146)
995 14
fi=(113)
299 28
fi=(214)
63 14
fe=(146)
996 14
+5 14
+1 42
+1 14
+1 42
1137 3
+2 3

fn=(1412)
73 85
+1 68
+4 34
cfi=(30)
cfn=(191)
calls=5 2156 
* 1893
cfi=(30)
cfn=(190)
calls=12 2156 
* 4036
+1 34
+1 34
-6 34
+4 34
+5 17
-9 17
+4 17
fi=(113)
276 17
fe=(146)
89 17
fi=(113)
276 102
fe=(146)
94 51
cfn=(1414)
calls=17 +7 
* 18151
+2 68

fn=(1866)
382 780
+1 312
+8 156
fi=(112)
184 312
fe=(146)
1283 312
392 156
1290 3
-1 1
fi=(113)
330 2
+3 1
fe=(146)
+60 1
+2 1
fi=(113)
196 3
fe=(146)
396 2
fi=(113)
-66 312
+3 156
fe=(146)
+60 156
+2 156
fi=(113)
196 468
fe=(146)
396 312
-13 312
fi=(113)
-93 156
fi=(214)
60 156
fe=(146)
397 156
+2 156
fi=(113)
49 312
290 156
+2 312
fi=(214)
60 156
fe=(146)
400 156
-17 312
+20 624
cfi=(75)
cfn=(1808) internal/runtime/maps.typedmemmove
calls=156 235 
* 6864
+10 156
fi=(113)
297 156
fe=(146)
408 156
fi=(112)
191 156
fi=(113)
297 624
+2 156
fi=(214)
63 156
fe=(146)
406 156
fi=(113)
299 312
fi=(214)
63 156
fe=(146)
407 156
+3 624
cfi=(75)
cfn=(1808)
calls=156 235 
* 6240
+3 156
fi=(112)
191 156
fi=(113)
-49 156
fe=(146)
413 468
+1 468
fi=(113)
285 156
fi=(112)
-94 156
fe=(146)
415 468
fi=(113)
142 156
fe=(146)
416 468

fn=(2096)
678 25
+1 20
+2 16
+6 2
+3 2
+3 4
-12 2
+12 1
+1 1
cfi=(25)
cfn=(1260)
calls=1 183 
* 28
* 3
+1 1
cfi=(25)
cfn=(1260)
calls=1 183 
* 28
* 2
+1 3
+1 2
+1 5
+1 2
+1 3
-18 12

fl=(244)
fn=(3024)
101 10
+3 4
-2 2
cfi=(245) /usr/local/go/src/internal/testlog/log.go
cfn=(3026) internal/testlog.Getenv
calls=2 -52 
* 36
+1 6
cfi=(122)
cfn=(3028) syscall.Getenv
calls=2 -37 
* 80548
+1 6

fl=(251) /usr/local/go/src/os/file_open_unix.go
fn=(3178) os.open
14 1212
+1 202
fi=(124)
280 1212
cfi=(126)
cfn=(3180) syscall.openat
calls=202 92 
* 119919
fe=(251)
16 1212

fl=(265) /usr/local/go/src/slices/zsortanyfunc.go
fn=(3430) slices.symMergeCmpFunc[go.shape.*uint8]
378 6
+4 9
+24 4
+21 2
+1 1
+2 2
+1 2
-4 2
+5 1
-50 3
+45 1
+1 1
+11 1
+2 3
+11 3
-11 3
+11 3
-2 3
-1 3
+6 3
-14 6
-2 3
+11 3
-11 12
+1 6
+1 21
-2 3
+1 3
+1 15
cfi=(257)
cfn=(3335) github.com/ollama/ollama/internal/testutil/gguf.Write.func1'2
calls=3 74 
* 26409
* 6
+1 12
+6 2
+1 4
+3 4
+3 5
+1 4
cfn=(3431) slices.symMergeCmpFunc[go.shape.*uint8]'2
calls=1 -78 
* 103227
+2 3

fn=(3431)
378 30
+4 44
+24 16
-24 1
+30 1
+15 6
+1 3
+2 6
+22 3
-11 3
-4 6
-55 9
+45 3
+1 3
+11 3
+2 6
+11 6
-11 6
+11 6
-2 6
-1 6
+6 6
-14 12
-2 6
+11 6
-11 27
+1 12
+1 42
-2 6
+1 6
+1 30
cfi=(257)
cfn=(3335)
calls=6 74 
* 57201
* 22
+3 5
-2 4
+6 6
+1 12
+1 12
cfn=(3432) slices.rotateCmpFunc[go.shape.*uint8]
calls=3 +14 
* 360
+3 6
-1 3
+1 3
-1 3
+1 3
+2 3
-2 3
-1 3
+3 3
-3 8
+1 4
cfn=(3431)
calls=1 -75 
* 26467
+3 2
-1 1
+1 2
-1 1
+1 1
-1 16
+1 12
cfn=(3431)
calls=3 -78 
* 114480
+2 9
-44 6
-2 2
+2 2
-2 6
+1 2
+1 4
-1 2
+1 6
-2 4
+1 2
+1 10
cfi=(257)
cfn=(3335)
calls=2 74 
* 18651
* 8
+3 2
+5 4
-1 8
+1 18
+2 3
-34 12
-2 11
+1 9
+1 15
-2 6
+1 3
+1 12
cfi=(257)
cfn=(3335)
calls=3 74 
* 26346
* 6
+1 10
+2 2
+5 2
-1 7
+1 9
+2 3

fn=(3332) slices.stableCmpFunc[go.shape.*uint8]
335 6
+3 13
+1 1
11 12
+1 2
+1 2
-1 36
cfi=(257)
cfn=(3334) github.com/ollama/ollama/internal/testutil/gguf.Write.func1
calls=2 +62 
* 1362125
* 2
348 1
11 1
+2 1
338 1
+10 1
12 2
-1 1
+2 1
-1 1
+1 1
-1 4
+1 9

fn=(3333) slices.stableCmpFunc[go.shape.*uint8]'2
341 1
-3 5
11 106
+1 17
+1 98
-1 1019
cfi=(257)
cfn=(3335)
calls=64 +62 
* 586085
* 130
348 65
11 65
+2 65
338 65
+10 65
12 130
-1 65
+2 65
-1 65
+1 65
-1 134
+1 441
343 1
11 82
+1 13
+1 20
-1 345
cfi=(257)
cfn=(3335)
calls=22 +62 
* 195831
* 44
348 22
11 22
+2 22
-2 22
348 22
12 44
+1 22
-1 22
+1 22
-1 46
+1 101
-2 1
345 6
+1 4
+1 3
+5 4
+1 6
cfn=(3430)
calls=1 +25 
* 129804
-5 3
-3 1
+3 2
-3 1
+8 1
+4 3
cfi=(257)
cfn=(3225) github.com/ollama/ollama/internal/testutil/gguf.Write'2
calls=1 78 
* 365930

fn=(3432)
464 18
+4 3
-3 6
+1 3
+2 3
+5 5
-5 16
+1 5
+1 4
330 1
473 20
330 4
+1 16
-1 32
+1 88
474 8
+4 9
330 3
+1 10
-1 26
+1 50
479 9
331 2
-1 5
+1 11
471 1
+2 1
-2 1

fl=(67)
fn=(508)
9 30
+1 10
+1 20
-1 10
+4 2668
+1 2986
-1 116
+21 116
cfi=(20)
cfn=(80)
calls=29 -21 
* 630
-21 58
+1 29
-1 29
+2 58
-1 29
+20 29
-20 933
+1 13
+3 20

fl=(88) /usr/local/go/src/runtime/retry.go
fn=(782) runtime.retryOnEAGAIN
14 35
+1 42
+1 21
cfi=(7)
cfn=(784) runtime.newosproc.func1
calls=7 183 
* 322
* 7
+1 14
+1 21

fl=(186) /usr/local/go/src/go/scanner/scanner.go
fn=(1594) go/scanner.init.0
52 4
+1 4
+3 2

fl=(215) ././_testmain.go
fn=(1814) main.init.0
97 4
+2 5
+1 3
+1 2

fn=(1818) main.main
103 5
+1 21
cfi=(216)
cfn=(1820) testing.MainStart
calls=1 2319 
* 46389
+2 1
cfi=(216)
cfn=(1912) testing.(*M).Run
calls=1 2340 
* 1300156
* 2
cfi=(143) /usr/local/go/src/os/proc.go
cfn=(4032) os.Exit
calls=1 -44 
* 168

fl=(3)
fn=(714) runtime.gettid.abi0
138 8
+1 8
+1 8
+1 8

fn=(900) runtime.futex.abi0
562 182
+1 182
+1 182
+1 182
+1 182
+1 182
+1 182
+1 182
+1 182
+1 182

fn=(46) runtime.closefd.abi0
84 1
+1 1
+1 1
+1 1
+1 1
+2 1
+1 1

fn=(704) runtime.sigaltstack.abi0
639 16
+1 16
+1 16
+1 16
+1 16
+1 16
+2 16

fn=(148) runtime.sysMmap.abi0
488 36
+1 36
+1 36
+1 36
+1 36
+1 36
+2 36
+1 36
+1 36
+1 36
+7 36
+1 36
+1 36

fn=(724) runtime.rt_sigaction.abi0
313 114
+1 114
+1 114
+1 114
+1 114
+1 114
+1 114
+1 114

fn=(490) runtime.rtsigprocmask.abi0
301 23
+1 23
+1 23
+1 23
+1 23
+1 23
+1 23
+1 23
+2 23

fn=(94)
223 2511
+20 837
+2 837
+5 837
+1 837
+1 837
+1 837
+2 837
+1 837
+1 837
+1 837
+2 837
+1 837
+2 84
+1 84
+3 84
+1 84
+2 84
+1 84
+1 84
+1 84
+1 84
-7 753
+1 753
+2 753
+1 753
+1 753
+1 753
+1 753
+3 785
+1 785
+1 785
+6 785
+1 785
+1 785
+1 785
+3 785
+1 785
+1 785
+1 2355
+2 785
+1 785
+1 785

fn=(786)
fi=(275)
69 28
+1 4
+1 4
+1 16
cfi=(2)
cfn=(2386)
calls=4 1886 
* 84
* 12
+2 24
+1 12
cfi=(104)
cfn=(3592)
calls=4 271 
* 451449606
fi=(58)
970 8
fi=(107)
207 4
cfn=(2404)
calls=1 * 
* 148
fi=(275)
95 3
fi=(12)
463 6
fe=(3)
575 6
+1 6
+1 6
+1 6
+1 6
+3 6
+1 6
+1 6
+1 6
+1 6
+1 6
+1 6
+1 6
+5 6
+2 6
+2 6
+1 6
+3 13
+1 13
+1 6
+1 6
+3 7
+3 7
+1 7
+1 7
+1 7
+3 7
+1 7
+1 7
+4 7
+1 7
+1 7
+1 7
cfi=(2)
cfn=(902) runtime.stackcheck.abi0
calls=7 1245 
* 42
+4 7
cfi=(2)
cfn=(688) runtime.mstart.abi0
calls=7 425 
* 2797876

fn=(787) runtime.clone.abi0'2
575 1
+1 1
+1 1
+1 1
+1 1
+3 1
+1 1
+1 1
+1 1
+1 1
+1 1
+1 1
+1 1
+5 1
+2 1
+2 1
+1 1
+3 1
+1 1
+1 1
+1 1

fn=(908) runtime.usleep.abi0
120 396
+1 132
+1 132
+1 132
+1 132
+1 132
+1 132
+1 132
+1 132
+3 132
+1 132
+1 132
+1 132
+1 396

fn=(2848)
666 35
+1 35
+1 35

fn=(44) runtime.read.abi0
103 1
+1 1
+1 1
+1 1
+1 1
+1 1
+1 1

fn=(42) runtime.open.abi0
71 1
+1 1
+1 1
+1 1
+1 1
+1 1
+1 1
+1 1
+2 1
+1 1

fn=(6) runtime.settls.abi0
649 3
+5 1
+2 1
+1 1
+1 1
+1 1
+1 1
+1 1
+2 3

fn=(248) runtime.madvise.abi0
551 7
+1 7
+1 7
+1 7
+1 7
+1 7
+1 7

fn=(38) runtime.sched_getaffinity.abi0
671 2
+1 2
+1 2
+1 2
+1 2
+1 2
+1 2

fl=(19)
fn=(78)
101 432
+7 216
fi=(112)
398 37
fe=(19)
108 37
+4 72
+5 72
-9 100
+17 50
+1 125
cfi=(2)
cfn=(1184)
calls=25 1297 
* 768
fi=(112)
339 100
fe=(19)
129 25
fi=(112)
346 75
fe=(19)
133 50
fi=(112)
+51 50
fe=(19)
-54 25
+4 25
fi=(146)
1283 25
fi=(112)
191 50
fe=(19)
-56 100
-27 11
+10 33
cfn=(1224) internal/runtime/maps.(*Map).getWithoutKeySmallFastStr
calls=11 15 
* 1216
* 11
+1 22
+3 21
-2 16
-11 144
fi=(146)
1290 6
-1 6
fi=(113)
330 4
+3 2
153 6
fe=(19)
-17 2
+2 2
fi=(113)
+15 8
fe=(19)
-13 2
fi=(146)
1289 50
fi=(113)
330 50
+3 25
153 75
fe=(19)
-17 25
+2 25
fi=(113)
+15 100
fe=(19)
-13 79
fi=(113)
290 24
+2 24
fe=(19)
141 24
+2 24
fi=(113)
-94 24
290 24
fe=(19)
144 96
-4 24
fi=(113)
290 24
+2 24
fe=(19)
144 72
cfi=(20)
cfn=(80)
calls=24 14 
* 276
* 48
fi=(113)
285 3
fe=(19)
151 3
fi=(113)
+24 21
fe=(19)
-23 7
-7 96
+1 72
+9 4

fn=(1224)
15 189
+2 27
-1 27
+4 27
+1 27
+1 54
+6 54
+29 135
cfi=(2)
cfn=(1184)
calls=27 1297 
* 756
fi=(113)
285 27
fe=(19)
58 27
+1 27
+1 27
fi=(112)
191 54
fi=(113)
292 27
fe=(19)
62 81
+4 160
-4 160
+5 160
-5 374
+1 360
-1 21
+1 28
cfi=(20)
cfn=(80)
calls=7 -49 
* 148
+3 7
-4 7
+5 7
-1 7
-3 30
+1 28
+5 80

fn=(1844) runtime.mapaccess2_faststr
161 912
+7 456
fi=(112)
398 151
fe=(19)
168 151
+4 286
+5 286
-9 508
+17 254
+1 635
cfi=(2)
cfn=(1184)
calls=127 1297 
* 3702
fi=(112)
339 508
fe=(19)
189 127
fi=(112)
346 381
fe=(19)
193 254
fi=(112)
-9 254
fe=(19)
+6 127
+4 127
fi=(146)
1283 127
fi=(112)
191 254
fe=(19)
+4 508
-27 16
+10 48
cfn=(1224)
calls=16 15 
* 1927
* 16
+1 32
+1 80
-11 45
fi=(146)
1290 78
-1 78
fi=(113)
330 52
+3 26
153 78
fe=(19)
+43 26
+2 26
fi=(113)
-45 104
fe=(19)
+47 26
fi=(146)
1289 254
fi=(113)
330 254
+3 127
153 381
fe=(19)
+43 127
+2 127
fi=(113)
-45 508
fe=(19)
+47 127
fi=(113)
63 4
fe=(19)
208 4
fi=(113)
63 8
fe=(19)
200 314
fi=(113)
+90 7
+2 7
fe=(19)
-91 7
+2 7
fi=(113)
49 7
290 7
fe=(19)
-86 28
-4 3
fi=(113)
+90 3
+2 3
fe=(19)
-88 9
cfi=(20)
cfn=(80)
calls=3 14 
* 69
* 6
fi=(113)
+81 150
fe=(19)
-74 150
fi=(113)
-36 900
fe=(19)
+37 424
-7 12
+1 12
+9 620

fn=(1188) internal/runtime/maps.(*Map).putSlotSmallFastStr
220 215
+8 172
-6 43
-1 43
+4 43
fi=(112)
-34 86
fi=(113)
-38 301
fe=(19)
+75 43
fi=(113)
63 2
fe=(19)
238 2
fi=(113)
63 2
fe=(19)
228 90
fi=(113)
+62 2
+2 2
fe=(19)
-63 2
+2 2
fi=(113)
49 2
290 2
fe=(19)
-58 8
fi=(113)
+53 43
fe=(19)
-41 43
fi=(113)
-48 86
fe=(19)
+49 86
fi=(113)
+45 43
+2 43
fe=(19)
-43 43
+2 43
fi=(113)
49 129
290 43
fe=(19)
-38 172
fi=(113)
+45 129
+2 129
fe=(19)
-45 43
+2 43
fi=(113)
142 43
fe=(19)
257 43
+2 172

fn=(1182)
263 3339
+1 2862
+8 954
+4 954
+1 2385
cfi=(2)
cfn=(1184)
calls=477 1297 
* 13561
* 477
+4 1908
+2 954
+1 21
cfi=(112)
cfn=(1274)
calls=7 598 
* 5085
fi=(112)
+58 7
fe=(19)
-55 961
+1 90
+12 6
cfi=(112)
cfn=(1862)
calls=2 608 
* 7176
fi=(112)
+42 2
-3 2
fe=(19)
-39 2
-11 129
-12 43
+12 129
cfn=(1188)
calls=43 -69 
* 2438
+2 129
+3 129
+2 129
+92 10
cfi=(146)
cfn=(1882)
calls=5 1145 
* 41219
fi=(112)
-46 5
-3 1322
fe=(19)
-32 439
fi=(112)
+39 1317
fe=(19)
-36 878
fi=(112)
184 878
fe=(19)
308 439
+10 439
fi=(146)
1283 439
fi=(112)
191 1317
fe=(19)
319 2634
fi=(146)
1290 87
-1 145
fi=(113)
330 58
+3 29
153 87
fe=(19)
320 29
+1 29
fi=(113)
153 116
fe=(19)
324 29
fi=(146)
1289 1756
fi=(113)
330 878
+3 439
153 1317
fe=(19)
320 439
+1 439
fi=(113)
153 1756
fe=(19)
324 439
fi=(113)
63 10
fe=(19)
337 10
fi=(113)
63 10
fe=(19)
388 10
fi=(112)
-46 20
fe=(19)
-18 956
fi=(113)
-34 10
+2 20
fe=(19)
+33 10
+2 10
fi=(113)
49 20
290 10
fe=(19)
+38 40
-4 1
fi=(113)
-34 1
fe=(19)
+38 4
cfi=(20)
cfn=(80)
calls=1 14 
* 21
* 3
fi=(146)
1290 1
fi=(113)
333 1
-43 1
fi=(146)
1290 1
fi=(113)
153 1
fe=(19)
328 1
+22 1
+4 1
fi=(146)
1290 1
fi=(113)
63 1
fe=(19)
328 1
fi=(113)
-43 468
fe=(19)
+57 468
fi=(113)
196 1404
fe=(19)
343 936
+3 439
fi=(113)
49 439
+84 878
fe=(19)
347 439
+14 878
+7 1322
+1 10
cfi=(146)
cfn=(1880)
calls=5 510 
* 100
+19 5
-15 5
+15 5
fi=(113)
142 5
fe=(19)
375 5
fi=(113)
-85 5
fe=(19)
+83 1312
fi=(113)
-83 868
+2 434
fe=(19)
+82 434
+1 1302
fi=(113)
-78 434
fe=(19)
+78 1302
fi=(113)
-78 1302
+2 434
fe=(19)
+78 434
+2 434
fi=(113)
142 434
fe=(19)
380 1302
+1 1302
+1 434
fi=(113)
-83 868
fe=(19)
+94 868
+3 1302
+2 1736

fl=(90) /usr/local/go/src/internal/runtime/gc/scan/scan_amd64.go
fn=(796) internal/runtime/gc/scan.init
37 2
+4 1
-4 2

fl=(122)
fn=(3042) syscall.Getenv.deferwrap1
73 12
fi=(110)
+21 8
fi=(229) /usr/local/go/src/sync/rwmutex.go
+26 4
fe=(122)
-47 6

fn=(3036)
31 5
+1 1
cfi=(123)
cfn=(1256)
calls=1 +11 
* 1240
* 4
+1 855
+1 5109
+1 5109
-2 212
+1 106
-1 106
+4 530
cfi=(19)
cfn=(1844)
calls=106 161 
* 12421
* 212
+1 530
cfi=(19)
cfn=(1182)
calls=106 263 
* 52802
* 212
-5 318
+13 106
+4 3

fn=(3028)
66 12
+2 4
-2 6
+1 6
cfi=(121)
cfn=(3030)
calls=2 -46 
* 80078
+1 6
+4 2
fi=(110)
+22 8
fi=(229)
-22 4
fe=(122)
+1 14
+2 8
cfi=(19)
cfn=(1844)
calls=2 +86 
* 340
* 2
+1 2
+1 14
cfn=(3042)
calls=2 -4 
* 30
* 12

fl=(165) /usr/local/go/src/crypto/internal/impl/impl.go
fn=(1518) crypto/internal/impl.Register
29 25
+1 25
fi=(162)
1266 15
cfi=(18)
cfn=(1520) internal/stringslite.Index
calls=5 28 
* 229
63 5
fe=(165)
-33 5
+3 20
+1 20
+1 20
+1 15
+1 5
-4 50
cfi=(60)
cfn=(378)
calls=4 178 
* 6208
* 85
+6 15

fl=(250)
fn=(3148)
21 5
fi=(70)
-2 8
cfi=(41)
cfn=(154)
calls=1 +11 
* 10
fe=(250)
+4 1
+1 2
+4 1
fi=(70)
+14 8
cfi=(41)
cfn=(154)
calls=1 -12 
* 10
* 1
fe=(250)
-13 2
+4 2
+3 2
+1 10
cfi=(41)
cfn=(154)
calls=1 -7 
* 10
+1 2
+4 2
+1 3

fn=(3208)
49 1010
+1 404
+1 202
fi=(70)
-14 404
fi=(40)
359 202
fe=(250)
52 606
cfi=(235)
cfn=(2258)
calls=202 +11 
* 5656
+1 202
+1 202
fi=(70)
-17 1616
cfi=(41)
cfn=(154)
calls=202 -7 
* 2424
fe=(250)
+17 808

fn=(3162) runtime.netpoll
99 120
+1 40
+4 40
+2 20
-2 38
+13 19
-9 2
+2 4
-10 1
+11 4
-11 20
+17 3960
+1 20
+1 140
cfi=(70)
cfn=(3164)
calls=20 -94 
* 660
+1 40
-1 20
+13 40
+2 120
+41 140

fl=(37)
fn=(252) runtime.sysMapOS
172 45
+2 36
-1 45
cfi=(38) /usr/local/go/src/runtime/cgo_mmap.go
cfn=(146) runtime.mmap
calls=9 31 
* 288
* 9
+1 18
-1 18
+4 54
+4 36
cfi=(39) /usr/local/go/src/runtime/set_vma_name_linux.go
cfn=(150) runtime.setVMAName
calls=9 22 
* 717
+6 18
+3 27

fn=(160)
163 40
+2 24
-1 40
cfi=(38)
cfn=(146)
calls=8 31 
* 256
+1 16
-1 8
+4 32
cfi=(39)
cfn=(150)
calls=8 22 
* 656
+1 32

fn=(144) runtime.sysAllocOS
21 57
+2 57
-1 133
cfi=(38)
cfn=(146)
calls=19 +9 
* 608
+1 38
-1 19
+12 95
cfi=(39)
cfn=(150)
calls=19 -12 
* 1573
+1 76

fn=(246)
116 10
+1 12
+5 8
cfi=(3)
cfn=(248)
calls=2 551 
* 14
* 4
+1 6

fn=(3128)
42 25
+1 40
+7 5
+1 30
-8 10
+26 15
-8 10
+3 20
cfi=(3)
cfn=(248)
calls=5 551 
* 35
* 20
+17 10
-16 5
+15 10
+7 15

fn=(272)
89 2020
+1 808
+11 1212

fl=(66) /usr/local/go/src/runtime/fds_unix.go
fn=(502) runtime.checkfds
9 5
+1 4
+15 4
+1 15
+1 9
cfi=(7)
cfn=(504)
calls=3 466 
* 81
* 3
+1 6
-2 3
+3 3
+16 3

fl=(75)
fn=(1808)
235 1645
+1 329
cfn=(1046)
calls=329 -86 
* 10891
+1 987

fn=(1074)
361 6
+1 4
+6 8
cfi=(54)
cfn=(304)
calls=2 18 
* 22
+1 6

fn=(3756)
192 2073
+5 4146
cfi=(49)
cfn=(3758) runtime.bulkBarrierPreWrite
calls=691 388 
* 306316
+1 2073

fn=(578) runtime.typedslicecopy
276 12
+2 4
+3 8
-3 4
+30 6
-27 3
+35 9
+1 6
+9 12
cfi=(29)
cfn=(120)
calls=3 39 
* 334
+1 12
-45 4

fn=(1046)
150 1128
+1 752
+3 752
+13 1880
cfi=(29)
cfn=(120)
calls=376 39 
* 6884
+4 1128

fn=(3778)
179 30
+4 50
cfi=(49)
cfn=(3758)
calls=10 388 
* 1850
+1 30

fl=(23) /usr/local/go/src/runtime/mprof.go
fn=(1022) runtime.(*bucket).mp
257 335
+1 134
+3 67
fi=(42)
25 134
fe=(23)
262 201

fn=(370) runtime.mProf_Malloc
fi=(30)
2331 10
+1 1
cfn=(138) runtime.persistentalloc1
calls=1 +9 
* 320
* 2
+1 3
cfi=(2)
cfn=(135)
calls=1 566 
* 29779
fe=(23)
437 135
+1 133
+9 150
-9 75
+9 100
cfi=(82)
cfn=(972) runtime.callers
calls=25 1093 
* 466787
191 25
fi=(40)
+3 25
fe=(23)
450 50
192 25
448 150
+2 50
-2 50
+2 175
cfn=(1012) runtime.stkbucket
calls=25 275 
* 8437
* 48
+1 24
cfn=(1022)
calls=24 257 
* 312
+1 96
-1 24
+1 72
+2 72
fi=(14)
152 24
fi=(79)
24 24
cfi=(14)
cfn=(90)
calls=24 155 
* 504
fe=(23)
455 72
+1 48
+1 24
fi=(14)
261 24
fi=(79)
35 72
cfi=(14)
cfn=(98)
calls=24 267 
* 936
fe=(23)
463 216
cfi=(2)
cfn=(135)
calls=3 +57 
* 84
cfi=(2)
cfn=(134)
calls=21 +57 
* 8417
* 42
+3 63
-23 6
+20 21
+1 3
cfi=(31)
cfn=(1026) runtime.setprofilebucket
calls=3 2717 
* 1005
+1 9
cfi=(2)
cfn=(135)
calls=3 566 
* 1286932

fn=(371) runtime.mProf_Malloc'2
450 2
+1 1
cfn=(1022)
calls=1 257 
* 13
+1 4
-1 1
+1 3
+2 3
fi=(14)
152 1
fi=(79)
24 1
cfi=(14)
cfn=(90)
calls=1 155 
* 21
fe=(23)
455 3
+1 2
+1 1
fi=(14)
261 1
fi=(79)
35 3
cfi=(14)
cfn=(98)
calls=1 267 
* 39
fe=(23)
463 9
cfi=(2)
cfn=(135)
calls=1 +57 
* 28
* 8
+3 12
cfi=(30)
cfn=(366) runtime.profilealloc
calls=4 2246 
* 1316023
-3 7
+1 1
cfi=(31)
cfn=(1026)
calls=1 2717 
* 335
+1 3
cfi=(2)
cfn=(135)
calls=1 566 
* 29151

fn=(2926) runtime.mProf_PostSweep
420 10
191 2
fi=(40)
+3 2
fe=(23)
-2 2
426 2
+2 14
+1 2
fi=(14)
152 2
fi=(79)
24 6
cfi=(14)
cfn=(90)
calls=2 155 
* 42
fe=(23)
430 12
fi=(14)
152 2
fi=(79)
24 2
cfi=(14)
cfn=(90)
calls=2 155 
* 42
fe=(23)
431 4
cfn=(2824) runtime.mProf_FlushLocked
calls=2 -30 
* 268
+1 2
fi=(14)
261 2
fi=(79)
35 4
cfi=(14)
cfn=(98)
calls=2 267 
* 78
fe=(23)
433 2
fi=(14)
261 2
fi=(79)
35 4
cfi=(14)
cfn=(98)
calls=2 267 
* 78
fe=(23)
434 6

fn=(2824)
401 30
+2 24
+1 6
fi=(40)
+62 6
fe=(23)
-61 31
+1 50
cfn=(1022)
calls=25 257 
* 325
+4 75
+2 100
155 25
411 25
155 25
+1 50
+1 50
+1 75
412 50
-7 112
+9 18

fn=(1012)
275 125
+2 125
-1 25
fi=(40)
466 25
fe=(23)
277 50
+1 1
fi=(14)
152 1
fi=(79)
24 2
cfi=(14)
cfn=(90)
calls=1 155 
* 21
fe=(23)
280 1
fi=(40)
466 1
fe=(23)
281 2
+1 5
cfi=(35)
cfn=(140)
calls=1 49 
* 180
* 1
+1 2
+3 1
fi=(40)
479 3
fe=(23)
288 1
fi=(14)
-27 1
fi=(79)
35 2
cfi=(14)
cfn=(98)
calls=1 267 
* 39
fe=(23)
309 1
-16 1
+6 1
-6 1
-16 1
+15 3
+1 1
-1 48
+1 256
+1 232
+1 696
+1 696
-3 746
+15 25
-9 25
+1 75
+1 75
+2 25
+1 100
-27 25
+29 25
-14 25
+14 125
fi=(40)
466 75
fe=(23)
308 92
+1 102
-1 17
+1 34
cfn=(1018) runtime.(*bucket).stk
calls=17 -62 
* 238
+44 51
+3 68
-79 8
+37 8
+4 8
fi=(14)
152 8
fi=(79)
24 16
cfi=(14)
cfn=(90)
calls=8 155 
* 168
fi=(40)
466 16
fe=(23)
320 48
+8 32
cfn=(1016) runtime.newBucket
calls=8 228 
* 1499
* 8
+1 8
cfn=(1018)
calls=8 -82 
* 112
* 88
cfi=(29)
cfn=(120)
calls=8 39 
* 254
+1 24
+1 16
+3 40
fi=(40)
466 16
fe=(23)
342 8
fi=(40)
466 8
fe=(23)
343 8
+2 8
fi=(40)
479 16
fe=(23)
346 8
fi=(40)
479 8
fe=(23)
348 8
fi=(14)
-87 8
fi=(79)
35 24
cfi=(14)
cfn=(98)
calls=8 267 
* 312
fe=(23)
349 32
cfn=(371)
calls=1 450 
* 29633
+7 682
+1 486
-47 68

fn=(1018)
247 125
+2 25
-1 25
+1 50
fi=(42)
25 25
fe=(23)
253 100

fn=(2820) runtime.mProf_Flush
383 20
+1 4
200 4
fi=(40)
-6 8
fe=(23)
+9 8
fi=(40)
+33 16
fe=(23)
-32 4
-2 8
385 4
201 4
389 24
+2 12
-1 4
fi=(14)
152 4
fi=(79)
24 8
cfi=(14)
cfn=(90)
calls=3 155 
* 63
cfi=(14)
cfn=(91)
calls=1 155 
* 21
fi=(14)
152 4
fi=(79)
24 8
cfi=(14)
cfn=(90)
calls=3 155 
* 63
cfi=(14)
cfn=(91)
calls=1 155 
* 21
fe=(23)
392 8
cfn=(2824)
calls=4 +9 
* 809
+1 4
fi=(14)
261 4
fi=(79)
35 8
cfi=(14)
cfn=(98)
calls=4 267 
* 156
fe=(23)
394 4
fi=(14)
261 4
fi=(79)
35 8
cfi=(14)
cfn=(98)
calls=4 267 
* 156
fe=(23)
395 12

fn=(1016)
228 40
+5 16
-4 16
+4 16
+1 16
+5 32
cfi=(30)
cfn=(132)
calls=8 2329 
* 1314
+1 16
+1 16
+1 24
cfn=(1012)
calls=1 +86 
* 29756

fn=(2850) runtime.(*mLockProfile).start
660 35
fi=(25)
228 7
+7 14
+1 14
-1 7
+1 7
+1 7
+56 21
-58 7
fe=(23)
661 14
fi=(22)
33 2
cfi=(3)
cfn=(94)
calls=2 223 
* 62
* 3
fe=(23)
662 3
+2 20

fn=(1024) runtime.mProf_Malloc.func1
463 147
+1 21
cfi=(31)
cfn=(1026)
calls=21 2717 
* 7412
+1 63

fn=(2806) runtime.mProf_Free
469 85
+4 17
191 17
fi=(40)
+3 34
fe=(23)
472 17
cfn=(1022)
calls=17 257 
* 221
+1 17
192 34
470 119
+3 34
-1 17
+1 51
+2 51
fi=(14)
152 17
fi=(79)
24 17
cfi=(14)
cfn=(90)
calls=16 155 
* 336
cfi=(14)
cfn=(91)
calls=1 155 
* 21
fe=(23)
476 51
+1 34
+1 17
fi=(14)
261 17
fi=(79)
35 34
cfi=(14)
cfn=(98)
calls=17 267 
* 667
fe=(23)
479 51

fl=(188)
fn=(1600)
196 130
+1 130
+8 52
+4 26
+1 130
cfi=(2)
cfn=(1602) runtime.memhash64
calls=26 1664 
* 234
* 26
+4 104
+2 52
+1 9
cfi=(112)
cfn=(1274)
calls=3 598 
* 1139
fi=(112)
342 3
fe=(188)
220 55
+1 24
+1 24
-12 12
+12 36
cfn=(1610) internal/runtime/maps.(*Map).putSlotSmallFast64
calls=12 -67 
* 565
+2 36
+3 36
+2 36
fi=(112)
339 42
fe=(188)
-99 14
fi=(112)
346 28
fe=(188)
243 14
fi=(112)
-59 28
fe=(188)
+57 14
+10 14
fi=(146)
1283 14
fi=(112)
191 42
fe=(188)
+61 84
fi=(113)
+78 28
+3 14
153 42
fe=(188)
253 14
+1 14
fi=(113)
153 56
fe=(188)
257 42
fi=(113)
-61 14
fe=(188)
+76 14
+1 28
+3 14
fi=(113)
49 14
+84 28
fe=(188)
277 14
+14 28
+7 42
+5 56
fi=(113)
-13 28
+2 14
fe=(188)
+12 14
+1 14
fi=(113)
-8 42
+2 14
fe=(188)
+8 14
+2 14
fi=(113)
142 14
fe=(188)
310 42
+1 42
+1 14
fi=(113)
-13 28
fe=(188)
+24 28
+3 42
+2 56

fn=(3002) runtime.mapaccess2_fast64
85 10
+7 4
fi=(112)
398 4
fe=(188)
92 2
+4 2
+5 2
+2 1
+2 1
fi=(113)
215 3
fe=(188)
106 1
+1 1
fi=(113)
215 1
+77 1
fe=(188)
108 1
-15 5
+20 1
+1 1
fi=(113)
-16 1
fe=(188)
+10 5
+1 2
+7 5

fn=(1610)
155 60
+2 12
-1 12
+4 12
fi=(112)
+31 12
fi=(113)
-38 84
fe=(188)
+10 12
fi=(113)
63 1
fe=(188)
171 1
fi=(113)
63 1
fe=(188)
163 26
fi=(113)
290 1
fe=(188)
164 1
+2 1
fi=(113)
49 1
290 1
fe=(188)
167 3
fi=(113)
+29 12
fe=(188)
-19 12
+1 24
fi=(113)
290 12
+2 12
fe=(188)
182 12
+2 12
fi=(113)
49 36
290 12
fe=(188)
185 12
fi=(113)
297 36
+2 36
fe=(188)
187 12
+2 12
fi=(113)
-47 12
fe=(188)
+48 12
+2 48

fl=(195)
fn=(1638) regexp.init.0
693 1
+1 29
+1 98
-1 14
+1 84
-1 30
+3 1

fn=(1644) regexp.MustCompile
310 10
+2 4
-1 2
131 6
cfn=(1646) regexp.compile
calls=2 +36 
* 2762148
cfn=(1646)
calls=1 +82 
* 3712844
312 4
+3 6

fn=(2012)
385 450
+1 270
+1 90
-1 90
+1 540
fi=(198) /usr/local/go/src/unicode/utf8/utf8.go
223 450
fe=(195)
387 540

fn=(2210) regexp.(*inputString).index
400 10
+1 24
fi=(162)
1266 4
cfi=(18)
cfn=(1520)
calls=2 28 
* 100
fe=(195)
401 6

fn=(1646)
167 20
+2 12
-1 4
fi=(197) /usr/local/go/src/regexp/syntax/parse.go
888 4
cfn=(1648) regexp/syntax.parse
calls=4 +3 
* 2706106
fe=(195)
169 8
fi=(197)
888 4
fe=(195)
172 8
cfi=(202) /usr/local/go/src/regexp/syntax/regexp.go
cfn=(1732) regexp/syntax.(*Regexp).MaxCap
calls=4 437 
* 729
* 4
+1 8
cfi=(202)
cfn=(1734) regexp/syntax.(*Regexp).CapNames
calls=4 451 
* 2438
* 12
+2 8
cfi=(203)
cfn=(1738)
calls=4 14 
* 917
* 4
+1 4
cfi=(204) /usr/local/go/src/regexp/syntax/compile.go
cfn=(1740) regexp/syntax.Compile
calls=4 71 
* 68219
cfi=(204)
cfn=(1740)
calls=1 76 
* 3493306
+1 8
-1 4
+4 8
+7 4
cfi=(205) /usr/local/go/src/regexp/onepass.go
cfn=(1750) regexp.compileOnePass
calls=4 459 
* 221484
fi=(206)
-16 8
+1 4
fe=(195)
+9 8
+3 8
fi=(206)
-12 4
fe=(195)
+9 4
+6 4
-3 4
fi=(206)
-12 16
+1 4
+13 6
-11 6
+1 3
-1 8
+1 4
+4 6
-5 3
+1 3
+1 9
+1 8
+2 8
+5 3
+1 6
fe=(195)
+7 12
cfn=(1754) regexp.minInputLen
calls=4 +75 
* 624
* 4
-9 8
cfi=(30)
cfn=(190)
calls=4 2156 
* 983
+1 24
+1 4
+1 4
-2 8
+1 4
+1 4
+1 8
+1 32
-5 4
+5 4
+1 8
+1 8
+1 8
+1 8
+2 8
+4 6
cfi=(205)
cfn=(1780) regexp.onePassPrefix
calls=2 41 
* 86
* 14
+2 2
+7 2
-9 2
-3 4
cfi=(206)
cfn=(1756)
calls=2 -46 
* 1570
* 12
fi=(207)
74 6
-9 2
+3 6
fe=(195)
184 2
fi=(207)
68 6
fe=(195)
197 4
+4 13
+3 4
cfi=(16)
cfn=(2150)
calls=1 +20 
* 259
* 6
+1 2
fi=(198)
+18 5
fe=(195)
-18 1
+8 1
-5 3
+2 1
-2 6
+2 39
+3 4
+2 24

fn=(1754)
268 20
+1 8
+15 4
-10 2
+2 5
+8 6
-15 3
+17 3
+2 6
+2 51
+1 10
cfn=(1755) regexp.minInputLen'2
calls=10 -23 
* 207
* 20
-1 66
+3 12
-17 54
+1 26
fi=(198)
+72 26
+2 39
fe=(195)
-71 52
+3 4

fn=(1755)
268 50
+1 20
+15 10
-10 14
-2 26
-3 5
+15 10
-11 8
+11 6
-15 3
+17 3
-2 6
-15 3
+17 3
-15 40

fl=(228) /usr/local/go/src/sync/poolqueue.go
fn=(2006) sync.(*poolChain).popHead
251 40
+1 8
+1 24
+8 48

fn=(2010) sync.(*poolChain).popTail
264 240
+1 48
fi=(110)
58 48
fe=(228)
266 96
+1 288

fl=(115)
fn=(1208)
25 160
+1 160
+1 160
+1 160
cfn=(1210) cmpbody
calls=160 +10 
* 3992

fn=(1210)
38 160
+1 160
+1 160
+1 160
+1 160
+1 160
+1 160
+2 151
+1 151
+9 156
+1 156
+1 115
+1 115
+1 115
+1 115
+1 115
+1 115
+1 5
+1 5
+1 5
+1 5
+15 110
+1 110
+1 110
+1 110
+1 110
+1 110
+1 110
+4 41
+1 41
+1 40
+1 40
+1 40
+1 40
+2 3
+1 3
+1 3
+1 3
+4 39
+1 39
+1 39
+1 39
+1 39
+1 39
+1 39
+1 39
+4 9
+1 9
+1 9
+3 9
+1 9
+1 9
+1 9
+5 9
+3 9
+1 9
+1 8
+1 8
+2 1
+1 1
+2 1
+2 1
+1 1
+1 1
+1 1
-5 8
+2 8
+1 8
+1 8
+1 8
+1 9
+1 9
+1 9
+1 9
+1 9
+3 2
+1 2
+1 2
+1 2
+1 2
+1 2
+1 2

fl=(59) /usr/local/go/src/internal/cpu/cpu_x86.s
fn=(400) internal/cpu.xgetbv.abi0
22 1
+1 1
+1 1
+1 1
+1 1

fn=(398) internal/cpu.cpuid.abi0
11 9
+1 9
+1 9
+1 9
+1 9
+1 9
+1 9
+1 9

fn=(376) internal/cpu.getGOAMD64level.abi0
39 1
+4 1

fl=(235)
fn=(2258)
63 3125
+2 1250
-1 3125
+13 3125
-12 1250
+22 1250
-22 1250
+4 3125

fl=(82)
fn=(988) runtime.tracebackPCs
621 186
+3 124
-2 1085
+2 883
cfn=(1006)
calls=284 441 
* 194974
229 284
642 284
+8 284
-26 1482
229 311
624 879
+1 1136
+1 1136
cfn=(990) runtime.(*unwinder).cgoCallers
calls=284 -32 
* 3692
* 284
+3 568
cfn=(992) runtime.(*unwinder).symPC
calls=284 -48 
* 10224
* 1136
cfi=(99)
cfn=(994)
calls=284 67 
* 275786
* 1704
+16 341
-16 7103
cfi=(99)
cfn=(1004)
calls=341 91 
* 57433
+2 341
-2 682
+4 341
-4 2273
fi=(99)
87 621
fe=(82)
629 621
+1 341
fi=(99)
117 682
+1 568
fi=(24)
880 284
+87 284
+3 284
fi=(99)
118 284
+2 399
+5 57
fe=(82)
631 686
1199 20
631 4
+11 8
-11 4
+2 674
+1 87
+8 87
-8 87
-5 250
+13 1000
+1 750
+6 568
-20 234
+21 5850
cfi=(29)
cfn=(120)
calls=234 39 
* 1404
* 234
-26 234
-2 234
+28 234
-26 234
+18 234
-18 234
+26 752
-1 50
+4 124

fn=(2036) runtime.funcNamePiecesForPrint
742 10
+3 4
-1 8
cfi=(17)
cfn=(66)
calls=2 18 
* 57
* 6
+1 4
+1 18

fn=(672) runtime.isSystemGoroutine
1408 4080
+3 1632
-1 1632
cfi=(24)
cfn=(674)
calls=816 923 
* 53070
fi=(24)
880 816
fe=(82)
1411 816
+3 4123
+1 3204
+2 30
-6 2
+9 1
fi=(40)
194 1
fe=(82)
1425 5
+2 28
fi=(24)
1150 56
cfn=(822) runtime.(*moduledata).funcName
calls=14 758 
* 1176
fi=(18)
17 84
fe=(82)
1437 56

fn=(972)
1093 186
+1 31
+3 31
+1 496
cfi=(2)
cfn=(135)
calls=4 520 
* 112
cfi=(2)
cfn=(134)
calls=27 520 
* 515199
* 62
+5 124
cfi=(23)
cfn=(370)
calls=4 191 
* 1319495

fn=(980) runtime.(*unwinder).resolveInternal
253 21630
+1 4326
+4 8652
+9 4326
-1 4326
+1 8652
-9 4326
+16 4326
-16 4326
-1 4326
+26 8652
-25 4326
+31 17304
+38 17304
fi=(24)
1211 21630
cfn=(982) runtime.pcvalue
calls=4326 1013 
* 2321599
fe=(82)
327 12978
+3 8652
+7 4326
-79 4326
+77 12978
-5 4326
+5 8652
+2 976
+1 7676
+39 7676
+1 7676
+1 7676
+5 3838
+3 7676
+20 7676
-23 488
+3 976
+20 976
+1 6856
+3 6856
+11 6856
+1 6856
-12 1796
+11 1796
+1 1796
+16 12978

fn=(1010) runtime.(*unwinder).finishInternal
520 2440
+1 488
+43 1952
-1 461
+1 1844
+5 1464

fn=(976)
133 3492
+2 2331
+17 2682
+1 1518
+7 506
+1 1012
+7 76
-33 228
+33 608
+1 76
+1 76
+7 152
-42 1518
+33 4048
+1 506
+1 506
+7 1012
+24 1164
cfi=(24)
cfn=(674)
calls=582 923 
* 32530
fi=(24)
880 582
fe=(82)
202 582
+11 1164
+6 1746
fi=(62)
+38 582
fe=(82)
-36 4074
-4 6984
+1 582
+1 582
+2 1164
-5 7566
+8 5238
+1 1746
cfn=(980)
calls=582 +28 
* 464615
+1 1746

fn=(974) runtime.callers.func1
1098 513
+1 189
+1 81
cfn=(976)
calls=27 133 
* 21106
+1 162
cfn=(988)
calls=27 621 
* 492011
* 54
+1 81

fn=(1006)
441 21160
+1 4232
+1 8464
+4 12208
-4 3744
+1 3744
-1 7488
fi=(62)
245 3744
fe=(82)
451 7488
cfi=(24)
cfn=(674)
calls=3744 923 
* 238310
fi=(24)
880 3744
fe=(82)
452 3744
+26 18720
+7 29952
+1 3744
+3 11232
+4 7488
+1 7488
+1 7488
+1 3744
+1 7488
+1 3744
+16 14976
cfn=(980)
calls=3744 253 
* 2150754
+1 11232
-67 488
cfn=(1010)
calls=488 +72 
* 8649
+1 1464

fn=(990)
594 1704
1638 852
598 1136

fn=(992)
581 2095
+1 2514
fi=(24)
902 1257
cfn=(106)
calls=419 696 
* 5866
fe=(82)
582 1676
+2 1676

fl=(150) /usr/local/go/src/reflect/type.go
fn=(3634) reflect.haveIdenticalUnderlyingType
1637 1000
+1 400
+1 1000

fn=(1442) reflect.elem
760 25
fi=(48)
196 5
379 5
+4 5
+3 10
+3 10
+2 5
fe=(150)
761 5
+1 10
+1 20

fn=(3628) reflect.(*rtype).common
356 800

fl=(202)
fn=(1734)
451 20
+7 4
-6 4
cfn=(1732)
calls=4 -15 
* 729
* 20
cfi=(60)
cfn=(448)
calls=4 102 
* 1020
+1 4
+5 12
+4 4
-10 4
+9 44
+1 50
cfn=(1736) regexp/syntax.(*Regexp).capNames
calls=10 -5 
* 419
-1 20
+1 10
-1 10
+1 10
-1 38
-7 16

fn=(1736)
457 60
+1 50
+3 95
+1 3
-4 6
+1 11
+2 23
+1 1
cfn=(1737) regexp/syntax.(*Regexp).capNames'2
calls=1 -5 
* 116
-1 3
+1 1
-1 1
+1 1
-1 1
+1 1
-1 16
+3 30

fn=(1737)
457 12
+1 10
+3 31
+1 3
-4 6
+3 23
+1 1
cfn=(1737)
calls=1 -5 
* 22
-1 3
+1 1
-1 1
+1 1
-1 1
+1 1
-1 16
+3 6

fn=(1732)
437 40
+2 16
+1 8
+2 108
+1 40
cfn=(1733) regexp/syntax.(*Regexp).MaxCap'2
calls=20 -6 
* 978
-1 40
+1 60
-1 136
+5 32

fn=(1733)
437 180
+2 72
+1 38
+2 264
+1 32
cfn=(1733)
calls=16 -6 
* 1042
-1 32
+1 48
-1 168
+5 144

fl=(213) /usr/local/go/src/internal/runtime/maps/runtime.go
fn=(1798) runtime.mapassign
206 102
+1 102
+15 34
+4 102
cfi=(61)
cfn=(1800) runtime.interhash
calls=17 -80 
* 901
* 17
+4 68
+2 51
+4 34
fi=(112)
339 51
fe=(213)
-83 17
fi=(112)
+90 51
fe=(213)
-87 34
fi=(112)
-75 34
fe=(213)
+73 17
+10 17
fi=(146)
1283 17
fi=(112)
191 51
fe=(213)
+77 102
fi=(112)
+74 68
fi=(113)
-12 34
+3 17
153 51
fe=(213)
269 17
+1 17
fi=(113)
153 68
fe=(213)
273 53
fi=(113)
+17 2
+2 2
fi=(214)
60 2
fe=(213)
274 2
+2 2
fi=(113)
49 2
290 2
+2 6
fi=(214)
60 2
fe=(213)
278 2
+3 16
cfi=(61)
cfn=(1810) runtime.interequal
calls=2 +23 
* 72
* 6
fi=(113)
+4 15
fe=(213)
+14 15
fi=(113)
175 90
fe=(213)
300 30
+8 30
+6 15
fi=(113)
49 15
fe=(213)
318 60
fi=(214)
54 6
fe=(213)
282 2
+1 8
cfi=(75)
cfn=(1808)
calls=2 -48 
* 88
+3 4
fi=(214)
63 2
fe=(213)
286 4
fi=(214)
63 2
fe=(213)
287 2
+78 6
-73 2
+26 15
fi=(113)
-28 30
+2 15
fi=(214)
60 15
fe=(213)
319 15
fi=(113)
-27 45
fi=(214)
60 15
fe=(213)
321 15
+5 60
cfi=(75)
cfn=(1808)
calls=15 -91 
* 660
+2 30
fi=(214)
63 15
fe=(213)
328 30
fi=(214)
63 15
fe=(213)
329 15
fi=(113)
-44 15
142 45
fe=(213)
336 60
+1 45
+1 30
+27 34
+3 51
+2 68

fl=(263)
fn=(3362) fmt.(*readRune).readByte
354 1
fi=(266) /usr/local/go/src/fmt/scan.go
-32 2
+3 5
cfn=(3355) fmt.(*readRune).ReadRune'2
calls=1 +12 
* 1290617
fe=(263)

fn=(3358)
329 497616
+1 746424
+5 808626
cfi=(270)
cfn=(3516) github.com/ollama/ollama/fs/gguf.(*bufferedReader).Read
calls=62194 19 
* 5642061
cfi=(266)
cfn=(3360) fmt.(*stringReader).Read
calls=8 86 
* 1336903
+1 124402
-1 186603
-2 186603
+2 124402
-2 435412
+2 124404
+6 124402
+2 373206

fn=(3359)
329 7976
+1 11964
+5 12961
cfi=(270)
cfn=(3516)
calls=6 19 
* 1058
cfi=(266)
cfn=(3361) fmt.(*stringReader).Read'2
calls=991 86 
* 53514
+1 1996
-1 2994
-2 2994
+2 1996
-2 6981
+2 1994
+6 1996
+2 5988
cfn=(3362)
calls=1 +11 
* 1290625

fn=(3316) io.WriteString
314 306
+1 561
+1 255
cfi=(142)
cfn=(3318) os.(*File).WriteString
calls=51 +3 
* 29254
* 153
-1 714
cfi=(64)
cfn=(1316)
calls=51 467 
* 7339
+1 51
+2 51
-2 102
-1 51

fl=(294) /usr/local/go/src/internal/runtime/exithook/hooks.go
fn=(4046) internal/runtime/exithook.Run.func1
67 5
+1 1
cfi=(201)
cfn=(1728)
calls=1 1069 
* 13
* 2
+3 3

fn=(4040) internal/runtime/exithook.Run
56 7
+1 1
-1 1
+1 1
fi=(40)
-20 6
fe=(294)
+20 1
+6 7
+1 3
cfi=(12)
cfn=(4044) runtime.init.6.func1
calls=1 353 
* 2
fi=(40)
316 2
fe=(294)
65 6
+2 3
+6 4
+8 2
cfn=(4046)
calls=1 -14 
* 24
* 4
cfn=(4048) internal/runtime/exithook.Run.deferwrap2
calls=1 -16 
* 4
* 4
cfn=(4050) internal/runtime/exithook.Run.deferwrap1
calls=1 -18 
* 4
* 3

fn=(4048)
65 1
fi=(40)
316 2
fe=(294)
65 1

fn=(4050)
63 1
fi=(40)
-35 2
fe=(294)
+35 1

fl=(22)
fn=(2512)
fi=(44)
682 11
+1 2
cfn=(3116)
calls=1 +49 
* 1280
* 2
+1 3
cfi=(2)
cfn=(135)
calls=1 566 
* 37031
fe=(22)
33 8
fi=(44)
395 10
cfn=(2514)
calls=2 675 
* 217
* 1
+1 1
fe=(22)
33 1
cfi=(3)
cfn=(94)
calls=1 223 
* 24
fi=(3)
277 1
+1 1
+1 1
+6 1
+1 1
+1 1
+1 1
+3 1
+1 1
+1 1
+1 3
cfi=(22)
cfn=(2513)
calls=1 33 
* 443273
+2 1
+1 1
+1 1
fe=(22)

fn=(2513)
33 6
fi=(44)
397 6
+3 2
fi=(40)
109 6
fi=(44)
401 8
cfn=(2504)
calls=1 612 
* 443259
cfn=(2505)
calls=1 612 
* 31343
fe=(22)

fn=(2696) runtime.gcMarkDone
33 8
fi=(58)
1080 2
+1 12
cfi=(2)
cfn=(2386)
calls=2 1886 
* 42
* 6
+1 6
+1 14
cfi=(2)
cfn=(135)
calls=2 520 
* 56
* 14
+1 6
cfi=(12)
cfn=(2272) runtime.stopTheWorldWithSema
calls=2 1628 
* 3334
* 10
+1 6
cfi=(2)
cfn=(135)
calls=2 566 
* 241818
fe=(22)

fn=(2852)
33 3
fi=(23)
662 3
cfi=(14)
cfn=(90)
calls=1 239 
* 38800
fe=(22)

fn=(838) runtime.pidleget
33 3
fi=(12)
7411 2
-87 5
+1 5
+86 1
-85 1
-1 2
+1 2
+85 1
-85 2
+86 1
-81 5
+1 5
+80 1
-79 1
-1 2
+1 2
+78 1
+1 1
+3 1
-82 3
+80 2
+1 1
fi=(40)
56 3
fi=(12)
7415 4
cfi=(78)
cfn=(840)
calls=1 447 
* 50
+2 7
cfn=(832) runtime.pidlegetSpinning
calls=1 +17 
* 27257
fe=(22)

fn=(2862) runtime.lock2
33 3
fi=(23)
669 3
fi=(40)
109 2
fi=(14)
+93 4
cfi=(44)
cfn=(2504)
calls=1 578 
* 38623
fe=(22)

fn=(2420)
fi=(58)
1791 6
cfi=(12)
cfn=(870)
calls=1 445 
* 82
fe=(22)
33 28
fi=(58)
1839 14
+2 14
+1 7
+3 14
cfn=(2422)
calls=7 +88 
* 105
+2 63
cfi=(2)
cfn=(134)
calls=5 520 
* 140
cfi=(2)
cfn=(135)
calls=2 520 
* 56
fe=(22)
33 10
fi=(58)
1889 10
fe=(22)
33 10
fi=(58)
1888 20
+1 15
cfi=(56)
cfn=(2478)
calls=5 939 
* 71
-44 10
+45 5
+3 15
+1 4
fi=(40)
109 8
fi=(58)
1901 4
+4 8
cfn=(2482)
calls=4 +39 
* 153
-4 1
+4 2
cfn=(2482)
calls=1 +39 
* 42
* 10
+4 8
fi=(5)
609 12
+1 16
fi=(62)
292 4
fi=(58)
1910 4
fi=(62)
292 4
fi=(58)
1912 4
cfn=(2658)
calls=4 1015 
* 1956
-65 63
+10 21
cfi=(12)
cfn=(2274)
calls=7 1401 
* 481
+1 21
+3 14
+17 12
+1 6
fi=(236) /usr/local/go/src/runtime/mgcmark.go
1184 12
cfn=(2426) runtime.gcDrain
calls=6 +55 
* 270980
* 6
fi=(58)
1879 6
-17 2
fi=(236)
1178 2
cfn=(2426)
calls=1 +61 
* 1126
fi=(58)
1863 3
+14 1
fi=(236)
1178 3
cfn=(2426)
calls=1 +61 
* 698
fi=(58)
1883 35
cfi=(12)
cfn=(660)
calls=7 1277 
* 292
+1 21
cfi=(2)
cfn=(135)
calls=2 566 
* 132978
fi=(31)
1011 40
fi=(51)
459 4
fi=(40)
194 4
fi=(51)
+20 4
fi=(31)
1014 4
+3 8
cfn=(234)
calls=4 1224 
* 22806
* 8
+1 12
cfi=(2)
cfn=(134)
calls=4 566 
* 1759542
fi=(12)
4253 5
fi=(13)
189 1
fi=(12)
4254 2
fi=(13)
152 1
+37 3
fi=(12)
4256 3
+6 2
+1 3
fi=(13)
251 1
fi=(12)
4267 1
+8 3
cfn=(660)
calls=1 1277 
* 47
fi=(13)
251 2
fi=(12)
4276 1
-33 2
fi=(62)
292 1
fi=(12)
4280 1
fi=(62)
300 1
-8 1
fi=(12)
4244 1
fi=(62)
248 1
+18 1
-18 1
fi=(12)
4282 4
+1 4
cfi=(58)
cfn=(2252)
calls=1 1791 
* 80
+1 4
+1 2
-1 1
cfi=(2)
cfn=(2338)
calls=1 1889 
* 21
* 1
+1 1
-1 1
-1 1
+3 1
-23 2
+23 1
+14 1
+4 1
cfn=(730)
calls=1 4135 
* 1545
fi=(3)
277 1
+1 1
+1 1
+6 1
+1 1
+1 1
+1 1
+3 1
+1 1
+1 1
+1 3
cfi=(22)
cfn=(3134)
calls=1 33 
* 443869
+2 1
+1 1
+1 1
fe=(22)

fn=(2421)
fi=(12)
2112 16
+1 6
+12 4
cfn=(2274)
calls=2 1401 
* 132
+1 4
cfn=(2670)
calls=2 +14 
* 14950
+1 8
cfn=(660)
calls=2 1277 
* 70
+1 6
cfi=(2)
cfn=(135)
calls=2 566 
* 259860
fi=(58)
1791 42
cfi=(12)
cfn=(871)
calls=1 445 
* 82
cfi=(12)
cfn=(870)
calls=6 445 
* 492
fe=(22)
33 44
fi=(58)
1839 22
+2 22
fi=(40)
309 2
fi=(78)
+80 4
+19 4
-38 6
+41 4
fi=(40)
-95 2
fi=(78)
+92 2
fi=(58)
1842 13
+3 18
cfn=(2422)
calls=9 +88 
* 135
* 4
cfn=(2422)
calls=2 +88 
* 30
+2 99
cfi=(2)
cfn=(134)
calls=1 520 
* 28
cfi=(2)
cfn=(135)
calls=10 520 
* 280
fe=(22)
33 26
fi=(58)
1889 26
fe=(22)
33 26
fi=(58)
1888 52
+1 39
cfi=(56)
cfn=(2478)
calls=13 939 
* 245
-44 26
+45 13
+1 10
cfi=(78)
cfn=(840)
calls=2 447 
* 82
+2 39
+1 6
fi=(40)
109 12
fi=(58)
1901 6
+4 12
cfn=(2482)
calls=6 +39 
* 137
-4 7
+4 14
cfn=(2482)
calls=7 +39 
* 244
* 26
+4 12
fi=(5)
609 18
+1 24
fi=(62)
292 6
fi=(58)
1910 6
fi=(62)
292 6
fi=(58)
1912 6
cfn=(2658)
calls=6 1015 
* 5296
-65 99
+10 33
cfi=(12)
cfn=(2274)
calls=11 1401 
* 726
+1 33
+3 22
+17 12
+2 4
+1 2
fi=(236)
1168 4
cfn=(2426)
calls=2 +71 
* 773672
fi=(58)
1881 2
-2 4
fi=(236)
1184 8
cfn=(2426)
calls=4 +55 
* 290555
* 4
fi=(58)
1879 4
-17 10
fi=(236)
1178 10
cfn=(2426)
calls=5 +61 
* 586066
fi=(58)
1863 15
+14 5
fi=(236)
1178 15
cfn=(2426)
calls=5 +61 
* 3490
fi=(58)
1883 55
cfi=(12)
cfn=(660)
calls=11 1277 
* 385
+1 33
cfi=(2)
cfn=(134)
calls=1 566 
* 67605
cfi=(2)
cfn=(135)
calls=10 566 
* 3140518
fi=(31)
1011 20
fi=(51)
459 2
fi=(40)
194 2
fi=(51)
+20 2
fi=(31)
1014 2
+3 4
cfn=(234)
calls=2 1224 
* 9758
* 4
+1 6
cfi=(2)
cfn=(135)
calls=2 566 
* 74767
fi=(12)
4253 60
fi=(13)
189 12
fi=(12)
4254 24
fi=(13)
152 12
+37 36
fi=(12)
4256 36
+6 24
+1 36
fi=(13)
251 12
fi=(12)
4267 12
+8 36
cfn=(660)
calls=12 1277 
* 621
fi=(13)
251 24
fi=(12)
4276 12
-33 24
fi=(62)
292 12
fi=(12)
4280 12
fi=(62)
300 12
-8 12
fi=(12)
4244 12
fi=(62)
248 12
+18 12
-18 12
fi=(12)
4282 48
+1 48
cfi=(58)
cfn=(2252)
calls=7 1791 
* 560
cfn=(956)
calls=5 -36 
* 280
+1 48
+1 22
-1 11
cfi=(2)
cfn=(2338)
calls=11 1889 
* 231
* 11
+1 11
-1 11
-1 11
+3 11
-2 1
-1 1
+3 1
-23 24
+23 12
+14 12
+4 12
cfn=(730)
calls=12 4135 
* 142172
482 7
+1 3
cfn=(944)
calls=1 1120 
* 175
+1 3
cfi=(2)
cfn=(135)
calls=1 +82 
* 25876
fi=(3)
277 6
+1 6
+1 6
+6 6
+1 6
+1 6
+1 6
+3 6
+1 6
+1 6
+1 18
cfi=(22)
cfn=(2421)
calls=6 33 
* 2802963
+2 6
+1 6
+1 6
fe=(22)

fn=(3134)
33 2
fi=(44)
500 2
fe=(22)
33 2
fi=(44)
500 2
fi=(86)
763 6
cfn=(3136) runtime.(*timer).modify
calls=1 572 
* 902
fe=(22)
33 1
cfi=(3)
cfn=(94)
calls=1 223 
* 24
* 3
fi=(44)
507 3
+2 1
fi=(14)
152 1
fi=(79)
24 2
cfi=(14)
cfn=(90)
calls=1 155 
* 21
fi=(44)
515 3
cfi=(86)
cfn=(3710) runtime.(*timer).stop
calls=1 -18 
* 120
+1 1
fi=(14)
261 1
fi=(79)
35 2
cfi=(14)
cfn=(98)
calls=1 267 
* 43
fi=(44)
523 5
+22 9
cfn=(3712)
calls=1 413 
* 2
* 6
+4 5
cfn=(3714)
calls=1 1377 
* 58
* 3
+1 1
+10 3
cfn=(928)
calls=1 662 
* 443576
fi=(31)
1011 10
fi=(51)
459 1
fi=(40)
194 1
fi=(51)
+20 1
fi=(31)
1014 1
+3 2
cfn=(234)
calls=1 1224 
* 1996
* 2
+1 3
cfi=(2)
cfn=(135)
calls=1 566 
* 28285
fe=(22)

fn=(2732) runtime.gcMarkTermination
33 4
fi=(5)
602 2
fi=(58)
1351 2
fe=(22)
33 4
fi=(5)
602 2
+1 2
fi=(58)
1352 12
cfi=(2)
cfn=(2386)
calls=2 1886 
* 42
* 2
fi=(5)
603 2
fi=(58)
1352 4
+1 2
+1 4
+4 8
cfi=(12)
cfn=(2274)
calls=2 +43 
* 132
+7 14
cfi=(2)
cfn=(135)
calls=2 520 
* 56
* 12
+1 2
cfn=(2736) runtime.gcMark
calls=2 1956 
* 1292
+8 6
cfi=(2)
cfn=(135)
calls=2 566 
* 234758
fe=(22)

fn=(2733) runtime.gcMarkTermination'2
33 8
fi=(58)
1416 2
cfi=(130) /usr/local/go/src/runtime/time_linux_amd64.s
cfn=(1304) time.now
calls=2 14 
* 48
fi=(130)
65 2
+1 2
+1 2
+1 2
+1 2
+2 2
+7 2
+1 2
+1 2
+1 2
+3 2
+1 2
+1 6
cfi=(58)
cfn=(2731) runtime.gcMarkTermination'2
calls=2 1417 
* 232698
+3 2
+1 2
+2 2
+1 2
+1 2
+1 2
+2 2
fe=(22)

fn=(1286) time.runtimeNano
33 3
fi=(86)
+5 4
cfi=(128)
cfn=(2118)
calls=1 1230 
* 28497
fe=(22)

fl=(57)
fn=(1334) runtime.resolveNameOff
294 225
+1 135
+3 45
+1 135
+1 315
+1 135
+1 90
+4 135

fn=(476) runtime.typelinksinit
437 6
+1 2
+1 3

fn=(1328) runtime.resolveTypeOff
328 205
+1 164
+5 41
+2 164
+1 205
-8 41
+13 123
+13 205
cfi=(134) /usr/local/go/src/internal/runtime/maps/runtime_fast32.go
cfn=(1330) runtime.mapaccess1_fast32
calls=41 15 
* 451
* 164
+3 205
+1 123
+4 123

fn=(1340) runtime.rtype.textOff
370 20
+1 8
+5 8
+2 16
+1 20
+5 8
+13 12
cfi=(24)
cfn=(106)
calls=4 696 
* 56
+1 12

fn=(1338) runtime.pkgPath
419 55
+1 55
+1 55

fl=(1)
fn=(0)
fi=(30)
2157 3
fi=(12)
149 8
+1 2
+4 2
+6 1
+8 1
+3 1
+3 3
cfi=(2)
cfn=(134)
calls=1 520 
* 6631
* 2
5641 1
185 1
5641 1
-38 1
fi=(62)
248 1
fi=(12)
5642 1
fi=(62)
248 1
fi=(12)
5604 1
fi=(62)
292 1
fi=(12)
187 3
5604 1
fi=(22)
33 1
cfi=(3)
cfn=(94)
calls=1 223 
* 40
* 3
fi=(12)
193 1
+1 2
+4 2
+5 5
8069 7
+1 6
cfn=(792) runtime.doInit1
calls=3 +4 
* 12429
-1 20
206 1
+1 7
+6 1
cfi=(58)
cfn=(848) runtime.gcenable
calls=1 -2 
* 12005
+1 1
cfn=(1076) runtime.defaultGOMAXPROCSUpdateEnable
calls=1 7066 
* 3313
+2 4
cfi=(96)
cfn=(850)
calls=1 75 
* 202
* 3
+1 2
+39 3
+1 2
+1 5
8069 19
+1 9
cfn=(792)
calls=9 +4 
* 23295
-1 16
259 16
8069 34
fi=(30)
1067 4
cfn=(192)
calls=1 * 
* 1497
fe=(1)
8 1
cfi=(2)
cfn=(2) _rt0_amd64
calls=1 +8 
* 470547

fl=(201)
fn=(3400) runtime.recovery
1296 225
+3 45
-2 45
+1 90
+1 45
-1 90
+1 225
-2 45
+2 45
-1 45
+6 45
cfi=(24)
cfn=(674)
calls=45 923 
* 2475
+1 90
-1 45
fi=(24)
902 180
cfn=(106)
calls=45 696 
* 630
fe=(201)
1308 135
+3 90
-14 45
+14 45
+26 45
fi=(40)
291 135
fe=(201)
1311 405
+20 90
+8 180
-28 45
+28 225
+2 45
+1 45
+3 90
-6 135
+9 45
+40 360
+6 45
+1 45
+1 45
+9 135
+7 180
cfi=(2)
cfn=(750)
calls=45 436 
* 630

fn=(3380) runtime.(*_panic).initOpenCodedDefers
1043 225
fi=(24)
1267 90
+4 45
+1 45
-2 90
+6 90
+3 90
+2 90
fe=(201)
1045 90
+4 90
+4 90
765 45
+1 45
fi=(42)
25 45
fe=(201)
767 45
+1 90
+1 90
fi=(24)
1267 45
fe=(201)
769 90
fi=(42)
25 45
fe=(201)
1054 45
769 180
fi=(42)
25 45
fe=(201)
1055 90
+4 90
765 45
+1 45
+1 45
+1 90
+1 90
fi=(24)
1267 90
fi=(42)
25 45
fi=(24)
1267 135
fe=(201)
769 90
fi=(24)
902 135
cfn=(106)
calls=45 696 
* 630
fe=(201)
1061 225
769 315
1062 225
fi=(42)
25 90
fe=(201)
1063 135
+2 180

fn=(1728)
1069 3060
+1 612
+2 1449
-1 45
+48 45
+1 495
cfi=(2)
cfn=(134)
calls=45 520 
* 104504
* 90
+27 90
+3 90
+1 225
-78 2835

fn=(3392) runtime.gorecover.func1
1120 495
+1 315
+1 45
fi=(82)
130 225
cfn=(976)
calls=45 +3 
* 17957
fe=(201)
1123 90
cfi=(82)
cfn=(1006)
calls=45 441 
* 13876
+1 135
cfi=(82)
cfn=(1006)
calls=45 441 
* 12902
* 45
+3 225
cfi=(82)
cfn=(1006)
calls=90 441 
* 30798
* 90
fi=(82)
229 90
fe=(201)
1127 90
fi=(82)
229 45
fe=(201)
1127 180
+1 270
cfi=(82)
cfn=(992)
calls=135 581 
* 4860
* 810
cfi=(99)
cfn=(994)
calls=135 67 
* 12276
* 2835
cfi=(99)
cfn=(1004)
calls=90 91 
* 1080
+11 90
-11 180
fi=(99)
87 90
fe=(201)
1128 90
fi=(99)
87 135
fe=(201)
1128 135
+1 135
fi=(99)
117 270
+1 135
fi=(24)
880 135
+87 135
+3 135
fi=(99)
118 135
fe=(201)
1133 360
-2 180
+8 45
+1 90
+6 180
-12 270
+1 135

fn=(3374) runtime.(*_panic).nextFrame
997 540
+1 180
+1 225
+4 450
cfi=(2)
cfn=(134)
calls=45 520 
* 23773
* 90
+37 180

fn=(3402) runtime.deferreturn
658 270
+1 360
+1 45
+2 135
cfn=(3372) runtime.(*_panic).start
calls=45 886 
* 1080
+1 45
+1 90
cfn=(3384) runtime.(*_panic).nextDefer
calls=45 931 
* 1755
* 45
+1 45
+5 135

fn=(3376) runtime.(*_panic).nextFrame.func1
1003 315
+2 45
-2 90
+2 90
+1 45
+3 45
-6 90
+6 315
+1 270
cfi=(82)
cfn=(976)
calls=45 133 
* 14818
+1 45
fi=(82)
229 45
fe=(201)
1012 45
+10 135
+4 225
cfn=(3380)
calls=45 +17 
* 4635
* 90
+7 135
+1 180
+1 180
+2 90
+1 135

fn=(3384)
931 675
+1 270
+2 225
+1 180
+4 180
-5 90
+12 360
+1 45
+10 90
+16 180
+17 45
cfn=(3374)
calls=45 +7 
* 585
* 135
fi=(241)
156 135
fe=(201)
963 45
+3 45
+1 45
+2 270
+22 225
-51 90
cfi=(2)
cfn=(873) runtime.mcall'2
calls=45 458 
* 8595

fn=(3370) runtime.gopanic
809 360
+1 90
+8 45
-8 45
+8 90
+1 180
+7 90
+6 90
+9 135
+7 360
+1 90
+1 90
+2 45
fi=(40)
291 135
fe=(201)
854 180
cfn=(3372)
calls=45 +32 
* 26023
+1 45
+5 135
cfi=(266)
cfn=(3388) fmt.(*ss).doScanf.deferwrap1
calls=45 1182 
* 107744
-4 270
cfn=(3384)
calls=90 +75 
* 10755
* 45
+1 45

fn=(3372)
886 450
+1 180
+6 90
+1 360
+2 180
+1 135
+2 180
+11 135
+3 225
+1 45
+9 90
+1 45
cfn=(3374)
calls=45 +73 
* 24853
+1 135

fl=(155) /usr/local/go/src/compress/flate/huffman_bit_writer.go
fn=(1470) compress/flate.init.0
602 6
+1 9
+1 1
fi=(154)
60 5
cfi=(60)
cfn=(448)
calls=1 +42 
* 177
* 3
cfi=(30)
cfn=(190)
calls=1 2156 
* 260
* 7
fe=(155)
605 1
+1 5
cfi=(154)
cfn=(1474)
calls=1 272 
* 1898
+1 3

fl=(249) /usr/local/go/src/syscall/syscall.go
fn=(3062) syscall.ByteSliceFromString
48 1065
+1 1278
cfi=(17)
cfn=(66)
calls=213 -31 
* 7597
* 852
+3 1917
cfi=(60)
cfn=(580)
calls=213 -13 
* 53444
+2 1491

fl=(31)
fn=(334) runtime.newArenaMayUnlock
3016 25
+2 17
+9 4
+1 16390
+2 2
-2 2
-9 3
fi=(14)
261 3
fi=(79)
35 6
cfi=(14)
cfn=(98)
calls=3 267 
* 117
fe=(31)
3020 15
cfi=(35)
cfn=(140)
calls=3 49 
* 525
+1 6
-1 3
+4 3
fi=(14)
152 3
fi=(79)
24 9
cfi=(14)
cfn=(90)
calls=3 155 
* 63
fe=(31)
3030 6
+8 9
-8 2
+8 6

fn=(2786) runtime.(*sweepLocked).sweep.(*mheap).freeSpan.func2
1667 1962
+2 218
cfi=(13)
cfn=(2788)
calls=218 160 
* 436
* 436
+8 654
cfi=(14)
cfn=(2790) runtime.lock
calls=218 151 
* 6758
+17 872
cfn=(2792) runtime.(*mheap).freeSpanLocked
calls=218 +36 
* 194989
+1 436
cfi=(14)
cfn=(2802) runtime.unlock
calls=218 260 
* 10786
+1 654

fn=(2914)
1710 40
+2 24
fi=(13)
160 8
fe=(31)
1712 8
+8 8
+1 8
fi=(14)
152 8
fi=(79)
24 8
cfi=(14)
cfn=(90)
calls=7 155 
* 147
cfi=(14)
cfn=(91)
calls=1 155 
* 21
fe=(31)
1726 32
cfn=(2792)
calls=8 +4 
* 6703
+1 8
fi=(14)
261 8
fi=(79)
35 16
cfi=(14)
cfn=(98)
calls=8 267 
* 312
fe=(31)
1728 24

fn=(3494) runtime.removespecial
2041 1020
+2 408
-1 612
cfn=(1030) runtime.spanOfHeap
calls=204 742 
* 6732
+1 408
-1 204
+14 408
fi=(5)
602 204
fe=(31)
2050 204
fi=(5)
602 204
+1 408
fe=(31)
2051 204
cfi=(51)
cfn=(1032) runtime.(*mspan).ensureSwept
calls=204 465 
* 7179
+2 816
fi=(14)
152 204
fi=(79)
24 408
cfi=(14)
cfn=(90)
calls=204 155 
* 4284
fe=(31)
2058 204
+19 408
+2 705
+1 93
+1 186
-1 204
+1 408
+3 1596
+4 186
-27 408
+1 204
+2 612
-71 344
519 172
+97 516
2065 172
-73 344
+1 344
-2 516
+2 172
+1 1548
+73 172
fi=(14)
261 172
fi=(79)
35 344
cfi=(14)
cfn=(98)
calls=172 267 
* 6708
fe=(31)
2067 32
fi=(14)
261 32
fi=(79)
35 64
cfi=(14)
cfn=(98)
calls=32 267 
* 1248
fi=(5)
609 612
fe=(31)
2068 204
fi=(5)
609 408
+1 816
fe=(31)
2069 816

fn=(238) runtime.(*mheap).grow
1553 18
+1 3
+14 6
+1 3
fi=(42)
375 6
fe=(31)
1563 3
+5 3
fi=(42)
375 12
fe=(31)
1570 11
-7 2
+11 6
cfi=(30)
cfn=(240) runtime.(*mheap).sysAlloc
calls=2 741 
* 1682
+1 4
+6 10
+3 2
-28 3
+28 1
+5 6
+15 2
+1 2
-49 2
+51 1
-3 1
+9 2
cfi=(30)
cfn=(184) runtime.nextHeapRandBits
calls=1 395 
* 32
+1 3
fi=(42)
382 1
fe=(31)
1614 1
+8 1
-66 1
+66 5
fi=(42)
375 5
fe=(31)
1622 5
fi=(42)
375 5
fe=(31)
1622 1
+4 6
+1 1
+7 1
+10 2
+1 2
-11 7
cfi=(35)
cfn=(250)
calls=1 277 
* 179
-8 6
+1 2
+7 2
+10 4
+1 4
-11 14
cfi=(35)
cfn=(250)
calls=2 277 
* 358
+4 6
cfi=(36)
cfn=(254)
calls=3 776 
* 119
+1 6
+1 6
cfi=(36)
cfn=(258)
calls=3 805 
* 122
+4 12
cfi=(33)
cfn=(260)
calls=3 364 
* 10668
+1 9
-89 6
+91 3
-2 1
+10 3
cfi=(30)
cfn=(184)
calls=1 395 
* 32
fi=(42)
382 1
fe=(31)
1656 1
+1 2
+1 4
cfi=(33)
cfn=(298)
calls=1 988 
* 2298
+4 13

fn=(320)
544 3180
+4 636
+2 2546
+2 2
+3 2
-3 1
+3 3
+2 8
cfi=(35)
cfn=(140)
calls=1 49 
* 178
* 1
+1 1
-6 1
+9 3
+1 2
+1 3
+4 3
-1 3
+1 3
+1 1
+4 1
+1 1
-1 3816
+1 2544
+1 1908

fn=(326) runtime.(*mspan).init
1821 692
+2 692
+1 692
+1 692
+1 2076
+1 692
+1 692
+1 692
+1 692
+2 692
+1 692
+1 692
+1 692
+2 692
fi=(40)
131 692
fe=(31)
1838 692
411 692
fi=(40)
131 1384
fe=(31)
1840 692

fn=(224) runtime.(*mheap).alloc.func1
1011 6490
fi=(51)
459 649
fi=(40)
194 649
fi=(51)
+20 649
fe=(31)
1014 649
-3 111
+4 37
cfn=(226) runtime.(*mheap).reclaim
calls=37 832 
* 512969
+2 185
cfn=(234)
calls=37 1224 
* 187830
* 1224
cfn=(234)
calls=612 1224 
* 564313
* 1298
+1 1947

fn=(1028) runtime.addspecial
2003 1160
+2 696
-1 696
cfn=(1030)
calls=232 742 
* 7656
+1 464
-1 232
+14 464
fi=(5)
602 232
fe=(31)
2012 232
fi=(5)
602 232
+1 464
fe=(31)
2013 232
cfi=(51)
cfn=(1032)
calls=232 465 
* 7894
+2 928
+1 696
fi=(14)
152 232
fi=(79)
24 464
cfi=(14)
cfn=(90)
calls=232 155 
* 4872
fe=(31)
2077 464
+2 792
+1 96
+1 192
-1 232
+1 464
+3 288
+4 192
+1 232
-68 464
+1 232
+13 232
-11 464
+1 464
+1 232
-41 464
519 232
+97 696
2027 232
-43 232
+1 464
-2 696
+2 232
+1 1856
+44 232
fi=(14)
261 232
fi=(79)
35 464
cfi=(14)
cfn=(98)
calls=232 267 
* 9048
fi=(5)
609 696
fe=(31)
2031 232
fi=(5)
609 464
+1 878
fe=(31)
2021 414
fi=(5)
610 207
fe=(31)
2021 50
+14 1160

fn=(1030)
742 436
616 1308
+86 436
+3 872
+9 436
+4 872
+1 872
+3 1744
519 436
743 436
+6 872
419 436
fi=(40)
124 436
fe=(31)
749 2180
519 436
749 1308
+3 872

fn=(1392)
2110 1035
+9 1035
-8 207
fi=(14)
152 207
fi=(79)
24 414
cfi=(14)
cfn=(90)
calls=207 155 
* 4347
fe=(31)
2112 414
cfi=(32)
cfn=(172)
calls=207 74 
* 9948
* 207
+1 207
fi=(14)
261 207
fi=(79)
35 414
cfi=(14)
cfn=(98)
calls=207 267 
* 8901
fe=(31)
2114 414
+1 414
+2 197
+1 197
-3 404
+2 10
+1 10
-3 10
cfi=(2)
cfn=(3780) runtime.gcWriteBarrier6
calls=10 1901 
* 210
* 30
+2 30
+1 30
-3 10
+1 20
+1 10
+1 10
+1 30
cfn=(1028)
calls=10 2003 
* 2190
-4 197
+1 394
+1 197
+1 197
+1 591
cfn=(1028)
calls=197 2003 
* 44391
* 414
+5 414
+1 40
cfi=(49)
cfn=(1378)
calls=10 1361 
* 440
fi=(5)
602 10
fe=(31)
2126 10
fi=(5)
602 10
fe=(31)
2130 10
fi=(5)
603 20
fe=(31)
2127 40
600 10
2130 10
-3 10
+4 10
cfi=(55)
cfn=(2536) runtime.scanObject
calls=10 1187 
* 2759
+4 80
cfi=(236)
cfn=(2446) runtime.scanblock
calls=10 1479 
* 1210
fi=(5)
609 30
fe=(31)
2136 10
fi=(5)
609 10
+1 40
fe=(31)
2138 828

fn=(234)
1224 4152
+15 2768
-13 692
+12 692
fi=(62)
272 692
fe=(31)
1239 2704
fi=(80) /usr/local/go/src/runtime/mpagecache.go
26 660
fe=(31)
1243 660
+1 39
+1 78
fi=(14)
152 39
fi=(79)
24 39
cfi=(14)
cfn=(91)
calls=1 155 
* 21
cfi=(14)
cfn=(90)
calls=38 155 
* 798
fe=(31)
1245 78
cfi=(80)
cfn=(648) runtime.(*pageAlloc).allocToCache
calls=39 119 
* 124356
* 156
+1 39
fi=(14)
261 39
fi=(79)
35 78
cfi=(14)
cfn=(98)
calls=39 267 
* 1521
fe=(31)
1240 39
+10 39
-10 78
+10 39
cfi=(80)
cfn=(654) runtime.(*pageCache).alloc
calls=39 37 
* 1514
-10 1242
+10 621
cfi=(80)
cfn=(654)
calls=621 37 
* 26400
+1 1320
1138 1218
+3 3045
+4 2400
+1 600
1252 609
+1 1818
+1 651
+9 240
-24 96
+24 128
fi=(14)
152 32
fi=(79)
24 32
cfi=(14)
cfn=(90)
calls=32 155 
* 672
fe=(31)
1263 240
fi=(14)
152 60
fi=(79)
24 60
cfi=(14)
cfn=(91)
calls=2 155 
* 42
cfi=(14)
cfn=(90)
calls=58 155 
* 1218
fe=(31)
1294 368
+16 27
-16 9
+2 415
cfi=(33)
cfn=(236)
calls=83 879 
* 205463
+1 326
+2 9
cfn=(238)
calls=3 1553 
* 15751
* 3
+1 3
-1 3
+5 9
cfi=(33)
cfn=(236)
calls=3 879 
* 6461
+1 9
+5 552
+3 276
cfn=(318) runtime.(*mheap).allocMSpanLocked
calls=92 1160 
* 48136
+2 184
fi=(14)
261 92
fi=(79)
35 184
cfi=(14)
cfn=(98)
calls=92 267 
* 3588
fe=(31)
1328 368
fi=(40)
74 92
fi=(78)
+17 92
fi=(40)
+33 92
+44 92
fe=(31)
1330 92
fi=(40)
74 600
fi=(78)
+17 600
fi=(40)
+33 600
+44 600
fe=(31)
1330 600
+3 692
fi=(40)
309 692
fe=(31)
1336 692
+1 1384
-1 2768
fi=(40)
309 692
fe=(31)
1341 2464
fi=(36)
651 6
fi=(44)
151 3
fe=(31)
1350 9
+6 6
+3 9
1239 6
1356 3
1239 714
1341 357
1239 664
+89 996
+40 332
-40 1080
+40 2340
-27 1
+26 1
+7 1
fi=(22)
33 1
cfi=(3)
cfn=(94)
calls=1 223 
* 38
* 2
fe=(31)
1375 1
fi=(22)
33 2
fi=(40)
309 2
fi=(78)
+80 2
+19 2
-38 4
+41 2
fi=(40)
-95 1
fe=(31)
1378 7
cfi=(44)
cfn=(2514)
calls=1 675 
* 92
+4 1
fi=(40)
420 2
fe=(31)
1385 1
fi=(22)
33 1
cfi=(3)
cfn=(94)
calls=1 223 
* 38
* 3
fi=(78)
408 3
fe=(31)
1386 1
fi=(22)
33 1
fe=(31)
1387 5
cfi=(78)
cfn=(840)
calls=1 447 
* 44
+2 3
fi=(40)
109 2
fe=(31)
1393 11
cfn=(324) runtime.(*mheap).initSpan
calls=1 +46 
* 331
* 5528
cfn=(324)
calls=691 +46 
* 247411
+7 2076
+1 2076
+3 398
+1 1194
fi=(35)
90 398
fi=(40)
344 796
fi=(35)
91 398
cfi=(37)
cfn=(272)
calls=398 -2 
* 3980
fe=(31)
1405 1194
cfi=(36)
cfn=(142)
calls=398 659 
* 7164
+3 2388
cfi=(36)
cfn=(142)
calls=398 659 
* 5970
* 1176
cfi=(36)
cfn=(142)
calls=294 659 
* 5292
+1 2076
+1 2004
cfi=(36)
cfn=(142)
calls=668 659 
* 12024
+3 1384
cfi=(36)
cfn=(254)
calls=692 776 
* 18004
+1 2076
+1 1384
-6 1384
+8 692
+1 2672
+1 48
+1 60
+1 8
+1 8
+2 8
cfi=(36)
cfn=(258)
calls=4 805 
* 64
* 1376
cfi=(36)
cfn=(258)
calls=688 805 
* 12192
fi=(13)
160 692
fe=(31)
1427 692
+7 2768

fn=(2318) runtime.nextMarkBitArenaEpoch
2994 20
+1 4
fi=(14)
152 4
fi=(79)
24 12
cfi=(14)
cfn=(90)
calls=4 155 
* 84
fe=(31)
2996 12
+1 6
+1 2
+10 4
+1 4
+1 6
+1 2
fi=(14)
261 2
fi=(79)
35 4
cfi=(14)
cfn=(98)
calls=2 267 
* 86
fe=(31)
3008 4
+1 4
+1 6
+1 2
fi=(14)
261 2
fi=(79)
35 4
cfi=(14)
cfn=(98)
calls=2 267 
* 86
fe=(31)
3012 16

fn=(3492)
2149 1020
+1 408
cfn=(3494)
calls=204 2041 
* 44877
+1 408
-1 204
+4 204
fi=(14)
152 204
fi=(79)
24 408
cfi=(14)
cfn=(90)
calls=204 155 
* 4284
fi=(32)
+81 408
fe=(31)
2155 204
fi=(32)
105 204
+2 612
+1 204
fe=(31)
2156 204
fi=(14)
261 204
fi=(79)
35 408
cfi=(14)
cfn=(98)
calls=204 267 
* 8772
fe=(31)
2157 612

fn=(222) runtime.(*mheap).alloc
1006 3285
+4 657
+1 8541
cfi=(2)
cfn=(135)
calls=12 520 
* 14376
cfi=(2)
cfn=(134)
calls=645 520 
* 1287855
* 1314
+8 2628
cfi=(45)
cfn=(2204) runtime.(*mcache).allocLarge
calls=1 257 
* 12199
cfi=(50)
cfn=(220)
calls=8 254 
* 1920287

fn=(223) runtime.(*mheap).alloc'2
1006 55
+4 11
+1 143
cfi=(2)
cfn=(135)
calls=11 520 
* 907
* 22
+8 44
cfi=(45)
cfn=(2204)
calls=2 257 
* 57694
cfi=(50)
cfn=(221) runtime.(*mcentral).grow'2
calls=8 254 
* 204378

fn=(328) runtime.(*mheap).allocNeedsZero
1072 3460
+1 1384
+46 692
+1 1384
-1 692
+1 692
-45 692
-2 4152
+2 2076
616 2076
1074 1384
+1 2076
+2 1384
+1 1384
+19 2076
-18 1384
+18 1384
+1 1384
+5 1384
-30 249
+31 1245
-29 443
+28 443
+19 2768

fn=(336) runtime.(*mheap).setSpans
1048 1384
+3 2076
616 2076
1050 692
+1 1384
-2 1384
+2 1384
+1 692
+6 2788
-6 8354
+1 4182
+1 2788
+1 3
+1 2
616 2
1056 4
-4 2786
+6 1393
-4 1393
+6 1384

fn=(2804) runtime.freeSpecial
2786 85
+1 136
+15 51
cfi=(23)
cfn=(2806)
calls=17 469 
* 1976
+1 17
fi=(14)
152 17
fi=(79)
24 51
cfi=(14)
cfn=(90)
calls=16 155 
* 336
cfi=(14)
cfn=(91)
calls=1 155 
* 21
fi=(32)
+81 34
fe=(31)
2804 17
fi=(32)
105 17
+2 51
+1 17
fi=(14)
261 17
fi=(79)
35 34
cfi=(14)
cfn=(98)
calls=17 267 
* 667
* 17
fe=(31)
2805 17
+54 51

fn=(3808) runtime.(*mheap).reclaimChunk
912 238
+6 34
fi=(51)
149 34
+1 34
fi=(40)
+44 34
fi=(51)
-43 136
+3 34
-5 34
fi=(40)
+87 170
fi=(51)
-82 34
+1 34
-4 34
fe=(31)
922 102
+1 34
fi=(51)
149 204
fe=(31)
923 34
+45 102
+1 34
-43 204
+1 170
+1 170
+4 34
-1 68
+1 136
+2 68
-2 68
+1 68
+1 68
+7 2
-15 2
+2 2
+3 2
+10 2
-9 2
+1 2
-7 4
+15 2
-15 32
+2 32
+3 32
+10 32
-9 32
+1 32
-7 64
+15 2208
+35 2176
-48 4352
+13 4420
+1 19584
+1 4352
-2 208
+2 104
+4 832
-20 832
+42 832
-22 1872
+1 4160
+1 1360
-2 1020
+2 340
+1 1020
cfi=(51)
cfn=(2900) runtime.(*sweepLocker).tryAcquire
calls=340 342 
* 8052
* 1020
+11 18
-19 18
+7 54
+1 18
+1 322
+3 966
-2 322
fi=(14)
261 322
fi=(79)
35 644
cfi=(14)
cfn=(98)
calls=322 267 
* 12558
fe=(31)
953 966
cfi=(51)
cfn=(2772) runtime.(*sweepLocked).sweep
calls=322 505 
* 414846
* 322
fi=(14)
152 322
fi=(79)
24 644
cfi=(14)
cfn=(90)
calls=322 155 
* 6762
fe=(31)
961 2254
-5 1610
-9 322
-20 322
+15 322
-1 322
+27 322
-21 322
+2 644
-7 644
+7 966
-2 18
-20 18
+15 18
-1 18
+27 18
-21 18
+2 36
-7 36
+7 54
-23 34
+45 136
cfi=(51)
cfn=(218) runtime.(*activeSweep).end
calls=34 162 
* 884
fi=(13)
152 34
+37 102
fe=(31)
972 34
fi=(13)
251 34
fe=(31)
973 34
+9 136

fn=(770)
1859 115
+1 92
+5 46
+1 60
+2 9
+2 46
+1 51
+2 18
+2 6
+2 6
+1 18
-3 17
+2 17
+1 51

fn=(2792)
1730 2065
+8 1239
-7 413
+2 413
419 413
fi=(40)
124 413
fe=(31)
1738 826
+1 810
+3 2835
+4 810
fi=(40)
420 405
fe=(31)
+99 405
759 810
616 1215
1749 810
758 405
+1 1215
1750 405
760 1215
1750 810
761 810
1738 405
761 1215
1750 810
+3 405
fi=(55)
259 1215
fe=(31)
1753 405
+1 480
-20 16
+1 16
+28 1652
+1 1239
cfi=(36)
cfn=(142)
calls=413 659 
* 7434
+1 1239
+1 2835
cfi=(36)
cfn=(142)
calls=405 659 
* 7290
+3 826
cfi=(36)
cfn=(254)
calls=413 776 
* 10325
-4 826
+6 413
+1 2025
+1 16
+1 20
+1 8
+1 16
+2 12
cfi=(36)
cfn=(258)
calls=4 805 
* 64
* 1227
cfi=(36)
cfn=(258)
calls=409 805 
* 6544
+3 1652
519 413
fi=(40)
131 826
fe=(31)
1781 826
cfi=(33)
cfn=(2794)
calls=413 940 
* 274824
+3 413
411 413
fi=(40)
131 1239
fe=(31)
1195 826
+2 2065
+1 1420
+1 355
1785 355
fi=(32)
105 174
fe=(31)
1204 58
fi=(32)
105 58
+2 174
+1 58
fe=(31)
1786 1239

fn=(3814) runtime.(*sweepLocked).sweep.(*mheap).freeSpan.func3
1667 981
+2 109
cfi=(13)
cfn=(2788)
calls=109 160 
* 218
* 218
+8 327
cfi=(14)
cfn=(2790)
calls=109 151 
* 3379
+17 436
cfn=(2792)
calls=109 +36 
* 105763
+1 218
cfi=(14)
cfn=(2802)
calls=109 260 
* 5341
+1 327

fn=(124) runtime.(*mheap).init
787 5
+30 1
-29 1
+3 7
cfi=(32)
cfn=(126)
calls=1 56 
* 32
+1 7
cfi=(32)
cfn=(126)
calls=1 56 
* 32
+1 7
cfi=(32)
cfn=(126)
calls=1 56 
* 32
+1 7
cfi=(32)
cfn=(126)
calls=1 56 
* 32
+1 7
cfi=(32)
cfn=(126)
calls=1 56 
* 32
+1 7
cfi=(32)
cfn=(126)
calls=1 56 
* 32
+1 7
cfi=(32)
cfn=(126)
calls=1 56 
* 32
+1 7
cfi=(32)
cfn=(126)
calls=1 56 
* 32
+1 7
cfi=(32)
cfn=(126)
calls=1 56 
* 32
+1 7
cfi=(32)
cfn=(126)
calls=1 56 
* 32
+1 7
cfi=(32)
cfn=(126)
calls=1 56 
* 32
+1 7
cfi=(32)
cfn=(126)
calls=1 56 
* 32
+1 7
cfi=(32)
cfn=(126)
calls=1 56 
* 32
+1 7
cfi=(32)
cfn=(126)
calls=1 56 
* 32
+9 3
+4 1
+1 272
fi=(50)
50 136
fe=(31)
817 410
+4 7
cfi=(33)
cfn=(128)
calls=1 312 
* 1623
+2 1
fi=(299) /usr/local/go/src/runtime/preempt_xreg.go
64 7
cfi=(32)
cfn=(126)
calls=1 -8 
* 32
fe=(31)
824 3

fn=(226)
832 185
+7 37
fi=(40)
309 37
fe=(31)
839 141
fi=(5)
602 15
fe=(31)
846 15
fi=(5)
602 15
+1 30
fi=(13)
152 15
+37 60
fe=(31)
848 15
fi=(13)
251 15
fe=(31)
849 15
+5 105
+2 15
-16 66
fi=(40)
359 46
fe=(31)
856 168
fi=(40)
359 47
fe=(31)
858 94
+2 12
+4 48
-25 12
fi=(40)
401 36
fe=(31)
865 24
+2 24
-7 12
+11 35
fi=(40)
344 70
fe=(31)
872 140
-16 68
+22 34
fi=(40)
344 2
fe=(31)
880 2
fi=(14)
152 2
fi=(79)
24 2
cfi=(14)
cfn=(90)
calls=2 155 
* 42
fe=(31)
885 18
cfn=(3808)
calls=2 +27 
* 2424
* 128
cfn=(3808)
calls=32 +27 
* 507826
+1 102
+1 32
fi=(40)
359 32
fe=(31)
887 32
+3 2
fi=(40)
420 6
fe=(31)
872 2
+13 2
fi=(40)
359 4
fe=(31)
885 2
-27 4
fi=(5)
609 2
fe=(31)
856 2
+16 32
+13 32
fi=(40)
359 64
fe=(31)
885 32
-27 64
fi=(5)
609 32
fe=(31)
856 32
+18 1
fi=(40)
316 1
fe=(31)
856 1
+38 1
-38 14
+38 14
+1 2
fi=(14)
261 2
fi=(79)
35 4
cfi=(14)
cfn=(98)
calls=2 267 
* 78
fi=(5)
609 2
fi=(13)
152 2
+37 2
-37 13
+37 43
fe=(31)
898 15
fi=(13)
251 15
fe=(31)
899 15
fi=(5)
609 30
fe=(31)
903 15
fi=(5)
609 15
+1 30
fe=(31)
904 45

fn=(1026)
2717 125
+6 50
-5 25
fi=(14)
152 25
fi=(79)
24 50
cfi=(14)
cfn=(90)
calls=25 155 
* 525
fe=(31)
2719 50
cfi=(32)
cfn=(172)
calls=25 74 
* 1016
* 25
+1 25
fi=(14)
261 25
fi=(79)
35 50
cfi=(14)
cfn=(98)
calls=25 267 
* 975
fe=(31)
2721 50
+1 50
+1 75
cfn=(1028)
calls=25 2003 
* 5486
* 50
+3 75

fn=(526)
1884 135
+1 216
+4 54
+1 81
+3 30
+3 17
+2 17
+1 17
+1 51
-2 10
+1 10
+1 30

fn=(318)
1160 460
+1 92
+2 276
+1 184
+5 120
-5 10
fi=(62)
272 20
fe=(31)
1169 10
-3 64
cfi=(32)
cfn=(172)
calls=32 74 
* 2320
* 96
+11 360
+1 60
+1 180
-8 640
+1 1280
cfi=(32)
cfn=(172)
calls=640 74 
* 37444
* 1920
-1 640
+1 640
-1 1300
+3 20

fn=(2708) runtime.gcWakeAllStrongFromWeak
2508 20
+1 4
fi=(14)
152 4
fi=(79)
24 8
cfi=(14)
cfn=(90)
calls=4 155 
* 84
fi=(12)
7816 8
+1 8
fe=(31)
2510 8
+1 8
cfi=(12)
cfn=(2310)
calls=4 4045 
* 40
+1 4
fi=(14)
261 4
fi=(79)
35 8
cfi=(14)
cfn=(98)
calls=4 267 
* 172
fe=(31)
2513 12

fn=(2776) runtime.(*sweepLocked).sweep
1667 4
fi=(51)
836 8
cfn=(2236) runtime.sweepone
calls=2 396 
* 450464367
fe=(31)

fn=(2777) runtime.(*sweepLocked).sweep'2
1667 90
fi=(51)
789 225
cfn=(2237) runtime.sweepone'2
calls=45 396 
* 10807750223
fe=(31)
1667 62
fi=(51)
836 124
cfn=(2237)
calls=31 396 
* 9007741478
fe=(31)

fn=(324)
1439 3460
+10 4844
-7 3460
cfn=(326)
calls=692 1821 
* 15224
+3 2768
cfn=(328)
calls=692 1072 
* 36288
fi=(35)
76 692
fi=(37)
193 692
fe=(31)
1449 5536
-4 294
+4 294
+1 882
+4 398
997 1194
1453 398
997 882
1453 294
+1 24
+1 24
fi=(40)
131 24
fe=(31)
1456 24
fi=(40)
131 48
fe=(31)
411 24
1460 1336
595 1336
1452 1336
+9 1336
+1 201
+1 201
+1 402
+2 2802
fi=(55)
259 934
fe=(31)
1473 1401
fi=(49)
79 467
fe=(31)
1469 467
600 231
1473 231
+2 369
+2 2802
+9 1401
+4 467
+1 467
+1 467
+1 1401
cfn=(332) runtime.newMarkBits
calls=467 2920 
* 34214
-3 201
+1 201
+1 201
+1 603
cfn=(332)
calls=201 2920 
* 7236
* 1336
+1 668
fi=(40)
131 1336
fe=(31)
2977 1336
cfn=(332)
calls=668 -57 
* 24048
1494 1336
+3 3340
+5 2672
+12 668
411 668
fi=(40)
131 2004
fe=(31)
1524 668
519 668
1524 1336
cfn=(336)
calls=668 1048 
* 34135
519 24
1524 48
cfn=(336)
calls=24 1048 
* 2016
997 2076
1526 692
519 1336
759 1336
616 2004
1532 1336
758 668
+1 2004
1533 668
760 2004
1533 1336
761 2672
1533 668
+3 668
fi=(55)
259 1336
fe=(31)
1536 668
+1 684
+4 456
fi=(40)
420 684
fe=(31)
1546 228
cfi=(2)
cfn=(338) runtime.publicationBarrier
calls=228 878 
* 228
-5 880
fi=(40)
420 1320
fe=(31)
1546 440
cfi=(2)
cfn=(338)
calls=440 878 
* 440
* 24
cfi=(2)
cfn=(338)
calls=24 878 
* 24
+1 2076

fn=(332)
2920 10775
+5 2155
-4 4310
-16 15065
+17 10
-17 10
+17 4300
-17 4300
+4 10
+17 5
-17 8600
+1 4300
+4 2150
+1 8600
+11 4310
-5 5
+1 5
+10 5
fi=(14)
152 5
fi=(79)
24 10
cfi=(14)
cfn=(90)
calls=5 155 
* 105
fe=(31)
2936 5
-31 10
+4 10
-4 10
+4 15
+27 15
+6 5
cfn=(334)
calls=5 +74 
* 17219
+4 5
-41 10
+4 15
-4 10
+4 10
+37 15
-41 45
+4 20
+1 10
+4 5
+1 20
+43 10
-1 5
+6 10
+1 10
+2 5
fi=(14)
261 5
fi=(79)
35 10
cfi=(14)
cfn=(98)
calls=5 267 
* 195
fe=(31)
2967 20
-40 8600

fn=(438)
1039 120
-42 24
+43 24
+3 48
cfn=(234)
calls=24 1224 
* 42052
* 72

fl=(200) /usr/local/go/src/sort/zsortinterface.go
fn=(1684) sort.pdqsort
61 36
+8 93
+20 63
-19 63
+2 42
-2 18
+2 12
+6 48
-8 144
+14 24
+5 48
cfn=(1686) sort.choosePivot
calls=24 261 
* 9846
+1 96
+18 24
+1 24
-19 24
+10 156
+1 18
cfn=(1692) sort.partialInsertionSort
calls=6 +94 
* 828087
* 12
+8 3
-1 3
-38 3
+39 3
-39 3
+31 3
+7 96
cfi=(197)
cfn=(1690) regexp/syntax.ranges.Less
calls=3 2175 
* 60
* 3
+1 3
-39 3
+39 3
-39 3
+38 3
+1 6
-1 42
+6 84
cfn=(1706) sort.partition
calls=21 +21 
* 207405
* 42
+3 126
+1 84
+1 42
-2 6
+4 30
cfn=(1685) sort.pdqsort'2
calls=6 -60 
* 4263
+1 12
-2 30
+2 6
-5 15
+8 90
cfn=(1685)
calls=15 -64 
* 1115514
-1 90
-54 42
+32 9
-29 3
cfn=(1710) sort.insertionSort
calls=3 -63 
* 2901
+1 9

fn=(1685)
61 1584
+8 2049
+20 729
-19 729
+2 486
-2 792
+2 528
+6 492
-8 1476
+14 246
+5 492
cfn=(1686)
calls=246 261 
* 56001
+1 972
+18 240
+1 240
-19 240
-1 6
+2 30
cfn=(1708) sort.reverseRange
calls=6 319 
* 14208
+4 60
+5 1704
+1 126
cfn=(1692)
calls=42 +94 
* 218433
* 84
+8 39
-1 39
-38 39
+39 39
-39 39
+31 39
+7 1944
cfi=(197)
cfn=(1690)
calls=243 2175 
* 4860
* 243
+1 243
-39 243
+39 243
-39 243
+38 243
+1 486
-1 486
+6 972
cfn=(1706)
calls=243 +21 
* 477174
* 486
+3 1458
+1 972
+1 486
-2 114
+4 570
cfn=(1685)
calls=114 -60 
* 317523
+1 228
-2 570
+2 114
-5 129
+8 774
cfn=(1685)
calls=129 -64 
* 812793
-1 774
-54 486
+32 9
-29 261
cfn=(1710)
calls=261 -63 
* 322002
+1 783

fn=(1706)
135 1320
+4 1056
-3 1320
cfi=(197)
cfn=(1694) regexp/syntax.ranges.Swap
calls=264 2186 
* 7656
+1 1320
+2 264
+1 4635
-1 39192
cfi=(197)
cfn=(1690)
calls=4899 2175 
* 97980
* 4899
+1 4899
-1 14961
+4 1797
-1 16416
cfi=(197)
cfn=(1690)
calls=2037 2175 
* 40740
* 6111
+1 4074
-1 4386
+3 264
+4 1440
cfi=(197)
cfn=(1694)
calls=240 2186 
* 6960
+1 480
+1 480
+2 240
-7 120
cfi=(197)
cfn=(1694)
calls=24 2186 
* 696
+1 120
+16 15336
cfi=(197)
cfn=(1694)
calls=2556 2186 
* 74124
+1 5112
+1 10224
-11 2556
+11 480
-11 240
+1 666
-1 30666
cfi=(197)
cfn=(1690)
calls=3339 2175 
* 66780
+1 3339
-1 13059
+4 2697
-1 48477
cfi=(197)
cfn=(1690)
calls=5253 2175 
* 105060
* 10506
+1 5253
-1 13782
+3 2796
+7 1440
cfi=(197)
cfn=(1694)
calls=240 2186 
* 6960
+1 1200

fn=(1686)
261 1890
+9 270
-3 270
+4 1350
+2 270
-2 270
+1 270
+1 270
+3 810
+1 540
-5 72
+1 72
+3 144
+40 1152
-37 72
+37 216
cfn=(1688) sort.median
calls=72 -9 
* 7650
* 72
-36 72
+36 504
cfn=(1688)
calls=72 -9 
* 7731
* 72
-35 72
+35 504
cfn=(1688)
calls=72 -9 
* 7704
-32 792
cfn=(1688)
calls=72 +23 
* 7812
* 1188
cfn=(1688)
calls=198 +23 
* 21276
* 270
+3 270
+1 540
+2 300
+1 24
+2 576
-4 480

fn=(1708)
319 30
+3 12
-1 6
+1 648
+1 1605
cfi=(197)
cfn=(1694)
calls=321 2186 
* 9309
+1 642
+1 642
-2 642
-1 654
+5 18

fn=(1692)
195 240
+6 192
-1 96
+1 174
+1 63
+8 63
-8 126
-1 447
+1 99
+1 4491
-1 41286
cfi=(197)
cfn=(1690)
calls=4584 2175 
* 91680
* 4584
+8 4584
-7 4584
+11 4584
-13 4584
+1 9168
+12 4584
-12 9279
+4 99
+4 279
+4 378
cfi=(197)
cfn=(1694)
calls=63 2186 
* 1827
+3 441
+1 84
+8 378
+1 126
+8 48
-24 150
-4 24
+24 23112
cfi=(197)
cfn=(1694)
calls=3852 2186 
* 111708
-4 7704
-17 3852
-9 3852
+26 19437
+1 27321
cfi=(197)
cfn=(1690)
calls=3903 2175 
* 78060
* 7806
-18 51
-9 51
+1 102
+27 51
-7 49140
cfi=(197)
cfn=(1694)
calls=8190 2186 
* 237510
-12 8190
+16 8190
-8 32883
+1 57603
cfi=(197)
cfn=(1690)
calls=8229 2175 
* 164580
* 16458
-9 39
+16 39
-6 39

fn=(1710)
10 1320
+1 11127
+1 1803
+1 3243
-1 6486
+1 9729
cfi=(197)
cfn=(1694)
calls=3243 2186 
* 94047
* 3243
-1 3243
+1 3243
-2 6486
+1 42270
cfi=(197)
cfn=(1690)
calls=4599 2175 
* 91980
* 9198
+1 4599
-2 9198
+1 4599
+1 4599
-1 13698
+4 792

fn=(1688)
307 2430
-8 4860
cfi=(197)
cfn=(1690)
calls=486 2175 
* 9720
* 1458
+1 336
+8 1776
-9 1908
cfi=(197)
cfn=(1690)
calls=318 2175 
* 6360
+9 336
-9 1008
cfi=(197)
cfn=(1690)
calls=168 2175 
* 3360
* 972
+1 426
+9 972
-10 1638
cfi=(197)
cfn=(1690)
calls=273 2175 
* 5460
+10 213
-10 1278
cfi=(197)
cfn=(1690)
calls=213 2175 
* 4260
* 972
+1 324
+10 648
+1 1458

fl=(191) /usr/local/go/src/internal/fuzz/coverage.go
fn=(1626) internal/fuzz.init.0
106 1
+1 1
+2 768
+1 768
+1 768
+1 768
+1 512
-6 770
+8 1

fl=(64)
fn=(3096)
378 10005
+1 4002
+1 5604
-1 600
+6 2400
cfi=(30)
cfn=(193)
calls=9 1067 
* 1212
cfi=(30)
cfn=(192)
calls=591 1067 
* 75152
+1 1200
+2 8604

fn=(3368) runtime.convT
334 225
+12 90
-2 225
cfi=(30)
cfn=(193)
calls=45 1067 
* 10215
* 45
+1 225
cfi=(75)
cfn=(1046)
calls=45 150 
* 1575
+1 180

fn=(1212)
419 1278
+1 426
+1 3
-1 424
+3 1060
cfi=(30)
cfn=(193)
calls=7 1067 
* 2954
cfi=(30)
cfn=(192)
calls=205 1067 
* 53261
+1 1272
cfi=(2)
cfn=(2338)
calls=9 1889 
* 189
* 36
+2 27
-2 203
+2 612

fn=(1324) runtime.itabInit
204 30
+1 5
fi=(48)
320 15
196 5
323 25
+8 5
fe=(64)
207 5
-2 5
+8 5
+1 5
+1 5
fi=(42)
25 5
fe=(64)
217 10
fi=(48)
320 10
fe=(64)
205 10
+2 5
fi=(42)
25 5
fe=(64)
213 5
+1 25
+5 5
+1 4
fi=(57)
325 4
fe=(64)
-89 4
fi=(48)
+84 4
fe=(64)
-99 4
-1 4
+12 4
-3 4
-9 8
+34 4
-34 18
+1 28
-1 21
+1 14
+1 7
fi=(57)
367 14
cfn=(1328)
calls=7 -39 
* 378
* 7
fe=(64)
223 21
fi=(57)
325 14
cfn=(1334)
calls=7 -31 
* 189
* 7
fe=(64)
224 14
cfi=(48)
cfn=(1336) internal/abi.Name.Name
calls=7 659 
* 259
* 14
+1 14
cfi=(57)
cfn=(1338)
calls=7 419 
* 105
* 7
+1 14
+1 21
cfi=(48)
cfn=(1336)
calls=7 659 
* 259
+2 88
+9 60
-9 178
+1 34
-1 34
+1 68
+2 68
fi=(57)
+93 68
cfn=(1334)
calls=34 -31 
* 918
* 34
fe=(64)
-92 102
fi=(57)
367 68
cfn=(1328)
calls=34 -39 
* 1836
fe=(64)
233 170
cfi=(48)
cfn=(1336)
calls=4 659 
* 148
* 24
cfi=(20)
cfn=(80)
calls=4 14 
* 16
+18 4
-18 72
+1 8
cfi=(57)
cfn=(1338)
calls=4 419 
* 60
+1 8
+1 8
fi=(57)
+89 8
cfn=(1334)
calls=4 -31 
* 108
* 4
fe=(64)
-89 4
cfi=(48)
cfn=(1336)
calls=4 659 
* 148
fi=(48)
608 12
fe=(64)
238 28
+1 20
cfi=(57)
cfn=(1340)
calls=4 370 
* 160
+1 12
fi=(48)
+80 2
fe=(64)
-66 2
-13 2
fi=(48)
+79 4
fe=(64)
-78 2
+1 12
+2 4
fi=(48)
+75 2
fe=(64)
-67 2
+1 2
+2 10
-5 15

fn=(482) runtime.itabAdd
132 1085
+5 868
+4 217
+1 1736
+22 651
cfn=(484) runtime.(*itabTableType).add
calls=217 +8 
* 5220
+1 651

fn=(484)
172 434
+1 434
32 434
173 434
+1 217
+19 80
+1 80
-20 80
+2 80
-1 80
fi=(42)
25 160
fe=(64)
177 160
-1 217
-1 217
fi=(42)
25 434
fe=(64)
177 434
+7 594
+5 217
+1 217
+1 217

fn=(1964)
438 5499
+2 1222
+3 3055
cfi=(30)
cfn=(193)
calls=12 1067 
* 5696
cfi=(30)
cfn=(192)
calls=599 1067 
* 156316
+1 4337
cfi=(2)
cfn=(2338)
calls=30 1889 
* 630
* 90
+2 90
-2 581
+2 1743

fn=(1320) runtime.(*itabTableType).find
111 908
-79 908
+80 908
+1 454
+12 9
+1 9
-13 9
fi=(42)
-88 18
fe=(64)
+89 9
+4 9
+1 18
fi=(42)
-94 908
fe=(64)
+89 454
+4 454
+1 908
+3 1794
+1 888
-3 20

fn=(1316)
467 3040
+2 2432
+5 2432
cfn=(1318) runtime.getitab
calls=608 44 
* 31923
+23 608
-20 608
+11 608
fi=(25)
228 608
+7 1824
+1 1216
fe=(64)
469 608
fi=(25)
236 608
-8 608
+8 608
+1 608
-2 608
fe=(64)
483 1216
+5 1
fi=(25)
228 1
+7 2
+1 2
fe=(64)
488 1
fi=(25)
235 1
+1 1
+1 1
-2 1
fe=(64)
490 3
-2 1
-11 1
+20 2
cfn=(3434) runtime.buildTypeAssertCache
calls=1 +10 
* 1507
+5 1
fi=(63)
67 2
fe=(64)
497 1
fi=(63)
73 4
fe=(64)
504 4
-19 2428

fn=(1318)
44 3040
+1 2432
+5 1824
-5 159
+6 159
+1 795
-7 449
+19 449
+1 1796
cfn=(1320)
calls=449 +46 
* 8577
* 1347
+5 5
fi=(14)
+82 5
fi=(79)
24 10
cfi=(14)
cfn=(90)
calls=5 155 
* 105
fe=(64)
+47 20
cfn=(1320)
calls=5 +40 
* 108
* 10
+6 40
cfi=(30)
cfn=(132)
calls=5 2329 
* 700
+1 15
+1 5
-1 10
-1 5
+1 5
+1 5
+6 5
+1 10
cfn=(1324)
calls=5 204 
* 6296
+1 10
cfn=(482)
calls=5 +45 
* 253
+1 5
fi=(14)
261 5
fi=(79)
35 15
cfi=(14)
cfn=(98)
calls=5 267 
* 215
fe=(64)
+55 903
-45 392
+48 196
+1 784
-3 759

fn=(2160)
400 1070
+1 428
+1 633
-1 3
+3 12
cfi=(30)
cfn=(192)
calls=3 1067 
* 361
+1 6
+2 859

fn=(3434)
507 5
+1 16
+4 12
+1 1
-5 3
+14 12
+3 5
+1 3
cfi=(30)
cfn=(193)
calls=1 1067 
* 1403
+1 2
+1 3
-2 1
+2 8
+14 12
+1 2
-11 2
+15 1
-15 1
+1 1
+1 7
+1 1
+1 2
+13 4

fn=(478) runtime.itabsinit
259 5
+2 1
fi=(14)
152 1
fi=(79)
24 3
cfi=(14)
cfn=(90)
calls=1 155 
* 21
fi=(24)
519 1
+1 2
+3 2
fe=(64)
262 12
+1 430
+1 212
cfn=(482)
calls=212 132 
* 10175
-1 424
-1 636
+1 851
+4 1
fi=(14)
-6 1
fi=(79)
35 2
cfi=(14)
cfn=(98)
calls=1 267 
* 43
fe=(64)
268 3

fl=(164) /usr/local/go/src/crypto/internal/fips140/sha256/cast.go
fn=(1510) crypto/internal/fips140/sha256.init.0
13 5
+1 4
cfi=(161)
cfn=(1502)
calls=1 +23 
* 564
+18 3

fl=(212) /usr/local/go/src/testing/fuzz.go
fn=(4012) testing.runFuzzing
562 9
+1 5
+1 4

fn=(1908) testing.initFuzzFlags
21 5
fi=(182) /usr/local/go/src/flag/flag.go
899 8
cfn=(1848) flag.(*FlagSet).String
calls=1 -9 
* 939
fe=(212)
22 3
fi=(182)
1046 1
fe=(212)
23 1
fi=(182)
1046 7
cfn=(1834) flag.(*FlagSet).Var
calls=1 -36 
* 826
* 1
fe=(212)
24 1
fi=(182)
1046 7
cfn=(1834)
calls=1 -36 
* 1107
899 8
cfn=(1848)
calls=1 -9 
* 956
fe=(212)
26 3
fi=(182)
769 7
cfn=(1832) flag.(*FlagSet).Bool
calls=1 -9 
* 787
fe=(212)
27 3
+1 3

fn=(2134) testing.runFuzzTests
477 11
+2 12
+3 3
cfi=(30)
cfn=(190)
calls=1 2156 
* 241
* 18
cfi=(224)
cfn=(1956)
calls=1 55 
* 3065
* 1
+2 5
+4 11
fi=(216)
2204 1
fe=(212)
488 3
+22 1
-22 9
+1 1
cfi=(221) /usr/local/go/src/runtime/debug.go
cfn=(1900) runtime.GOMAXPROCS
calls=1 70 
* 163
* 1
+1 6
fi=(216)
2844 4
fe=(212)
491 2
-1 3
+5 3
fi=(216)
2205 3
cfi=(96)
cfn=(850)
calls=1 75 
* 202
* 1
-2 2
cfi=(30)
cfn=(190)
calls=1 -47 
* 260
+1 3
+1 1
-1 2
+1 1
+1 2
+1 1
fe=(212)
496 8
fi=(216)
2203 1
fe=(212)
496 1
+1 2
cfi=(30)
cfn=(190)
calls=1 2156 
* 241
* 9
+1 2
cfi=(30)
cfn=(190)
calls=1 2156 
* 241
* 68
fi=(182)
1193 1
-12 1
fi=(216)
725 1
fe=(212)
498 1
fi=(216)
728 2
fe=(212)
499 1
+3 13
+21 1
-21 8
fi=(216)
2844 1
fe=(212)
502 3
fi=(216)
2844 4
fe=(212)
503 2
-1 7
+4 5
cfi=(224)
cfn=(2056)
calls=1 83 
* 1113
* 2
+1 1
-5 2
+6 1
-6 1
+43 3
+8 6
-5 1

fl=(97) /usr/local/go/src/runtime/lock_futex.go
fn=(896) runtime.notesleep
35 300
+1 60
+1 300
-1 60
+5 120
+4 240
-4 60
+10 162
-6 54
+2 54
-2 342
+1 120
+1 120
cfi=(7)
cfn=(898) runtime.futexsleep
calls=60 +19 
* 1470
+1 216
+5 162

fn=(962) runtime.notewakeup
26 410
+1 164
+1 164
+4 246
cfi=(7)
cfn=(964) runtime.futexwakeup
calls=82 +53 
* 2296
+1 246

fn=(2854) runtime.semasleep
139 21
+3 7
-2 14
+2 42
+4 7
-3 28
+3 35
cfi=(7)
cfn=(898)
calls=7 -80 
* 182
+1 21
-3 28

fn=(2290) runtime.notetsleep_internal
60 99
+3 33
-2 66
+2 33
+16 99
-16 33
fi=(22)
-30 33
cfi=(3)
cfn=(94)
calls=33 223 
* 1254
* 99
fe=(97)
+50 99
+1 33
+1 99
+3 99
+1 132
cfi=(7)
cfn=(898)
calls=33 -23 
* 1239
+1 160
+3 96
+1 128
+3 6
fi=(22)
-64 6
cfi=(3)
cfn=(94)
calls=6 223 
* 228
* 18
fe=(97)
+65 24
+5 198

fn=(2288) runtime.notetsleep
106 165
+1 33
+1 99
+4 33
cfn=(2290)
calls=33 -52 
* 4314
* 96

fl=(266)
fn=(3344) fmt.(*ss).doScanf
1181 21
+4 15
-4 9
+1 21
+1 9
+2 3
+1 2
+42 1
-43 2
+49 1
-49 8
+1 8
-1 4
+1 20
cfn=(3346) fmt.(*ss).advance
calls=4 -86 
* 1912
+1 8
+1 2
-2 1
+3 1
+3 18
+8 1
fi=(233) /usr/local/go/src/fmt/print.go
359 6
+3 1
fe=(266)
1204 3
+1 1
+1 1
+3 3
-5 1
+5 10
fi=(198)
223 6
fe=(266)
1209 1
+1 3
+2 2
-3 1
+4 2
cfn=(3412) fmt.(*ss).SkipSpace
calls=1 420 
* 281
-28 1
+30 1
-29 1
+39 2
-39 2
+33 1
-4 2
+4 2
+1 4
+4 5
+4 5
+2 3
cfn=(3414) fmt.(*ss).scanOne
calls=1 953 
* 1337583
-43 2
+7 2
+1 2
fi=(175) /usr/local/go/src/errors/errors.go
65 4
cfi=(30)
cfn=(191)
calls=2 2156 
* 482
* 6
fe=(266)
244 12
cfi=(64)
cfn=(3368)
calls=2 +90 
* 568
* 6
cfi=(201)
cfn=(3370)
calls=2 809 
* 10717
fi=(233)
362 7
fe=(266)
1204 2
-19 1
+19 1
-18 2
cfi=(201)
cfn=(3402)
calls=2 658 
* 178
* 14

fn=(3345) fmt.(*ss).doScanf'2
1181 1407
+4 1005
-4 603
+1 1407
+1 603
+2 201
+1 952
+42 476
-43 952
+49 476
-49 1354
+1 1036
-1 518
+1 2590
cfn=(3346)
calls=518 -86 
* 242294
+1 1036
+1 634
-2 317
+3 317
+3 1206
+8 158
fi=(233)
359 948
+3 158
fe=(266)
1204 474
+1 158
+1 158
+3 474
-5 158
+5 1580
fi=(198)
223 948
fe=(266)
1209 158
+1 474
+2 316
-3 158
+4 316
cfn=(3412)
calls=158 420 
* 44398
-28 158
+30 158
-29 158
+39 316
-39 316
+33 158
-4 316
+4 316
+1 632
+4 790
+4 790
+2 474
cfn=(3415) fmt.(*ss).scanOne'2
calls=158 953 
* 216170
+1 159
+1 477
-46 318
+46 159
-45 43
+7 43
+40 318
+3 636
cfn=(3388)
calls=159 -55 
* 5724
* 954
cfn=(3339) fmt.Fscanf'2
calls=1 143 
* 1290002
-42 43
fi=(175)
65 86
cfi=(30)
cfn=(191)
calls=43 2156 
* 10363
* 129
fe=(266)
244 258
cfi=(64)
cfn=(3368)
calls=43 +90 
* 12212
* 129
cfi=(201)
cfn=(3370)
calls=43 809 
* 136370
fi=(233)
362 1106
fe=(266)
1204 316
-19 158
+19 158
-18 43
cfi=(201)
cfn=(3402)
calls=43 658 
* 3827
* 301

fn=(3388)
1182 1428
cfn=(3390) fmt.errorHandler
calls=204 1057 
* 111428
* 612

fn=(3416) fmt.(*ss).scanInt
638 6
+1 5
+3 1
cfn=(3412)
calls=1 420 
* 138
+1 2
cfn=(3420) fmt.(*ss).notEOF
calls=1 505 
* 95
-73 1
-49 22
+1 4
+51 1
+7 1
-6 2
+3 2
+3 2
+2 3
+62 3
+2 2
+5 1
516 5
cfn=(3422) fmt.(*ss).consume
calls=1 -37 
* 133
652 8
+4 3
cfn=(3424) fmt.(*ss).scanNumber
calls=1 -68 
* 1337039

fn=(3417) fmt.(*ss).scanInt'2
638 948
+1 790
+3 158
cfn=(3412)
calls=158 420 
* 21804
+1 316
cfn=(3420)
calls=158 505 
* 15010
-73 158
-49 3476
+1 632
+51 158
+7 158
-6 316
+3 316
+3 316
+2 474
+62 474
+2 316
+5 158
516 790
cfn=(3423) fmt.(*ss).consume'2
calls=158 -37 
* 21014
652 1264
+4 474
cfn=(3425) fmt.(*ss).scanNumber'2
calls=158 -68 
* 103042
* 318
+1 477
cfi=(219)
cfn=(1926) strconv.ParseInt
calls=159 137 
* 21783
+1 318
+4 477
-23 159
+23 1908
+1 318
+3 477
cfn=(3415)
calls=1 976 
* 1290245

fn=(3338) fmt.Fscanf
141 24
+4 15
-3 9
cfn=(3340) fmt.newScanState
calls=3 383 
* 7167
* 39
+1 18
cfn=(3344)
calls=3 1181 
* 1352007
* 6
+1 16
cfn=(3404) fmt.(*ss).free
calls=2 402 
* 170
+1 14

fn=(3339)
141 1608
+4 1005
-3 603
cfn=(3340)
calls=201 383 
* 96426
* 2613
+1 1206
cfn=(3345)
calls=201 1181 
* 705264
* 606
+1 1616
cfn=(3404)
calls=202 402 
* 17170
+1 1414
cfi=(257)
cfn=(3337) github.com/ollama/ollama/internal/testutil/gguf.tensorBlock'2
calls=1 290 
* 1289899

fn=(3342) fmt.init.func2
379 7
cfi=(30)
cfn=(191)
calls=1 2156 
* 1552
* 5

fn=(3352) fmt.(*ss).ReadRune
183 65
+1 91
+5 65
cfn=(3354) fmt.(*readRune).ReadRune
calls=13 330 
* 1337856
+1 24
+1 24
+1 24
+6 36

fn=(3353) fmt.(*ss).ReadRune'2
183 9700
+1 13580
+5 9700
cfn=(3355)
calls=1940 330 
* 184393
+1 3882
+1 3882
+1 3882
+6 5823
cfn=(3351) fmt.(*ss).getRune'2
calls=1 +14 
* 1290591

fn=(3360)
86 44
+1 77
cfi=(29)
cfn=(120)
calls=7 -48 
* 84
+1 105
+1 14
+1 14
+2 42
-6 5
cfi=(2)
cfn=(1128)
calls=1 687 
* 1336518

fn=(3361)
86 5952
+1 10912
cfi=(29)
cfn=(120)
calls=992 -48 
* 11904
+1 14880
+1 1984
+1 1984
+2 5952
cfi=(263)
cfn=(3359)
calls=1 336 
* 1290645

fn=(3364) fmt.(*readRune).UnreadRune
369 4995
+1 2997
+4 1998
+1 4995

fn=(3422)
479 15
+2 12
-1 3
cfn=(3350) fmt.(*ss).getRune
calls=3 210 
* 1336732
+1 4
-1 2
-11 33
+1 9
+14 4
-3 2
+4 1
+1 2
fi=(233)
116 2
fi=(198)
412 2
+1 7
cfi=(60)
cfn=(378)
calls=1 178 
* 177
fi=(233)
116 2
fi=(198)
413 2
fi=(233)
116 6
fe=(266)
488 4
-7 2
+9 1
233 4
491 1
233 1
cfn=(3364)
calls=1 369 
* 15
+1 2
+1 1
493 4

fn=(3423)
479 2370
+2 1896
-1 474
cfn=(3351)
calls=474 210 
* 50560
+1 950
-1 475
-11 23080
+1 5968
+14 950
-3 316
+4 158
+1 316
fi=(233)
116 316
fi=(198)
412 316
+1 632
fi=(233)
116 948
fe=(266)
488 632
-7 634
+9 317
233 1268
491 317
233 317
cfn=(3364)
calls=317 369 
* 4755
+1 634
+1 317
493 1268
cfn=(3425)
calls=1 +23 
* 1290442

fn=(3354)
330 65
+1 39
+2 15
fi=(198)
+18 15
fe=(266)
-17 5
+1 35
-4 8
+6 8
cfn=(3356) fmt.(*readRune).readByte
calls=8 -23 
* 1337547
* 14
+1 21
+3 14
+1 7
+3 21
+1 42

fn=(3355)
330 9700
+1 5820
+2 2847
fi=(198)
+18 2847
fe=(266)
-17 949
+1 6643
-4 991
+6 991
cfn=(3357) fmt.(*readRune).readByte'2
calls=991 -23 
* 136758
* 1984
+1 2976
+3 1984
+1 992
+3 2976
+1 5952
cfn=(3353)
calls=1 190 
* 1290600

fn=(3414)
953 7
+4 3
-3 1
+3 9
+11 4
-11 1
+11 2
+7 3
+1 2
cfn=(3416)
calls=1 638 
* 1337479
-19 13
cfi=(64)
cfn=(1316)
calls=1 467 
* 53
* 1
+25 1
fi=(149) /usr/local/go/src/reflect/value.go
3123 1
fe=(266)
957 1
+25 1
-25 1

fn=(3415)
953 1106
+4 474
-3 158
+3 1422
+11 632
-11 158
+11 316
+7 474
+1 316
cfn=(3417)
calls=158 638 
* 198632
* 477
-8 159
+86 477
cfn=(3345)
calls=1 1231 
* 1290238
-97 2054
cfi=(64)
cfn=(1316)
calls=158 467 
* 8374
* 158
+25 158
fi=(149)
3123 158
fe=(266)
957 158
+25 158
-25 158

fn=(3424)
588 5
+1 5
+1 1
cfn=(3420)
calls=1 -85 
* 95
-74 6
cfn=(3422)
calls=1 -37 
* 295
* 1
+75 1
-75 6
cfn=(3422)
calls=1 -37 
* 1336624

fn=(3425)
588 790
+1 790
+1 158
cfn=(3420)
calls=158 -85 
* 15010
-74 948
cfn=(3423)
calls=158 -37 
* 22778
* 158
+75 158
-75 948
cfn=(3423)
calls=158 -37 
* 56248
* 159
+79 159
+2 795
cfi=(16)
cfn=(1898)
calls=159 139 
* 3498
* 477
cfn=(3417)
calls=1 +59 
* 1290410

fn=(3346)
1100 2610
+1 2610
225 795
1102 795
-1 4224
+1 1158
-1 1158
+1 8106
fi=(198)
223 6948
fe=(266)
1102 1158
281 2316
+4 24318
+1 6948
+3 4632
1110 4632
-8 2316
+53 2316
+2 954
+4 318
-4 318
+4 2226
fi=(198)
223 1590
fe=(266)
1162 954
+7 1680
225 840
cfn=(3351)
calls=834 -15 
* 145731
cfn=(3350)
calls=6 -15 
* 1212
+1 1680
1170 2520
+4 3975
+2 636
-13 1272
233 180
1171 45
233 45
cfn=(3364)
calls=45 369 
* 675
+1 90
+1 45
1172 180

fn=(3404)
402 2244
+2 408
+5 408
+3 204
+1 816
+1 816
cfi=(105)
cfn=(2020)
calls=204 99 
* 11832
+1 612

fn=(3356)
314 40
+1 24
+6 24
fi=(263)
+33 40
cfn=(3358)
calls=8 -25 
* 1337363
* 7
fe=(266)
-32 14
+3 35

fn=(3357)
314 4955
+1 2973
+6 2973
fi=(263)
+33 4955
cfn=(3359)
calls=991 -25 
* 112974
* 991
fe=(266)
-32 1982
+3 4955

fn=(3390)
1057 1020
+1 408
cfi=(201)
cfn=(1728)
calls=204 +11 
* 108236
* 612
+1 315
+1 225
+7 612

fn=(3420)
505 1590
+2 636
cfn=(3351)
calls=316 210 
* 18644
cfn=(3350)
calls=2 210 
* 118
* 636
233 1272
510 318
233 318
cfn=(3364)
calls=318 369 
* 4770
+1 636
+1 318
511 954

fn=(3340)
383 1020
+1 816
-1 612
+1 408
cfi=(105)
cfn=(1994)
calls=204 131 
* 15631
* 816
+1 2040
+3 408
cfi=(30)
cfn=(191)
calls=204 2156 
* 52893
* 2856
+2 612
+1 408
+1 204
+1 204
+1 204
+1 204
+1 204
+1 204
+1 2244
-13 2575
cfi=(64)
cfn=(1316)
calls=193 +82 
* 18214
+1 193
-1 193
+3 193
-3 204
+3 11
-3 22

fn=(3350)
210 65
+1 13
cfn=(3352)
calls=13 -28 
* 1338185
+1 24
+6 36

fn=(3351)
210 9700
+1 1940
cfn=(3353)
calls=1940 -28 
* 234833
+1 3882
+6 5823
cfn=(3423)
calls=1 481 
* 1290586

fn=(3412)
420 1590
+1 318
+1 318
cfn=(3351)
calls=316 210 
* 41238
cfn=(3350)
calls=2 210 
* 261
* 318
+1 636
+3 1908
+3 636
281 636
+4 5724
+1 1908
+3 1272
436 1272
233 1272
437 318
233 318
cfn=(3364)
calls=318 369 
* 4770
+1 636
+1 318
441 954

fl=(138)
fn=(3448) os.(*File).seek
331 5
+1 5
fi=(110)
64 3
cfi=(63)
cfn=(3450) sync/atomic.SwapPointer
calls=1 +36 
* 13
fe=(138)
332 2
+5 6
cfi=(268)
cfn=(3454) internal/poll.(*FD).Seek
calls=1 73 
* 325
+2 3

fn=(1362) os.newFileFromNewFile
88 18
+2 15
+4 9
cfi=(139)
cfn=(1364)
calls=3 -75 
* 123
+1 3
+3 9
+1 3
fi=(252) /usr/local/go/src/internal/syscall/unix/nonblocking_unix.go
-79 6
fe=(138)
+78 15
cfn=(1366)
calls=3 +46 
* 4657
+1 12
-4 9

fn=(1366)
fi=(141)
537 13
+1 2
-1 2
+1 1
cfi=(31)
cfn=(1392)
calls=1 2110 
* 878
* 2
+3 2
+3 3
cfi=(2)
cfn=(135)
calls=1 +22 
* 47038
fe=(138)
144 1035
+8 1863
-7 618
cfi=(30)
cfn=(191)
calls=2 2156 
* 905
cfi=(30)
cfn=(190)
calls=204 2156 
* 44893
* 3
cfi=(30)
cfn=(190)
calls=1 2156 
* 171
* 828
cfi=(30)
cfn=(191)
calls=3 2156 
* 1469
cfi=(30)
cfn=(190)
calls=204 2156 
* 60614
+2 414
+1 207
+3 828
-6 197
+6 394
-6 20
+6 10
cfi=(2)
cfn=(2690)
calls=10 1892 
* 210
* 20
-6 20
+6 10
+1 20
-7 10
+10 30
-4 197
+1 394
-7 197
+10 1217
+46 5
-46 10
+40 5
-40 202
+40 202
-43 404
+47 202
+5 606
cfi=(253) /usr/local/go/src/syscall/exec_unix.go
cfn=(3188) syscall.SetNonblock
calls=202 -99 
* 102010
* 404
+1 606
-1 606
+16 414
-1 35
cfi=(140)
cfn=(1368)
calls=5 55 
* 100
* 1414
cfi=(140)
cfn=(1368)
calls=202 55 
* 118812
* 1020
+1 606
cfi=(253)
cfn=(3188)
calls=202 105 
* 102010
* 606
+1 808
+4 30
cfi=(141)
cfn=(1370)
calls=5 432 
* 4421
* 1010
cfi=(141)
cfn=(1371)
calls=3 432 
* 660
cfi=(141)
cfn=(1370)
calls=199 432 
* 131279
+1 824
cfn=(3176) os.openFileNolog
calls=2 +54 
* 27374

fn=(1367)
226 4
cfn=(3176)
calls=1 +54 
* 47019

fn=(3474)
307 1020
+1 612
fi=(110)
64 612
cfi=(63)
cfn=(3450)
calls=204 +36 
* 2912
fe=(138)
311 408
fi=(287) /usr/local/go/src/os/dir_unix.go
41 2
fe=(138)
312 2
fi=(287)
41 4
fe=(138)
315 408
cfi=(140)
cfn=(3476)
calls=204 91 
* 80172
* 408
+8 1836
cfi=(141)
cfn=(1370)
calls=204 432 
* 97716
+1 1020
cfi=(269)
cfn=(3694)
calls=3 435 
* 93409

fn=(3842) os.Remove
357 5
fi=(248)
255 2
fe=(138)
362 1
fi=(248)
255 1
+1 1
fe=(138)
363 1
fi=(124)
-34 5
cfi=(126)
cfn=(3846) syscall.unlinkat
calls=1 160 
* 1073
* 2
fi=(248)
-72 7
cfi=(61)
cfn=(548)
calls=1 +73 
* 26
* 2
fe=(138)
365 1
+22 1
-22 2
+3 1
fi=(248)
255 1
+1 1
fe=(138)
369 1
fi=(124)
-50 6
cfi=(126)
cfn=(3846)
calls=1 160 
* 572
* 2
fi=(248)
-62 7
cfi=(61)
cfn=(548)
calls=1 +73 
* 26
* 2
fe=(138)
371 2
+16 1
-16 2
fi=(248)
257 1
fe=(138)
384 6
cfi=(61)
cfn=(548)
calls=1 -54 
* 26
* 2
+3 6
cfi=(30)
cfn=(190)
calls=1 2156 
* 772
* 19

fn=(3176)
246 1010
fi=(248)
+9 808
fe=(138)
+5 202
fi=(248)
-5 202
fe=(138)
+6 404
fi=(136) /usr/local/go/src/io/fs/fs.go
-9 404
fi=(248)
63 404
256 202
61 202
+1 202
+3 202
+1 404
-1 202
+3 202
+1 404
-1 202
fe=(138)
261 808
cfi=(251)
cfn=(3178)
calls=202 14 
* 123757
* 606
fi=(248)
-4 404
62 202
fe=(138)
264 404
fi=(252)
20 606
fe=(138)
279 808
cfn=(1366)
calls=202 144 
* 576760
+1 1212
cfi=(2)
cfn=(2338)
calls=10 1889 
* 34431
* 40
+1 50
cfi=(142)
cfn=(3172)
calls=3 412 
* 74285
-1 192
+1 960

fl=(12)
fn=(3746)
1430 10
+1 8
+3 2
-3 2
fi=(40)
236 10
fe=(12)
1435 2
+3 6
+3 8

fn=(430) runtime.malg
5273 190
+2 38
-1 114
cfi=(30)
cfn=(191)
calls=4 2156 
* 3100
cfi=(30)
cfn=(190)
calls=34 2156 
* 18425
+1 114
+1 38
fi=(6)
1008 38
fe=(12)
5289 114
fi=(6)
1009 471
-1 471
fe=(12)
5275 471
fi=(6)
1008 3768
fe=(12)
5275 38
fi=(6)
1008 304
fe=(12)
5274 38
+3 266
cfi=(2)
cfn=(135)
calls=33 520 
* 26636
cfi=(2)
cfn=(134)
calls=5 520 
* 5654
* 76
+6 152
+1 38
+3 114

fn=(660)
1277 5928
+1 19760
+9 5928
-9 1976
fi=(40)
236 7904
fe=(12)
1295 1976
+21 3952
+6 11660
+3 4695
+1 121
+2 3756
+42 1037
-40 5928
+10 774
+7 756
+1 15
fi=(62)
-13 60
+1 15
fe=(12)
+12 15
-4 9
fi=(22)
33 9
cfi=(3)
cfn=(94)
calls=9 223 
* 342
* 27
fe=(12)
1345 27
+1 9
+24 9
-7 9
+7 774
+5 1021
-13 530
+1 111
fi=(62)
-28 444
+1 111
fe=(12)
+27 111
+16 113
+1 339
cfi=(98)
cfn=(924)
calls=113 107 
* 2807
+1 339
-8 9
fi=(22)
33 9
cfi=(3)
cfn=(94)
calls=9 223 
* 342
* 27
fe=(12)
1374 18
+9 1161
-52 4767

fn=(694) runtime.mstart1
fi=(31)
1011 10
fi=(51)
459 1
fi=(40)
194 1
fi=(51)
+20 1
fi=(31)
1014 1
+3 2
cfn=(234)
calls=1 1224 
* 592
* 2
+1 3
fe=(12)
1904 40
+1 8
+2 32
-2 8
+12 8
+1 16
+1 16
+2 8
cfi=(2)
cfn=(696) runtime.asminit.abi0
calls=8 416 
* 8
* 16
+1 8
cfi=(7)
cfn=(698) runtime.minit
calls=8 396 
* 10888
+4 32
+1 1
cfn=(716) runtime.mstartm0
calls=1 +24 
* 8458
* 1
+7 33
+1 6
cfn=(910) runtime.mspinning
calls=2 3015 
* 6
cfn=(904) runtime.sysmon
calls=1 6486 
* 157156
* 2
+3 23
+1 12
cfn=(600) runtime.acquirep
calls=6 6259 
* 507
+1 18
+2 6
cfn=(730)
calls=6 4135 
* 56200
* 1
cfn=(730)
calls=1 4135 
* 278
4253 10
fi=(13)
189 2
fe=(12)
4254 4
fi=(13)
152 2
+37 6
fe=(12)
4256 6
+6 4
+1 6
fi=(13)
251 2
fe=(12)
4267 2
+8 6
cfn=(660)
calls=2 1277 
* 94
fi=(13)
251 4
fe=(12)
4276 2
-33 4
fi=(62)
292 2
fe=(12)
4280 2
fi=(62)
300 2
-8 2
fe=(12)
4244 2
fi=(62)
248 2
+18 2
-18 2
fe=(12)
4282 8
+1 8
cfn=(956)
calls=2 -36 
* 112
+1 10
-1 2
+3 2
-23 4
+23 2
+14 2
+4 2
cfn=(730)
calls=2 4135 
* 5876
fi=(3)
277 5
+1 5
+1 5
+6 5
+1 5
+1 5
+1 5
+3 5
+1 5
+1 5
+1 15
cfi=(22)
cfn=(2420)
calls=5 33 
* 268903
+2 5
+1 5
+1 5
fe=(12)

fn=(716)
1951 5
+4 2
+4 2
cfi=(83) /usr/local/go/src/runtime/signal_unix.go
cfn=(718) runtime.initsig
calls=1 115 
* 8446
+1 3

fn=(762) runtime.allocm
2269 35
+9 21
-8 14
cfi=(87)
cfn=(764)
calls=7 70 
* 133
fi=(5)
602 7
fe=(12)
2275 7
fi=(5)
602 7
+1 14
fe=(12)
2277 7
+1 21
+1 2
cfn=(600)
calls=1 6259 
* 72
+5 14
+40 14
cfi=(30)
cfn=(190)
calls=7 2156 
* 51791
+1 29
cfi=(2)
cfn=(2386)
calls=3 1886 
* 63
* 6
-1 3
+1 3
+1 6
cfn=(408) runtime.mcommoninit
calls=3 998 
* 21403
-2 4
+1 4
+1 8
cfn=(408)
calls=4 998 
* 22178
+4 14
+3 14
cfn=(430)
calls=7 5273 
* 9583
* 31
cfi=(2)
cfn=(2338)
calls=3 1889 
* 63
* 9
+2 15
-2 4
+2 26
cfi=(2)
cfn=(2338)
calls=3 1889 
* 63
* 9
+2 18
-2 4
+2 24
+1 1
cfn=(882) runtime.releasep
calls=1 6324 
* 62
+5 1
-2 2
fi=(5)
609 3
+1 2
fe=(12)
2341 6
fi=(5)
609 18
+1 12
fe=(12)
2342 14
cfi=(87)
cfn=(772)
calls=7 101 
* 147
+1 28

fn=(778) runtime.newm1
2906 35
+1 21
+19 14
cfi=(87)
cfn=(764)
calls=7 70 
* 133
+1 14
cfi=(7)
cfn=(780) runtime.newosproc
calls=7 170 
* 896
+1 14
cfi=(87)
cfn=(772)
calls=7 101 
* 147
+1 21

fn=(880) runtime.stoplockedm
3250 5
+1 1
+2 7
-2 1
+5 2
+2 1
cfn=(882)
calls=1 6324 
* 62
+1 1
cfn=(888) runtime.handoffp
calls=1 3131 
* 5828
+2 2
cfn=(890) runtime.incidlelocked
calls=1 6355 
* 118
1966 1
+1 3
3263 1
1967 1
cfi=(97)
cfn=(896)
calls=1 35 
* 67
+1 2
fi=(97)
23 1
fe=(12)
3264 3
1208 1
fi=(40)
194 1
fe=(12)
3265 4
+5 3
cfn=(600)
calls=1 6259 
* 72
+1 3
+1 3

fn=(890)
6355 1450
+3 290
-2 290
fi=(14)
152 290
fi=(79)
24 870
cfi=(14)
cfn=(90)
calls=290 155 
* 7444
fe=(12)
6357 580
+1 580
+1 145
cfn=(892) runtime.checkdead
calls=145 +8 
* 4495
+2 290
fi=(14)
261 290
fi=(79)
35 580
cfi=(14)
cfn=(98)
calls=290 267 
* 11473
fe=(12)
6362 870

fn=(910)
3015 4
+1 2

fn=(942) runtime.send.goready.func1
482 49
+1 21
cfn=(944)
calls=7 1120 
* 1300
+1 21

fn=(610) runtime.pidleput
7373 830
+80 166
+1 166
+1 166
+1 498
+1 664
-81 166
+3 332
+73 84
-72 84
fi=(22)
33 84
cfi=(3)
cfn=(94)
calls=84 223 
* 3192
* 252
fi=(40)
194 168
fe=(12)
7382 168
fi=(40)
194 82
fe=(12)
7382 164
+1 151
-52 755
+1 755
+51 151
-50 151
-1 302
+1 302
+50 151
-50 453
+52 151
-61 755
+1 755
+60 15
-61 75
+1 75
+60 166
-59 166
-1 332
+1 332
+59 166
-59 332
+60 332
fi=(62)
275 166
fe=(12)
7387 166
fi=(62)
275 166
fe=(12)
7388 166
fi=(40)
56 498
fe=(12)
7389 166
fi=(40)
309 166
fi=(78)
+80 166
+19 332
-38 498
+41 332
fi=(40)
-95 166
fe=(12)
7392 664

fn=(638) runtime.gfget
5507 2070
+1 828
+1 414
7830 414
5509 414
7830 23
5509 23
7830 23
5509 23
+17 414
7851 414
+1 828
+1 782
+1 391
-2 391
5527 414
fi=(62)
245 391
fe=(12)
5530 1173
+15 782
+2 2346
cfi=(2)
cfn=(134)
calls=1 520 
* 593
cfi=(2)
cfn=(135)
calls=390 520 
* 34525
* 782
+6 1564
+12 1955
-37 92

fn=(732) runtime.findRunnable
3389 510
+1 170
+10 85
cfn=(734) runtime.(*m).clearAllpSnapshot
calls=85 1097 
* 1882
* 53
cfn=(734)
calls=53 1097 
* 1082
+2 276
fi=(40)
124 138
+44 138
fe=(12)
3403 138
fi=(62)
272 129
fe=(12)
3407 387
+1 42
cfn=(2678) runtime.runSafePointFn
calls=21 2232 
* 12528
+7 105
cfi=(86)
cfn=(738) runtime.(*timers).check
calls=21 1009 
* 420
* 432
cfi=(86)
cfn=(738)
calls=108 1009 
* 2759
fi=(13)
152 129
fe=(12)
3418 129
fi=(13)
165 129
fi=(40)
-41 129
+44 258
fe=(12)
3415 129
+3 258
+14 258
+1 264
cfi=(56)
cfn=(2410) runtime.(*gcControllerState).findRunnableGCWorker
calls=66 861 
* 12488
+1 132
+9 46
3544 46
3443 763
7759 5
3443 5
fi=(40)
194 109
fe=(12)
3453 327
+91 109
fi=(40)
309 218
fi=(239) /usr/local/go/src/runtime/mcleanup.go
589 218
fe=(12)
3464 436
7600 109
+4 218
-4 27
fi=(62)
252 81
-7 27
fe=(12)
7604 327
+1 27
fi=(62)
245 27
fe=(12)
3469 27
-65 9
cfn=(2296) runtime.gcstopm
calls=9 3296 
* 5021
-4 16
+5 8
+64 218
7759 77
3474 77
+1 13
fi=(14)
152 13
fi=(79)
24 26
cfi=(14)
cfn=(90)
calls=13 155 
* 1785
fe=(12)
3476 26
cfn=(2984) runtime.globrunqgetbatch
calls=13 7293 
* 480
* 52
+1 13
fi=(14)
261 13
fi=(79)
35 26
cfi=(14)
cfn=(98)
calls=13 267 
* 625
fe=(12)
3478 39
+66 6
fi=(40)
194 2
fi=(91)
+38 2
fe=(12)
3495 2
fi=(40)
194 64
fi=(91)
+38 64
fe=(12)
3495 64
fi=(40)
194 46
fi=(91)
678 92
fe=(12)
3495 396
+22 248
fi=(40)
21 41
fe=(12)
3517 41
fi=(40)
21 41
fe=(12)
3517 337
+1 132
+1 41
1074 41
+1 41
fi=(40)
56 123
fe=(12)
1076 41
fi=(40)
214 123
fe=(12)
3522 82
cfn=(912) runtime.stealWork
calls=41 3828 
* 91648
* 50
cfn=(912)
calls=25 3828 
* 39699
* 66
+1 132
-1 54
+5 54
+7 222
+53 48
-43 288
+43 6
-43 144
cfi=(58)
cfn=(2360) runtime.gcShouldScheduleWorker
calls=31 1919 
* 1646
* 93
+43 27
+32 27
-24 27
3732 54
3544 35
cfi=(56)
cfn=(2520) runtime.(*gcControllerState).addIdleMarkWorker
calls=4 1439 
* 112
+75 4
-24 4
3732 4
3544 4
+43 4
-43 108
+1 8
cfi=(77)
cfn=(598)
calls=4 42 
* 72
+1 8
+41 50
cfn=(1048) runtime.(*m).snapshotAllp
calls=50 1086 
* 1452
* 150
+3 300
+1 300
+3 50
fi=(14)
152 50
fi=(79)
24 150
cfi=(14)
cfn=(91)
calls=7 155 
* 147
cfi=(14)
cfn=(90)
calls=43 155 
* 903
fi=(40)
124 50
+44 50
fe=(12)
3595 250
7759 50
3599 50
+11 400
+6 50
cfn=(882)
calls=50 6324 
* 3100
* 200
+3 150
cfn=(610)
calls=50 7373 
* 5158
* 50
+1 50
fi=(14)
261 50
fi=(79)
35 100
cfi=(14)
cfn=(98)
calls=50 267 
* 2150
fe=(12)
3658 200
+1 50
+1 50
fi=(40)
56 200
fe=(12)
3661 100
+15 50
fi=(14)
152 50
fi=(79)
24 100
cfi=(14)
cfn=(91)
calls=7 155 
* 147
cfi=(14)
cfn=(90)
calls=43 155 
* 903
fe=(12)
7759 50
3677 50
+16 50
fi=(14)
261 50
fi=(79)
35 150
cfi=(14)
cfn=(98)
calls=50 267 
* 2150
fe=(12)
3695 350
cfn=(1052) runtime.checkRunqsNoP
calls=50 3902 
* 6690
+1 100
+7 50
cfn=(1054) runtime.checkIdleGCNoP
calls=50 3941 
* 1838
* 50
+1 100
+21 450
cfn=(1056) runtime.checkTimersNoP
calls=50 3924 
* 6895
+9 50
-76 50
+67 50
fi=(40)
194 50
fi=(91)
+38 50
fe=(12)
3732 50
fi=(40)
194 37
fi=(91)
678 37
fe=(12)
3732 111
fi=(40)
98 21
fe=(12)
3732 194
+1 1
fi=(40)
81 3
fe=(12)
3734 2
+3 3
+4 2
+1 3
+3 1
+1 5
+4 1
+4 3
cfi=(250)
cfn=(3162)
calls=1 99 
* 280
* 3
+2 1
fi=(22)
33 1
cfi=(3)
cfn=(94)
calls=1 223 
* 38
* 4
fe=(12)
3757 1
fi=(40)
81 3
fe=(12)
3758 1
fi=(40)
81 2
fe=(12)
3759 1
-9 1
+15 1
fi=(14)
152 1
fi=(79)
24 3
cfi=(14)
cfn=(91)
calls=1 155 
* 21
fe=(12)
3766 2
cfn=(834) runtime.pidleget
calls=1 7402 
* 122
* 1
+1 1
fi=(14)
261 1
fi=(79)
35 2
cfi=(14)
cfn=(98)
calls=1 267 
* 43
fe=(12)
3768 3
+4 1
cfn=(600)
calls=1 6259 
* 72
7830 2
3773 1
3658 2
3785 1
+1 1
1074 2
+1 1
fi=(40)
56 3
fe=(12)
1076 1
fi=(40)
214 3
fe=(12)
3788 1
3435 100
3790 98
fi=(40)
194 6
fi=(91)
+38 6
fe=(12)
3790 6
+1 6
fi=(40)
74 6
fe=(12)
3792 24
+4 49
cfn=(966) runtime.stopm
calls=49 2992 
* 104389
3400 44
3797 44
3547 8
+1 4
fi=(62)
245 4
fi=(13)
-93 4
+37 12
fe=(12)
3550 12
+1 12
cfn=(660)
calls=4 1277 
* 140
fi=(13)
251 8
fe=(12)
3552 4
+4 24
-31 48
-46 33
cfn=(2314) runtime.runqputbatch
calls=11 7565 
* 44
7759 11
3479 11
+3 66
-12 160
7609 82
+1 82
+1 164
+3 10
+1 25
3469 246

fn=(874) runtime.park_m
4253 175
fi=(13)
189 35
fe=(12)
4254 70
fi=(13)
152 35
+37 105
fe=(12)
4256 105
+6 70
+1 105
fi=(13)
251 35
fe=(12)
4267 35
+8 105
cfn=(660)
calls=35 1277 
* 1683
fi=(13)
251 70
fe=(12)
4276 35
-33 70
fi=(62)
292 35
fe=(12)
4280 35
fi=(62)
300 35
-8 35
fe=(12)
4244 35
fi=(62)
248 35
+18 35
-18 35
fe=(12)
4282 140
+1 140
cfi=(141)
cfn=(2502)
calls=1 176 
* 60
cfn=(956)
calls=9 -36 
* 504
cfi=(58)
cfn=(2252)
calls=17 1791 
* 1304
cfi=(96)
cfn=(878)
calls=8 748 
* 496
+1 140
+1 34
-1 17
cfi=(2)
cfn=(2338)
calls=17 1889 
* 357
* 17
+1 17
-1 17
-1 17
+3 17
-2 18
-1 18
+3 18
-23 70
+23 35
+14 35
+4 35
cfn=(730)
calls=35 4135 
* 68500

fn=(886) runtime.releasepNoTrace
6334 310
+1 62
+2 310
fi=(62)
272 62
fe=(12)
6341 124
-1 124
+1 248
-6 62
+12 124
cfi=(56)
cfn=(744) runtime.(*gcControllerState).releaseNextGCMarkWorker
calls=62 901 
* 806
+2 186
+1 124
+1 62
+1 186

fn=(912)
3828 330
+1 132
fi=(62)
272 264
fe=(12)
3834 294
+9 228
-9 816
fi=(25)
228 240
+7 720
+1 480
fe=(12)
3834 240
fi=(25)
236 240
fi=(62)
+36 240
fi=(25)
-36 240
-1 240
fe=(12)
8023 240
fi=(25)
237 480
fe=(12)
8024 480
+1 1200
-1 240
+1 1200
3834 240
8025 480
3835 1200
+2 18876
8034 2786
+1 11144
-5 2786
3837 1393
8030 480
3837 240
fi=(40)
124 1405
+44 1405
fe=(12)
3838 1405
+4 1405
8039 1405
3842 5620
+1 2810
-8 1171
+25 1451
7317 560
+2 560
3860 280
7319 1120
3860 1171
-23 891
+23 1782
-23 280
+23 560
-18 405
+19 675
cfi=(86)
cfn=(738)
calls=135 1009 
* 2891
+2 294
+3 258
-5 129
+5 129
-5 6
+5 6
+9 405
-32 135
+41 135
-1 270
+1 135
-49 135
+48 135
8039 135
7317 405
+2 270
3883 1036
8039 1036
7317 3108
+2 2072
3883 1171
7319 4684
3883 2851
+1 2800
cfn=(918) runtime.runqsteal
calls=560 7730 
* 25672
* 1120
-49 548
+2 2740
+6 548
+41 548
-47 548
+57 378
-9 84

fn=(956)
4247 135
+1 27
fi=(14)
261 27
fi=(79)
35 54
cfi=(14)
cfn=(98)
calls=27 267 
* 1161
fe=(12)
4249 108

fn=(966)
2992 295
+1 59
+2 177
+3 118
+3 177
-8 59
+12 59
fi=(14)
152 59
fi=(79)
24 118
cfi=(14)
cfn=(91)
calls=7 155 
* 147
cfi=(14)
cfn=(90)
calls=52 155 
* 1092
fe=(12)
3006 177
cfn=(968) runtime.mput
calls=59 7200 
* 4380
+1 59
fi=(14)
261 59
fi=(79)
35 118
cfi=(14)
cfn=(98)
calls=59 267 
* 2537
fe=(12)
1966 59
+1 177
3008 59
1967 59
cfi=(97)
cfn=(896)
calls=59 35 
* 3773
+1 106
fi=(97)
23 53
fe=(12)
3009 212
cfn=(600)
calls=53 6259 
* 93114
+1 159
+1 159

fn=(1036) runtime.forcegchelper
366 5
+1 6
+3 1
fi=(14)
152 1
fi=(79)
24 2
cfi=(14)
cfn=(90)
calls=1 155 
* 21
fi=(40)
124 1
+44 1
fe=(12)
371 1
+3 1
fi=(40)
179 1
-48 3
fe=(12)
375 1
+93 6
cfn=(870)
calls=1 -23 
* 54

fn=(1048)
1086 200
+1 431
cfi=(2)
cfn=(2338)
calls=27 1889 
* 567
* 81
+1 81
-1 23
+1 69

fn=(1064) runtime.retake
6630 635
+8 127
-4 127
fi=(14)
152 127
fi=(79)
24 254
cfi=(14)
cfn=(90)
calls=127 155 
* 2667
* 254
fe=(12)
6638 6096
+9 762
+1 6096
-10 144
+9 144
+6 144
+8 432
+1 20
+1 80
+1 707
+1 174
cfn=(2284) runtime.preemptone
calls=87 6866 
* 2187
-1 261
-26 87
+82 87
-34 87
+9 87
-31 87
+10 87
fi=(14)
261 87
fi=(79)
35 174
cfi=(14)
cfn=(98)
calls=87 267 
* 3393
fe=(12)
6664 37
+10 37
fi=(14)
261 37
fi=(79)
35 74
cfi=(14)
cfn=(98)
calls=37 267 
* 1443
fe=(12)
6674 20
fi=(14)
261 20
fi=(79)
35 40
cfi=(14)
cfn=(98)
calls=20 267 
* 780
fe=(12)
6683 288
cfn=(890)
calls=144 6355 
* 13317
+3 432
cfn=(2286) runtime.setBlockOnExitSyscall
calls=144 +64 
* 8960
* 144
+1 144
-13 200
+19 100
7453 73
6693 208
7452 75
6694 25
+1 50
6835 50
6696 25
6835 50
cfn=(2594)
calls=25 1215 
* 800
6720 25
-23 25
+23 176
cfn=(890)
calls=44 6355 
* 5016
* 300
cfn=(890)
calls=100 6355 
* 11400
+1 144
fi=(79)
24 288
cfi=(14)
cfn=(90)
calls=144 155 
* 3024
fe=(12)
6638 432
fi=(14)
152 144
fe=(12)
6723 127
fi=(14)
261 127
fi=(79)
35 254
cfi=(14)
cfn=(98)
calls=127 267 
* 4953
fe=(12)
6724 508
7453 75
+1 75
+1 75
+1 300
+1 225
6703 75
fi=(40)
21 150
fe=(12)
6703 825
6835 10
6704 5
6835 10
cfn=(2594)
calls=5 1215 
* 160
6720 10
-15 5
-19 140
6835 210
6710 70
6811 210
cfn=(3298) runtime.syscallingThread.releaseP
calls=70 +6 
* 2450
6711 70
6835 280
cfn=(2594)
calls=70 1215 
* 2240
6715 210
cfn=(888)
calls=70 3131 
* 18924
-3 140
+7 70

fn=(54) runtime.schedinit
831 6
+13 1
fi=(87)
61 1
fe=(12)
845 1
fi=(87)
61 1
fe=(12)
846 1
cfi=(13)
cfn=(56)
calls=1 69 
* 1
+6 1
cfi=(14)
cfn=(58) runtime.lockVerifyMSize
calls=1 94 
* 17
+2 1
fi=(95)
33 1
+1 1
fe=(12)
858 1
+5 1
+1 1
fi=(40)
379 3
fe=(12)
869 1
cfn=(62) runtime.getGodebugEarly
calls=1 -76 
* 2892
* 4
+1 1
+1 1
cfi=(5)
cfn=(74)
calls=1 406 
* 1050
+2 2
cfi=(21) /usr/local/go/src/runtime/runtime.go
cfn=(88) runtime.(*ticksType).init
calls=1 31 
* 142
+1 1
fi=(24)
607 2
+1 1
cfn=(104) runtime.moduledataverify1
calls=1 +16 
* 67235
-1 6
fe=(12)
875 1
fi=(6)
174 1
+1 8
fi=(31)
1855 16
fi=(6)
174 16
+5 70
fi=(31)
1855 105
fi=(6)
178 107
fe=(12)
876 1
cfi=(25)
cfn=(110)
calls=1 38 
* 1471
+1 1
cfi=(30)
cfn=(122) runtime.mallocinit
calls=1 405 
* 12779
+1 1
761 3
cfi=(46) /usr/local/go/src/internal/cpu/cpu.go
cfn=(186) internal/cpu.Initialize
calls=1 180 
* 22484
+6 2
+1 2
+1 2
+1 2
879 1
cfi=(61)
cfn=(406) runtime.alginit
calls=1 392 
* 1652
+1 4
cfn=(408)
calls=1 998 
* 17750
+1 1
cfi=(24)
cfn=(460) runtime.modulesinit
calls=1 544 
* 50025
+1 1
cfi=(57)
cfn=(476)
calls=1 437 
* 11
* 1
+1 1
cfi=(64)
cfn=(478)
calls=1 259 
* 12826
+1 1
cfi=(65)
cfn=(486)
calls=1 264 
* 31
+2 4
fi=(83)
1240 1
fi=(7)
448 5
cfi=(3)
cfn=(490)
calls=1 301 
* 9
* 2
fe=(12)
887 5
+2 1
cfi=(5)
cfn=(494)
calls=1 73 
* 4652
+1 1
fi=(7)
372 1
cfi=(5)
cfn=(496)
calls=1 83 
* 166713
fe=(12)
891 1
fi=(300) /usr/local/go/src/runtime/security_unix.go
16 2
fe=(12)
892 1
cfi=(66)
cfn=(502)
calls=1 9 
* 136
-23 2
+24 1
+5 1
cfi=(5)
cfn=(506)
calls=1 462 
* 5920
+1 1
cfi=(58)
cfn=(512) runtime.gcinit
calls=1 179 
* 3941
+4 2
cfi=(6)
cfn=(436)
calls=1 344 
* 3049
* 2
+1 2
+1 1
+6 2
1044 3
916 3
1063 6
cfi=(60)
cfn=(448)
calls=1 102 
* 177
-14 7
+14 8
cfi=(60)
cfn=(448)
calls=1 102 
* 177
-13 7
917 1
cfi=(68) /usr/local/go/src/runtime/cgroup_linux.go
cfn=(528) runtime.defaultGOMAXPROCSInit
calls=1 45 
* 34951
+2 1
fi=(14)
152 1
fi=(79)
24 2
cfi=(14)
cfn=(90)
calls=1 155 
* 21
fe=(12)
920 1
fi=(22)
33 1
cfi=(3)
cfn=(94)
calls=1 223 
* 38
* 3
fe=(12)
920 1
fi=(40)
81 2
fe=(12)
922 3
cfi=(67)
cfn=(508)
calls=1 9 
* 1928
* 3
cfi=(10)
cfn=(84)
calls=1 171 
* 15
* 2
+12 2
cfi=(68)
cfn=(570) runtime.defaultGOMAXPROCS
calls=1 85 
* 13
+2 1
cfn=(572) runtime.procresize
calls=1 6030 
* 35574
* 3
+3 1
fi=(14)
261 1
fi=(79)
35 2
cfi=(14)
cfn=(98)
calls=1 267 
* 43
fe=(12)
944 3
+5 3
+5 3

fn=(2314)
7565 16
7759 16
7566 16
+3 5
+1 5
+2 5
-5 11
+7 5
fi=(62)
248 5
fe=(12)
7575 5
7759 10
7572 5
7759 10
7572 25
+1 5
7803 10
+1 10
+1 10
+1 10
+1 5
+2 15
7589 10
+2 5

fn=(2666) runtime.gcMarkDone
fi=(58)
1027 4
1928 8
fi=(77)
66 4
fi=(55)
1166 2
fi=(40)
194 4
fi=(55)
1169 4
+3 6
fe=(12)
7338 2
fi=(58)
1027 4
+7 2
fi=(107)
143 12
cfn=(2239)
calls=1 +3 
* 25
cfn=(2238)
calls=1 +3 
* 25
fi=(58)
1038 2
+3 2
+1 2
fe=(12)
2112 16
cfi=(2)
cfn=(135)
calls=2 520 
* 56
* 4
fi=(58)
1061 4
+6 2
fi=(107)
204 8
cfn=(2404)
calls=2 +3 
* 60
* 2
fi=(58)
1068 2
1928 4
fe=(12)
7338 10
+1 10
fi=(55)
1172 2
fi=(58)
1928 4
fe=(12)
2112 16
+1 6
+12 4
cfn=(2274)
calls=2 1401 
* 132
+1 4
cfn=(2670)
calls=2 +14 
* 6597
+1 8
cfn=(660)
calls=2 1277 
* 70
+1 6
cfi=(2)
cfn=(135)
calls=2 566 
* 252705

fn=(2667) runtime.gcMarkDone'2
2112 8
fi=(58)
1061 8
+6 2
fi=(107)
204 8
cfn=(2404)
calls=2 +3 
* 64
fi=(40)
-80 2
+44 2
fi=(58)
1072 2
+7 2
fi=(22)
33 2
cfi=(3)
cfn=(94)
calls=2 223 
* 48
fi=(3)
277 2
+1 2
+1 2
+6 2
+1 2
+1 2
+1 2
+3 2
+1 2
+1 2
+1 6
cfi=(22)
cfn=(2696)
calls=2 33 
* 245334
+2 2
+1 2
+1 2
fe=(12)
0 2
fi=(9)
1 4
cfi=(6)
cfn=(1134)
calls=2 1026 
* 252597
fe=(12)

fn=(2902) runtime.goschedIfBusy
407 4314564
+1 1438188
+3 1438188
fi=(40)
21 1438187
fe=(12)
411 2876374
+3 2
cfi=(2)
cfn=(873)
calls=1 +44 
* 22
-2 4314561

fn=(2938) runtime.stopTheWorld
1532 25
-61 15
+62 5
fi=(107)
143 30
cfn=(2238)
calls=5 +3 
* 125
fe=(12)
1471 20
+64 5
-64 20
+64 20
+1 35
cfi=(2)
cfn=(135)
calls=1 520 
* 28
cfi=(2)
cfn=(134)
calls=4 520 
* 6540
* 10
+3 35
cfi=(36)
cfn=(2936) runtime.ReadMemStats
calls=1 358 
* 26713

fn=(2940) runtime.stopTheWorld.func1
1536 24
+1 4
cfn=(2272)
calls=4 +91 
* 6332
* 16
+1 12

fn=(2956) runtime.startTheWorld.func1
1546 44
cfn=(2354) runtime.startTheWorldWithSema
calls=4 1760 
* 7500
* 12

fn=(3068)
4737 5439
+5 1813
cfi=(62)
cfn=(3070) runtime.getcallerfp
calls=1813 1512 
* 19943
+1 7252
cfn=(3074) runtime.reentersyscall
calls=1813 4627 
* 166796
+1 5439

fn=(3704) runtime.gfget.func2
5547 2737
+1 1173
cfi=(6)
cfn=(436)
calls=391 344 
* 23388
* 1173
+4 1173

fn=(582) runtime.(*p).init
5906 30
+7 6
-6 6
+1 6
+1 6
+1 18
+1 6
-1 12
+3 6
-3 6
+1 18
+1 12
cfi=(76)
cfn=(584) runtime.(*wbBuf).reset
calls=6 79 
* 30
+1 18
+1 18
+1 3
+5 2
+2 5
cfi=(45)
cfn=(168) runtime.allocmcache
calls=5 97 
* 5860
* 10
7324 30
+1 25
-1 5
+1 5
5937 6
7326 6
-1 12
+1 12
5937 6
7326 12
5940 6
7333 12
5940 6
7333 18
5941 24

fn=(632) runtime.newproc.func1
5298 104
+1 52
cfn=(634)
calls=13 +14 
* 29199
+2 26
+1 65
cfn=(684) runtime.runqput
calls=13 7478 
* 328
+2 26
+1 12
cfn=(826) runtime.wakep
calls=12 3212 
* 9018
+2 39

fn=(730)
4135 425
+1 85
+2 255
-2 85
+6 170
+1 1
cfn=(880)
calls=1 3250 
* 6194
+1 4
cfn=(746) runtime.execute
calls=1 3331 
* 99
+5 168
+77 1
cfn=(958) runtime.startlockedm
calls=1 3278 
* 554
-72 2
+1 2
+5 2
-6 84
+1 168
+5 180
+4 85
cfn=(732)
calls=85 3389 
* 327661
* 237
+3 158
fi=(62)
272 79
fe=(12)
4172 79
cfn=(734)
calls=79 1097 
* 1726
+9 237
cfi=(56)
cfn=(744)
calls=79 901 
* 1027
+2 158
+15 237
+1 18
cfn=(922) runtime.resetspinning
calls=18 4021 
* 51600
-45 18
+48 474
-38 237
+56 79
+1 20
cfn=(827) runtime.wakep'2
calls=1 3212 
* 11
cfn=(826)
calls=19 3212 
* 2464
-67 20
+69 316
+7 156
cfn=(746)
calls=78 3331 
* 281748262

fn=(826)
3212 495
fi=(40)
21 99
fe=(12)
3215 198
fi=(40)
37 336
fe=(12)
3215 56
+1 129
fi=(5)
602 56
fe=(12)
3224 56
fi=(5)
602 56
fe=(12)
3227 56
fi=(5)
603 112
fi=(14)
152 56
fi=(79)
24 112
cfi=(14)
cfn=(91)
calls=1 155 
* 21
cfi=(14)
cfn=(90)
calls=55 155 
* 38986
fe=(12)
3228 165
cfn=(832)
calls=55 7430 
* 6074
+1 110
fi=(40)
56 120
fe=(12)
3230 48
+3 24
fi=(14)
261 24
fi=(79)
35 48
cfi=(14)
cfn=(98)
calls=24 267 
* 936
fi=(5)
609 72
fe=(12)
3234 24
fi=(5)
609 24
+1 70
fe=(12)
3235 72
cfn=(2310)
calls=1 4131 
* 177846
-7 31
+13 31
fi=(14)
261 31
fi=(79)
35 62
cfi=(14)
cfn=(98)
calls=31 267 
* 1209
fe=(12)
3243 124
cfn=(842) runtime.startm
calls=31 3035 
* 61096
fi=(5)
609 93
fe=(12)
3245 31
fi=(5)
609 31
+1 98
fe=(12)
3246 93
cfn=(3156) runtime.wakeNetPoller
calls=1 4019 
* 26973

fn=(827)
3212 15
fi=(40)
21 3
fe=(12)
3215 6
fi=(40)
37 6
fe=(12)
3215 1
+1 6
fi=(5)
602 1
fe=(12)
3224 1
fi=(5)
602 1
fe=(12)
3227 1
fi=(5)
603 2
fi=(14)
152 1
fi=(79)
24 2
cfi=(14)
cfn=(91)
calls=1 155 
* 21
fe=(12)
3228 3
cfn=(832)
calls=1 7430 
* 177
+1 2
-1 1
+13 1
fi=(14)
261 1
fi=(79)
35 2
cfi=(14)
cfn=(98)
calls=1 267 
* 39
fe=(12)
3243 4
cfn=(842)
calls=1 3035 
* 219
fi=(5)
609 3
fe=(12)
3245 1
fi=(5)
609 1
+1 2
fe=(12)
3246 3

fn=(832)
7430 305
+3 61
cfn=(834)
calls=61 -31 
* 6046
+1 122
+8 105
cfn=(826)
calls=1 3229 
* 27252
-4 26
fi=(40)
214 78
fe=(12)
7439 104

fn=(842)
3035 210
+18 84
fi=(5)
601 42
fe=(12)
3052 42
fi=(5)
602 42
+1 84
fe=(12)
3053 123
+1 39
fi=(14)
152 39
fi=(79)
24 78
cfi=(14)
cfn=(91)
calls=2 155 
* 42
cfi=(14)
cfn=(90)
calls=37 155 
* 777
fe=(12)
3056 39
-3 39
fi=(5)
609 39
fe=(12)
3053 39
+3 84
+16 42
7216 84
cfi=(95)
cfn=(844)
calls=42 96 
* 1346
+1 84
+1 39
-1 39
3073 42
-20 117
+53 39
7216 36
3107 36
fi=(14)
261 36
fi=(79)
35 72
cfi=(14)
cfn=(98)
calls=36 267 
* 1404
fe=(12)
3109 114
+3 78
-59 117
+62 39
7452 60
3088 3
cfn=(410) runtime.mReserveID
calls=3 985 
* 102
* 3
+1 3
fi=(14)
261 3
fi=(79)
35 6
cfi=(14)
cfn=(98)
calls=3 267 
* 117
fe=(12)
3096 24
cfn=(760) runtime.newm
calls=3 2857 
* 60073
-43 6
+39 3
fi=(5)
609 9
fe=(12)
3103 3
fi=(5)
609 6
+1 8
fe=(12)
3104 9
+15 39
+2 39
fi=(62)
275 39
fe=(12)
3120 39
fi=(62)
275 39
fe=(12)
3121 78
cfi=(97)
cfn=(962)
calls=39 26 
* 1677
fi=(5)
609 117
fe=(12)
3124 39
fi=(5)
609 78
+1 78
fe=(12)
3125 117
7453 30
+1 30
+1 30
+1 120
+1 90
3115 30

fn=(870)
445 237
fi=(5)
601 47
fe=(12)
449 47
fi=(5)
602 47
+1 47
fe=(12)
450 47
+1 47
1208 47
fi=(40)
194 47
fe=(12)
452 188
+3 119
+1 25
-1 25
cfi=(2)
cfn=(2408)
calls=25 1895 
* 525
* 50
+1 50
-1 25
+1 25
+1 25
+1 25
+1 25
fi=(5)
609 50
fe=(12)
460 25
fi=(5)
609 25
+1 50
fe=(12)
455 22
+1 22
+1 22
+1 22
+1 22
fi=(5)
609 44
fe=(12)
460 22
fi=(5)
609 22
+1 58
fe=(12)
462 94
cfi=(2)
cfn=(873)
calls=3 -4 
* 17189
cfi=(2)
cfn=(872) runtime.mcall
calls=44 -4 
* 453868535
+1 27
-18 7
cfi=(2)
cfn=(1128)
calls=1 687 
* 26

fn=(871)
445 102
fi=(5)
601 20
fe=(12)
449 20
fi=(5)
602 20
+1 20
fe=(12)
450 20
+1 20
1208 20
fi=(40)
194 20
fe=(12)
452 80
+3 50
+1 10
-1 10
cfi=(2)
cfn=(2408)
calls=10 1895 
* 210
* 20
+1 20
-1 10
+1 10
+1 10
+1 10
+1 10
fi=(5)
609 20
fe=(12)
460 10
fi=(5)
609 10
+1 20
fe=(12)
455 10
+1 10
+1 10
+1 10
+1 10
fi=(5)
609 20
fe=(12)
460 10
fi=(5)
609 10
+1 30
fe=(12)
462 40
cfi=(2)
cfn=(873)
calls=20 -4 
* 693127
+1 6
-18 7
cfi=(2)
cfn=(1128)
calls=1 687 
* 41785

fn=(888)
3131 355
7453 71
+1 71
+1 71
+1 213
+1 282
3136 70
7759 70
3136 70
fi=(13)
152 136
fe=(12)
3141 68
fi=(13)
165 68
fi=(40)
-41 68
+44 136
fe=(12)
3141 136
7452 68
3146 136
fi=(40)
21 136
fe=(12)
3152 204
+5 68
fi=(14)
152 68
fi=(79)
24 136
cfi=(14)
cfn=(90)
calls=68 155 
* 1428
fi=(40)
124 136
+44 68
fe=(12)
3158 68
+10 204
fi=(40)
74 68
fe=(12)
7759 68
3175 68
fi=(40)
21 68
fe=(12)
3182 272
fi=(40)
74 64
fe=(12)
3182 128
+1 4
fi=(14)
261 4
fi=(79)
35 8
cfi=(14)
cfn=(98)
calls=4 267 
* 156
fe=(12)
3184 16
cfn=(842)
calls=4 3035 
* 824
+1 12
fi=(86)
991 64
fi=(40)
74 64
fi=(86)
992 64
fi=(40)
74 64
fi=(86)
993 152
fe=(12)
3190 24
+1 36
cfn=(610)
calls=12 7373 
* 1320
-1 52
+1 156
cfn=(610)
calls=52 7373 
* 6812
+1 64
fi=(14)
261 64
fi=(79)
35 128
cfi=(14)
cfn=(98)
calls=64 267 
* 2496
fe=(12)
3194 192
+1 12
cfn=(3156)
calls=12 4002 
* 192
+2 192
-60 9
cfn=(842)
calls=3 3035 
* 6221
+1 9

fn=(892)
6367 1025
+8 820
fi=(40)
194 205
fe=(12)
6383 410
+9 1025
+4 615
5725 410
6396 820
+1 410
+1 615

fn=(918)
7730 2800
+3 560
-2 1120
+1 3360
cfn=(920) runtime.runqgrab
calls=560 -70 
* 14376
+1 1120
+4 72
+1 24
+1 48
-5 2192

fn=(958)
3278 5
+1 1
+1 2
+3 2
fi=(62)
289 1
fe=(12)
3287 2
cfn=(890)
calls=1 6355 
* 86
+1 1
cfn=(882)
calls=1 6324 
* 62
+2 2
-1 1
fi=(62)
275 1
fe=(12)
3290 2
cfi=(97)
cfn=(962)
calls=1 26 
* 43
+1 1
cfn=(966)
calls=1 2992 
* 339
+1 3

fn=(2002) sync.runtime_procUnpin
7918 516
-12 516
+13 516
-12 516
+13 516

fn=(2262) runtime.forEachG
731 20
+2 4
-1 4
fi=(14)
152 4
fi=(79)
24 12
cfi=(14)
cfn=(90)
calls=4 155 
* 84
fe=(12)
733 154
+1 189
cfi=(58)
cfn=(2264) runtime.gcResetMarkState.func1
calls=63 2117 
* 189
-1 386
+3 4
fi=(14)
261 4
fi=(79)
35 8
cfi=(14)
cfn=(98)
calls=4 267 
* 172
fe=(12)
737 16

fn=(2296)
3296 45
fi=(40)
124 18
+44 9
fe=(12)
3299 9
+3 27
+1 5
fi=(40)
56 20
fe=(12)
3306 10
+4 9
cfn=(882)
calls=9 6324 
* 558
* 9
+1 9
fi=(14)
152 9
fi=(79)
24 18
cfi=(14)
cfn=(91)
calls=1 155 
* 21
cfi=(14)
cfn=(90)
calls=8 155 
* 168
fe=(12)
3312 18
fi=(22)
33 9
cfi=(3)
cfn=(94)
calls=9 223 
* 342
* 27
fe=(12)
3313 18
+1 27
+1 18
+1 12
cfi=(97)
cfn=(962)
calls=6 26 
* 258
+2 9
fi=(14)
261 9
fi=(79)
35 18
cfi=(14)
cfn=(98)
calls=9 267 
* 387
fe=(12)
3319 9
cfn=(966)
calls=9 2992 
* 2892
+1 24

fn=(2354)
1760 65
+4 39
fi=(5)
601 13
fe=(12)
1763 13
fi=(5)
602 13
+1 26
fi=(40)
194 13
fi=(91)
+38 13
fe=(12)
1764 13
+1 14
cfi=(250)
cfn=(3162)
calls=7 99 
* 1904
* 21
+1 14
cfn=(2310)
calls=7 4045 
* 70
+1 7
fi=(91)
683 21
fe=(12)
1769 13
fi=(14)
152 13
fi=(79)
24 26
cfi=(14)
cfn=(91)
calls=1 155 
* 21
cfi=(14)
cfn=(90)
calls=12 155 
* 252
fe=(12)
1772 13
-1 13
+1 26
+4 52
cfn=(572)
calls=13 6030 
* 131851
* 13
+1 13
fi=(40)
179 13
-48 39
-7 26
+44 13
fe=(12)
1778 13
+1 7
fi=(40)
179 7
-48 21
fe=(12)
1780 14
cfi=(97)
cfn=(962)
calls=7 26 
* 301
+2 13
fi=(14)
261 13
fi=(79)
35 26
cfi=(14)
cfn=(98)
calls=13 267 
* 507
fe=(12)
1786 13
-2 13
+2 80
+2 18
+1 18
fi=(62)
272 18
fe=(12)
1789 36
+1 15
+1 15
+1 45
+4 15
-1 15
fi=(62)
275 15
fe=(12)
1796 30
cfi=(97)
cfn=(962)
calls=15 26 
* 645
* 15
+3 12
cfn=(760)
calls=3 2857 
* 40984
* 3
+5 39
+1 9
fi=(22)
33 18
cfi=(3)
cfn=(94)
calls=9 223 
* 342
* 27
fe=(12)
1807 45
1475 27
1807 16
1475 21
1808 9
+1 24
cfi=(98)
cfn=(924)
calls=8 107 
* 184
* 8
+2 10
cfi=(98)
cfn=(924)
calls=5 107 
* 115
fi=(13)
152 13
+37 39
fe=(12)
1813 13
fi=(13)
251 13
fe=(12)
1814 13
+8 13
cfn=(827)
calls=1 3212 
* 504
cfn=(826)
calls=12 3212 
* 5191
fi=(5)
609 39
fe=(12)
1824 13
fi=(5)
609 26
+1 36
fe=(12)
1826 52

fn=(2978) runtime.injectglist.func1
4069 20
+1 31
fi=(5)
602 4
fe=(12)
4071 4
fi=(5)
602 4
fe=(12)
4072 4
fi=(5)
603 8
fi=(14)
152 4
fi=(79)
24 8
cfi=(14)
cfn=(90)
calls=4 155 
* 84
fe=(12)
4074 8
cfn=(832)
calls=4 7430 
* 561
+1 8
+6 9
cfn=(842)
calls=3 3035 
* 393
+1 3
fi=(14)
261 3
fi=(79)
35 6
cfi=(14)
cfn=(98)
calls=3 267 
* 272
fi=(5)
609 9
fe=(12)
4083 3
fi=(5)
609 3
+1 6
fe=(12)
4076 1
fi=(14)
261 1
fi=(79)
35 2
cfi=(14)
cfn=(98)
calls=1 267 
* 39
fi=(5)
609 3
fe=(12)
4077 1
fi=(5)
609 1
+1 2
fe=(12)
4085 12

fn=(408)
998 40
+4 16
-3 8
+3 24
+4 8
fi=(14)
152 8
fi=(79)
24 16
cfi=(14)
cfn=(90)
calls=8 155 
* 168
fe=(12)
1008 24
+1 9
+2 5
cfn=(410)
calls=5 -26 
* 170
* 10
fi=(62)
754 10
cfi=(30)
cfn=(190)
calls=5 2156 
* 4941
* 6
cfi=(30)
cfn=(190)
calls=3 2156 
* 1633
* 8
+1 8
fi=(40)
546 8
-62 16
cfi=(63)
cfn=(416)
calls=8 57 
* 158
fe=(12)
1014 48
cfi=(2)
cfn=(2338)
calls=3 1889 
* 63
* 12
+2 3
cfi=(25)
cfn=(418)
calls=3 188 
* 7227
-2 5
+2 5
cfi=(25)
cfn=(418)
calls=5 188 
* 12045
+2 8
fi=(7)
388 16
cfi=(12)
cfn=(430)
calls=8 5273 
* 21378
* 35
cfi=(2)
cfn=(2338)
calls=3 1889 
* 63
* 9
+1 9
-1 5
+1 21
cfi=(2)
cfn=(2338)
calls=3 1889 
* 63
* 9
fe=(12)
1019 9
fi=(7)
389 5
fe=(12)
1019 15
+1 24
+5 30
cfi=(2)
cfn=(2338)
calls=3 1889 
* 63
* 9
+4 3
fi=(63)
43 6
fe=(12)
1025 5
+4 5
fi=(63)
43 10
+1 6
cfn=(2388) runtime.atomicwb
calls=3 -12 
* 60
+5 9
fe=(12)
1030 3
fi=(14)
261 3
fi=(79)
35 6
cfi=(14)
cfn=(98)
calls=3 267 
* 117
fi=(63)
+14 10
fe=(12)
1030 5
fi=(14)
261 5
fi=(79)
35 10
cfi=(14)
cfn=(98)
calls=5 267 
* 199
fe=(12)
1033 16
+16 8
-16 8
+11 8
-8 8
+8 16
+19 48
cfi=(60)
cfn=(449)
calls=1 102 
* 819
cfi=(60)
cfn=(448)
calls=7 102 
* 6113
-14 54
cfi=(2)
cfn=(2338)
calls=3 1889 
* 63
* 9
+14 21
cfi=(60)
cfn=(449)
calls=1 102 
* 298
cfi=(60)
cfn=(448)
calls=2 102 
* 1951
-14 5
+14 35
cfi=(60)
cfn=(448)
calls=5 102 
* 2761
-13 54
cfi=(2)
cfn=(2338)
calls=3 1889 
* 63
* 9
-13 9
+13 5
-13 15

fn=(684)
7478 195
+16 86
+13 8
+1 16
+1 8
+1 40
+1 8
+1 8
fi=(62)
248 8
fe=(12)
7512 8
+1 24
-17 39
+1 39
-3 39
fi=(62)
252 156
fe=(12)
7497 39
+3 78
+8 8
-1 8
-3 8
-3 93

fn=(758) runtime.main.func1
174 5
+1 5
cfn=(760)
calls=1 2857 
* 6580
+1 3

fn=(760)
2857 35
+16 7
fi=(5)
601 7
fe=(12)
2868 7
fi=(5)
602 7
+1 14
fe=(12)
2873 7
-3 21
cfn=(762)
calls=7 2269 
* 106039
fi=(62)
275 7
fe=(12)
2871 7
fi=(62)
275 7
fe=(12)
2872 14
+1 49
-3 7
+3 35
+29 7
cfn=(778)
calls=7 +4 
* 1295
+1 7
fi=(5)
609 21
+1 16
fe=(12)
2904 21

fn=(944)
1120 125
+5 25
-4 25
+87 25
fi=(40)
194 25
fe=(12)
1125 25
fi=(5)
602 25
fe=(12)
1124 25
fi=(5)
602 25
+1 25
fe=(12)
1125 100
fi=(5)
603 25
fi=(13)
152 25
+37 75
fe=(12)
1131 75
+1 100
cfn=(660)
calls=25 1277 
* 1107
fi=(13)
251 50
fe=(12)
1133 25
+4 125
cfn=(684)
calls=25 7478 
* 568
+1 25
cfn=(826)
calls=25 3212 
* 2293
fi=(5)
609 75
fe=(12)
1139 25
fi=(5)
609 25
+1 76
fe=(12)
1140 75

fn=(1068)
526 57
+1 57
+3 38
+3 38
+3 38
+3 57
fi=(62)
368 19
+25 19
fe=(12)
542 38
+4 57
-19 19
fi=(5)
+75 19
fe=(12)
-53 19
fi=(5)
+53 19
+1 38
fe=(12)
-53 19
fi=(62)
272 19
fe=(12)
551 57
+20 198
cfi=(2)
cfn=(2338)
calls=4 1889 
* 84
* 12
fi=(5)
+38 12
+1 8
fe=(12)
-39 15
fi=(5)
+38 45
+1 68
fe=(12)
-37 57

fn=(2284)
6866 650
+1 130
+1 650
+3 97
+1 370
1208 88
fi=(40)
194 88
fe=(12)
6875 264
+5 12
+6 12
+3 24
+5 48
-17 304
-4 36
-4 132

fn=(2594)
1215 785
+10 471
-1 314
+1 157
-1 4
+6 2
+1 628
+1 157
-7 157
fi=(40)
236 628
fe=(12)
1235 157
fi=(79)
42 157
fi=(5)
609 314
fe=(12)
1240 157
fi=(5)
609 157
+1 318
fe=(12)
1241 471

fn=(2722) runtime.readyWithTime
482 8
fi=(107)
132 12
cfn=(2404)
calls=4 264 
* 269747
fe=(12)

fn=(3310) runtime.exitsyscallTryGetP
5033 350
+2 210
+1 140
cfn=(2286)
calls=70 6750 
* 1050
* 140
+9 140
+1 70
fi=(14)
152 70
fi=(79)
24 140
cfi=(14)
cfn=(90)
calls=70 155 
* 1470
fe=(12)
5047 140
cfn=(834)
calls=70 7402 
* 11620
* 70
+1 140
fi=(40)
124 70
+44 70
fe=(12)
5048 70
+1 1
fi=(40)
179 1
-48 3
fe=(12)
5050 2
cfi=(97)
cfn=(962)
calls=1 26 
* 43
+2 70
fi=(14)
261 70
fi=(79)
35 140
cfi=(14)
cfn=(98)
calls=70 267 
* 2730
fe=(12)
5048 140
+5 70
+1 70
+94 140
+1 70
fi=(40)
56 210
fe=(12)
5055 210

fn=(3658) runtime.gdestroy
4503 2010
fi=(56)
977 402
fe=(12)
4504 804
+1 402
fi=(62)
272 402
fe=(12)
4507 1206
cfn=(660)
calls=402 1277 
* 19602
+1 1206
fi=(56)
977 1206
+4 1206
+1 1608
+1 1
fi=(40)
344 2
fi=(56)
984 2
fe=(12)
4509 804
cfi=(82)
cfn=(672)
calls=402 1408 
* 34366
* 804
+3 1628
cfi=(2)
cfn=(2386)
calls=20 1886 
* 420
* 40
+1 40
+1 20
+1 40
+1 20
+1 20
+1 40
-6 382
+1 764
+1 382
+1 764
+1 382
+1 382
+1 784
+1 20
+1 20
+2 20
+1 20
+1 20
+1 20
-1 20
-6 20
cfi=(2)
cfn=(3776) runtime.gcWriteBarrier7
calls=20 1904 
* 420
* 20
+1 20
+1 20
+2 20
+1 20
+1 20
+1 20
-7 20
+2 40
+1 20
+1 20
+1 20
+2 20
+1 20
+1 20
+2 40
-11 382
+2 764
+1 382
+1 382
+1 382
+2 382
+1 382
+1 382
+2 804
+4 20
fi=(40)
309 20
fe=(12)
4534 60
fi=(40)
437 20
fe=(12)
4534 40
+1 20
fi=(40)
109 40
fe=(12)
4536 20
-23 20
+23 20
-23 764
4243 764
fi=(62)
292 382
fe=(12)
4539 382
fi=(62)
300 382
-8 382
fe=(12)
4244 382
fi=(62)
248 382
+18 382
-18 382
fe=(12)
4546 382
-33 20
4243 40
fi=(62)
292 20
fe=(12)
4539 20
fi=(62)
300 20
-8 20
fe=(12)
4244 20
fi=(62)
248 20
+18 20
-18 20
fe=(12)
4546 20
+7 804
cfn=(3662) runtime.gfput
calls=402 5465 
* 39729
-40 1206
+41 402
+15 1206

fn=(670) runtime.saveAncestors
5432 2484
+2 1242
+1 1656

fn=(692) runtime.mstart0
1862 24
+1 16
+2 8
+1 8
+18 8
-19 16
+19 24
+3 8
+1 8
cfn=(694)
calls=8 +16 
* 509590
fi=(2)
566 6
+1 6
+1 6
+1 6
+1 6
+1 6
+1 6
+1 6
+1 12
cfi=(58)
cfn=(2250) runtime.gcBgMarkWorker
calls=5 1847 
* 2230787
cfi=(31)
cfn=(222)
calls=1 1011 
* 67432
fe=(12)

fn=(792)
8074 336
+1 112
+3 112
-2 112
+2 53
+3 53
+7 318
+6 265
fi=(42)
25 53
fe=(12)
8099 106
+1 53
-23 9
+23 77
+1 77
+2 77
fi=(42)
25 77
fe=(12)
8103 77
cfi=(215)
cfn=(1814)
calls=1 97 
* 14
cfi=(4)
cfn=(1794) testing.init
calls=1 0 
* 5319
cfi=(4)
cfn=(1760) github.com/google/go-cmp/cmp.init
calls=1 0 
* 1857201
cfi=(4)
cfn=(1640) github.com/google/go-cmp/cmp/internal/function.init
calls=1 0 
* 905008
cfi=(195)
cfn=(1638)
calls=1 693 
* 257
cfi=(4)
cfn=(1630) regexp/syntax.init
calls=1 0 
* 9042
cfi=(193)
cfn=(1628)
calls=1 286 
* 1338
cfi=(191)
cfn=(1626)
calls=1 106 
* 4357
cfi=(4)
cfn=(1616) internal/fuzz.init
calls=1 0 
* 1985
cfi=(4)
cfn=(1596) go/parser.init
calls=1 0 
* 7660
cfi=(186)
cfn=(1594)
calls=1 52 
* 10
cfi=(4)
cfn=(1590) path/filepath.init
calls=1 0 
* 19
cfi=(183)
cfn=(1586)
calls=1 50 
* 2043
cfi=(4)
cfn=(1582) internal/sysinfo.init
calls=1 0 
* 514
cfi=(182)
cfn=(1580) flag.init.0
calls=1 1201 
* 525
cfi=(4)
cfn=(1574) encoding/json.init
calls=1 0 
* 379
cfi=(180) /usr/local/go/src/crypto/sha256/sha256.go
cfn=(1570) crypto/sha256.init.0
calls=1 16 
* 25
cfi=(177) /usr/local/go/src/crypto/internal/fips140/aes/gcm/gcm_asm.go
cfn=(1568) crypto/internal/fips140/aes/gcm.init.1
calls=1 37 
* 1893
cfi=(179) /usr/local/go/src/crypto/internal/fips140/aes/gcm/cast.go
cfn=(1566) crypto/internal/fips140/aes/gcm.init.0
calls=1 14 
* 217
cfi=(4)
cfn=(1556) crypto/internal/fips140/aes/gcm.init
calls=1 0 
* 452
cfi=(174) /usr/local/go/src/crypto/internal/fips140/drbg/cast.go
cfn=(1554) crypto/internal/fips140/drbg.init.0
calls=1 14 
* 576
cfi=(4)
cfn=(1550) crypto/internal/fips140/drbg.init
calls=1 0 
* 10
cfi=(172) /usr/local/go/src/crypto/internal/fips140/aes/cast.go
cfn=(1548) crypto/internal/fips140/aes.init.1
calls=1 14 
* 511
cfi=(171) /usr/local/go/src/crypto/internal/fips140/aes/aes_asm.go
cfn=(1546) crypto/internal/fips140/aes.init.0
calls=1 27 
* 114
cfi=(171)
cfn=(1544) crypto/internal/fips140/aes.init
calls=1 24 
* 10
cfi=(4)
cfn=(1534) crypto/fips140.init
calls=1 0 
* 619
cfi=(169) /usr/local/go/src/crypto/internal/fips140/check/check.go
cfn=(1532) crypto/internal/fips140/check.init.0
calls=1 54 
* 11
cfi=(168)
cfn=(1530)
calls=1 14 
* 247
cfi=(166) /usr/local/go/src/crypto/internal/fips140/sha512/sha512block_amd64.go
cfn=(1528) crypto/internal/fips140/sha512.init.1
calls=1 16 
* 3863
cfi=(167) /usr/local/go/src/crypto/internal/fips140/sha512/cast.go
cfn=(1526) crypto/internal/fips140/sha512.init.0
calls=1 13 
* 576
cfi=(166)
cfn=(1524) crypto/internal/fips140/sha512.init
calls=1 14 
* 8
cfi=(163) /usr/local/go/src/crypto/internal/fips140/sha256/sha256block_amd64.go
cfn=(1516) crypto/internal/fips140/sha256.init.1
calls=1 17 
* 934
cfi=(164)
cfn=(1510)
calls=1 13 
* 576
cfi=(163)
cfn=(1508) crypto/internal/fips140/sha256.init
calls=1 14 
* 14
cfi=(160) /usr/local/go/src/crypto/internal/fips140/sha3/cast.go
cfn=(1500) crypto/internal/fips140/sha3.init.0
calls=1 13 
* 207
cfi=(159) /usr/local/go/src/crypto/internal/fips140/fips140.go
cfn=(1496) crypto/internal/fips140.init.0
calls=1 17 
* 1880
cfi=(4)
cfn=(1478) crypto/internal/fips140.init
calls=1 0 
* 1954
cfi=(156) /usr/local/go/src/compress/gzip/gunzip.go
cfn=(1476) compress/gzip.init
calls=1 37 
* 1
cfi=(155)
cfn=(1470)
calls=1 602 
* 2375
cfi=(4)
cfn=(1464) compress/flate.init
calls=1 0 
* 11508
cfi=(153) /usr/local/go/src/log/log.go
cfn=(1462) log.init.0
calls=1 248 
* 10
cfi=(4)
cfn=(1450) log.init
calls=1 0 
* 607
cfi=(152)
cfn=(1448)
calls=1 284 
* 6654
cfi=(4)
cfn=(1438) github.com/google/go-cmp/cmp/internal/value.init
calls=1 0 
* 43
cfi=(4)
cfn=(1432) reflect.init
calls=1 0 
* 18
cfi=(4)
cfn=(1404) unicode.init
calls=1 0 
* 50240
cfi=(144)
cfn=(1402)
calls=1 27 
* 10
cfi=(143)
cfn=(1398) os.init.0
calls=1 18 
* 533
cfi=(4)
cfn=(1358) os.init
calls=1 0 
* 5457
cfi=(4)
cfn=(1354) io/fs.init
calls=1 0 
* 36
cfi=(4)
cfn=(1350) internal/poll.init
calls=1 0 
* 512
cfi=(4)
cfn=(1308) github.com/google/go-cmp/cmp/internal/diff.init
calls=1 0 
* 40120
cfi=(4)
cfn=(1298) crypto/internal/fips140deps/time.init
calls=1 0 
* 92
cfi=(129)
cfn=(1292)
calls=1 425 
* 122
cfi=(4)
cfn=(1288) context.init
calls=1 0 
* 216
cfi=(4)
cfn=(1270) time.init
calls=1 0 
* 3045
cfi=(125) /usr/local/go/src/syscall/rlimit.go
cfn=(1264) syscall.init.0
calls=1 30 
* 235
cfi=(4)
cfn=(1248) syscall.init
calls=1 0 
* 1356
cfi=(4)
cfn=(1240) hash/crc32.init
calls=1 0 
* 22085
cfi=(4)
cfn=(1236) crypto.init
calls=1 0 
* 269
cfi=(4)
cfn=(1232) encoding/base64.init
calls=1 0 
* 3922
cfi=(108)
cfn=(1112) internal/godebug.init.0
calls=1 217 
* 22626
cfi=(106)
cfn=(1108)
calls=1 53 
* 20
cfi=(105)
cfn=(1104) sync.init.0
calls=1 296 
* 20
cfi=(4)
cfn=(1100) iter.init
calls=1 0 
* 168
cfi=(4)
cfn=(1090) errors.init
calls=1 0 
* 54
cfi=(101) /usr/local/go/src/math/exp_amd64.go
cfn=(1088) math.init
calls=1 11 
* 6
cfi=(100) /usr/local/go/src/crypto/internal/fips140deps/cpu/cpu.go
cfn=(1086) crypto/internal/fips140deps/cpu.init
calls=1 21 
* 51
cfn=(820) runtime.init.7
calls=1 362 
* 9936
cfn=(818) runtime.init.6
calls=1 351 
* 14
cfi=(94)
cfn=(812)
calls=1 350 
* 2156
cfi=(36)
cfn=(810) runtime.init.4
calls=1 348 
* 1
cfi=(93)
cfn=(808)
calls=1 30 
* 14
cfi=(92)
cfn=(806)
calls=1 205 
* 16
cfi=(4)
cfn=(798) runtime.init
calls=1 0 
* 45
cfi=(90)
cfn=(796)
calls=1 37 
* 5
cfi=(89)
cfn=(794)
calls=1 12 
* 5
cfi=(209) /home/lemon/go/pkg/mod/github.com/google/go-cmp@v0.7.0/cmp/options.go
cfn=(1782) github.com/google/go-cmp/cmp.init
calls=1 18 
* 3751140
cfi=(108)
cfn=(1112)
calls=1 220 
* 533331
-3 231
+18 77
-1 77
+2 154
-19 260
+6 106
+17 53
+2 159

fn=(818)
351 4
+1 4
+1 2
+1 2
+1 2

fn=(1052)
3902 350
+1 1150
7317 600
3903 300
7319 1500
3904 682
7453 109
+1 109
+1 109
+1 327
+1 545
3904 709
+14 200

fn=(1056)
3924 200
+1 2000
7317 600
3925 300
7319 1500
3926 300
+1 112
fi=(86)
991 112
fi=(40)
74 112
fi=(86)
992 112
fi=(40)
74 112
fi=(86)
993 238
fe=(12)
3927 7
+1 852
-2 188
+8 150

fn=(1062) runtime.sysmonUpdateGOMAXPROCS
7122 15
+2 3
fi=(14)
152 3
fi=(79)
24 9
cfi=(14)
cfn=(90)
calls=3 155 
* 63
fe=(12)
7127 3
fi=(14)
152 3
fi=(79)
24 6
cfi=(14)
cfn=(90)
calls=3 155 
* 824
fe=(12)
7129 6
+1 3
fi=(14)
261 3
fe=(12)
7128 6
fi=(79)
35 6
cfi=(14)
cfn=(98)
calls=3 267 
* 272
fe=(12)
7128 9
+3 3
+6 2
cfi=(68)
cfn=(570)
calls=1 85 
* 1182
* 1
+1 1
fi=(14)
261 1
fi=(79)
35 3
cfi=(14)
cfn=(98)
calls=1 267 
* 39
fe=(12)
7139 4
+2 3
-9 2
fi=(14)
261 2
fi=(79)
35 6
cfi=(14)
cfn=(98)
calls=2 267 
* 78
fe=(12)
7133 6

fn=(2272)
1628 78
fi=(13)
189 13
fe=(12)
1641 65
cfn=(2274)
calls=13 1401 
* 915
fi=(13)
152 13
+37 39
fe=(12)
1643 13
fi=(13)
251 13
fe=(12)
1644 13
+8 39
-4 13
+8 13
fi=(14)
152 13
fi=(79)
24 26
cfi=(14)
cfn=(90)
calls=13 155 
* 273
fe=(12)
1657 26
fi=(22)
33 13
cfi=(3)
cfn=(94)
calls=13 223 
* 494
* 26
fe=(12)
1658 13
fi=(22)
33 26
fe=(12)
1658 13
+1 13
fi=(40)
179 13
-48 39
fe=(12)
1660 13
cfn=(2282) runtime.preemptall
calls=13 6843 
* 1083
+3 52
+1 65
+1 13
+3 312
+34 78
-34 416
+1 78
cfn=(2286)
calls=78 6750 
* 1182
* 234
+7 13
fi=(22)
33 13
cfi=(3)
cfn=(94)
calls=13 223 
* 494
* 52
fe=(12)
1677 13
+1 56
+4 56
fi=(22)
33 112
cfi=(3)
cfn=(94)
calls=56 223 
* 2128
* 168
fe=(12)
1683 112
+1 56
-6 112
cfn=(834)
calls=56 7402 
* 5428
* 13
cfn=(834)
calls=13 7402 
* 1586
+1 138
+8 13
fi=(14)
261 13
fe=(12)
1686 26
fi=(79)
35 26
cfi=(14)
cfn=(98)
calls=13 267 
* 559
fe=(12)
1686 26
+4 26
fi=(22)
33 13
cfi=(3)
cfn=(94)
calls=13 223 
* 494
* 52
fe=(12)
1702 39
1475 48
1703 9
+1 24
cfi=(98)
cfn=(924)
calls=8 107 
* 184
* 8
+2 15
cfi=(98)
cfn=(924)
calls=5 107 
* 115
+9 39
+3 117
+11 13
fi=(40)
124 26
+44 13
fe=(12)
1729 13
+8 26
+7 65
cfn=(660)
calls=13 1277 
* 596
+2 91
-20 78
-1 234
-7 416
+4 78
-3 78
+3 390
-3 78
+10 52
-36 18
cfi=(97)
cfn=(2288)
calls=6 106 
* 816
* 12
+1 6
fi=(97)
23 6
fe=(12)
1701 6

fn=(2678)
2232 105
+1 42
+4 147
+3 84
cfi=(58)
cfn=(2836) runtime.gcMarkTermination.func4
calls=6 1545 
* 204
cfi=(58)
cfn=(2672) runtime.gcMarkDone.func1
calls=15 1042 
* 9199
+1 21
fi=(14)
152 21
fi=(79)
24 42
cfi=(14)
cfn=(90)
calls=21 155 
* 441
fe=(12)
2242 63
+1 42
+1 26
cfi=(97)
cfn=(962)
calls=13 26 
* 559
+2 21
fi=(14)
261 21
fi=(79)
35 63
cfi=(14)
cfn=(98)
calls=21 267 
* 1364
fe=(12)
2247 63

fn=(2884)
4307 35
fi=(13)
189 14
fe=(12)
4308 14
fi=(62)
272 7
fi=(13)
152 7
+37 21
fe=(12)
4309 7
+1 7
1208 7
fi=(40)
194 7
fe=(12)
4311 21
-2 14
fi=(13)
251 7
fe=(12)
4315 7
+10 21
cfn=(660)
calls=7 1277 
* 433
fi=(13)
251 21
fe=(12)
4326 7
-83 14
fi=(62)
292 7
fe=(12)
4330 7
fi=(62)
300 7
-8 7
fe=(12)
4244 7
fi=(62)
248 7
+18 7
-18 7
fi=(13)
-59 21
fe=(12)
4331 7
fi=(40)
124 6
+44 12
fe=(12)
4331 21
+5 7
fi=(14)
152 7
fi=(79)
24 14
cfi=(14)
cfn=(90)
calls=6 155 
* 126
cfi=(14)
cfn=(91)
calls=1 155 
* 21
fe=(12)
4337 7
7252 7
7774 14
+1 21
fi=(62)
248 7
fe=(12)
7778 7
fi=(62)
248 14
fe=(12)
7780 7
fi=(62)
248 7
fe=(12)
7781 7
4338 7
fi=(14)
261 7
fi=(79)
35 14
cfi=(14)
cfn=(98)
calls=7 267 
* 301
fe=(12)
4341 14
+1 7
cfn=(826)
calls=6 3212 
* 2046
cfn=(827)
calls=1 3212 
* 11
* 7
+3 7
cfn=(730)
calls=7 4135 
* 281702691

fn=(2958) runtime.mgetSpecific
7230 10
+3 6
+5 6
cfi=(95)
cfn=(2960)
calls=2 121 
* 80
+1 2
+2 8

fn=(2984)
7293 65
+3 39
+4 132
7803 11
7300 11
+2 11
7804 11
7300 11
7805 22
+1 22
+1 10
+2 10
7303 10
+2 10
7809 1
7303 1
+2 1
-8 14
+8 22
+4 66

fn=(4038) os.runtime_beforeExit
339 5
+1 1
+18 1
cfi=(294)
cfn=(4040)
calls=1 56 
* 89
-9 3

fn=(4044)
353 2

fn=(600)
6259 315
+2 63
cfn=(602) runtime.acquirepNoTrace
calls=63 +13 
* 92838
fi=(13)
152 126
+37 189
fe=(12)
6264 63
fi=(13)
251 63
fe=(12)
6265 63
+4 189

fn=(604) runtime.wirep
6296 399
+3 133
-2 266
+2 399
+7 532
+12 266
fi=(62)
275 266
fe=(12)
6319 133
fi=(62)
292 133
fe=(12)
6320 133
+1 399

fn=(634)
5313 2070
+1 2898
fi=(5)
602 414
fe=(12)
5318 414
fi=(5)
602 414
+1 828
fe=(12)
5319 414
fi=(62)
272 414
fe=(12)
5320 414
cfn=(638)
calls=414 5507 
* 52069
+1 828
+1 46
cfn=(430)
calls=23 -49 
* 29707
* 23
+1 69
cfn=(660)
calls=23 1277 
* 805
+1 46
cfn=(662) runtime.allgadd
calls=23 688 
* 8106
+2 1265
1208 414
fi=(40)
194 414
fe=(12)
5330 828
-4 414
+10 828
+11 1656
+1 414
+1 414
+1 1242
+1 828
+1 1656
cfi=(6)
cfn=(666)
calls=414 1202 
* 9244
+1 1656
+1 828
+1 414
cfn=(670)
calls=414 +77 
* 5382
* 1678
cfi=(2)
cfn=(2338)
calls=22 1889 
* 462
* 66
+1 66
fi=(40)
131 22
fe=(12)
5357 22
fi=(40)
179 22
-48 44
fe=(12)
5358 88
cfi=(82)
cfn=(672)
calls=22 1408 
* 1870
-3 392
+1 1176
fi=(40)
131 392
fe=(12)
5357 392
fi=(40)
179 392
-48 784
fe=(12)
5358 1568
cfi=(82)
cfn=(672)
calls=392 1408 
* 34576
* 828
+1 11
fi=(40)
56 33
fe=(12)
5408 11
fi=(5)
609 11
fe=(12)
5376 22
-14 2440
cfi=(2)
cfn=(2338)
calls=22 1889 
* 462
* 66
+1 88
-1 381
+1 1524
+1 1250
cfi=(2)
cfn=(2338)
calls=22 1889 
* 462
* 66
+2 44
-2 380
+2 762
fi=(25)
228 414
+7 828
+1 828
fe=(12)
5314 414
fi=(25)
235 414
+1 414
+1 414
-2 414
fe=(12)
5376 414
+1 828
+1 45
+2 90
fi=(56)
977 135
fe=(12)
5380 738
fi=(56)
977 1107
+4 1242
+1 1656
+1 4
fi=(40)
344 8
fi=(56)
984 8
fi=(13)
152 414
+37 1242
fe=(12)
5384 414
-70 828
+72 414
+2 1614
-4 28
+6 56
-6 800
+6 1600
+4 27
fi=(40)
344 81
fe=(12)
5395 54
+1 54
+2 54
+1 108
cfn=(660)
calls=27 1277 
* 1053
-1 774
+1 1548
cfn=(660)
calls=387 1277 
* 15198
+1 828
fi=(13)
22 828
fe=(12)
5401 414
fi=(13)
22 414
251 828
fe=(12)
5402 414
+6 1242
+3 828
+12 414
fi=(5)
609 1242
fe=(12)
5424 414
fi=(5)
609 414
+1 1644
fe=(12)
5426 1242

fn=(834)
7402 1005
+3 402
+1 402
fi=(62)
272 162
fe=(12)
7408 324
+1 105
fi=(22)
33 105
cfi=(3)
cfn=(94)
calls=105 223 
* 3976
* 312
fe=(12)
7411 208
-87 520
+1 520
+86 57
-87 285
+1 285
+86 161
-85 161
-1 322
+1 322
+85 161
-85 322
+86 161
-81 805
+1 805
+80 161
-79 161
-1 322
+1 322
+78 161
+1 161
+3 161
-82 483
+80 322
+1 161
fi=(40)
56 483
fe=(12)
7415 644
cfi=(78)
cfn=(840)
calls=161 447 
* 8050
+2 1322

fn=(882)
6324 310
fi=(13)
152 62
+37 248
fe=(12)
6325 62
fi=(13)
251 62
fe=(12)
6326 62
+4 62
cfn=(886)
calls=62 +4 
* 2790
* 186

fn=(922)
4021 90
+1 18
+1 36
+3 18
+1 18
fi=(40)
56 72
fe=(12)
4028 36
+6 18
cfn=(826)
calls=18 3212 
* 51240
+1 54

fn=(62)
793 6
+9 1
+1 106
-1 424
fi=(5)
64 318
fe=(12)
802 110
fi=(5)
64 3
fe=(12)
802 4
+4 105
+1 72
fi=(5)
64 54
fe=(12)
808 18
cfi=(16)
cfn=(64)
calls=18 487 
* 1300
* 144
fi=(18)
17 105
fe=(12)
810 36
fi=(16)
544 2
cfn=(64)
calls=1 -57 
* 66
* 1
fe=(12)
811 10
+1 1
+8 6

fn=(412) runtime.checkmcount
963 40
5725 16
fi=(40)
194 8
fe=(12)
974 8
fi=(40)
194 8
fe=(12)
974 8
+1 24
+4 32

fn=(1816) runtime.unlockOSThread
5686 3
+1 2
+1 2
+3 3
-36 1
+37 1
-37 4
+3 1
+1 1
+34 3

fn=(2092) sync/atomic.runtime_procUnpin
7930 6
-24 6
+25 6
-24 6
+25 6

fn=(2282)
6843 165
+2 1089
+1 396
-1 86
+4 86
cfn=(2284)
calls=43 +17 
* 718
* 86
-4 129
+4 43
+4 132

fn=(2286)
6750 1565
+1 626
+14 146
+1 292
+4 146
+1 292
1208 132
fi=(40)
194 132
fe=(12)
6775 264
+5 528
-29 100
fi=(62)
289 100
fe=(12)
6770 100
+5 100
+9 400
cfn=(2556)
calls=100 1245 
* 3200
* 300
+4 900
+5 500
-11 256
-9 112
-21 1336

fn=(2556)
1245 775
+2 930
+2 155
+4 620
+1 155
-7 155
fi=(40)
236 620
fe=(12)
1255 155
fi=(5)
602 155
fe=(12)
1256 155
fi=(79)
31 155
fi=(5)
602 155
+1 310
fe=(12)
1258 465

fn=(2834) runtime.gcMarkTermination.forEachP.func7
2112 16
+1 6
+12 4
cfn=(2274)
calls=2 1401 
* 132
+1 4
cfn=(2670)
calls=2 +14 
* 67211
+1 8
cfn=(660)
calls=2 1277 
* 70
+1 6

fn=(3082)
4883 5439
+1 1813
+2 1813
+1 7252
-3 1813
+6 1813
+2 3626
+21 5439
-29 1813
fi=(40)
236 9065
fe=(12)
4913 1813
+12 3626
fi=(62)
275 1813
fe=(12)
4926 1813
fi=(62)
275 1813
fe=(12)
4929 5439
+1 3626
fi=(13)
152 1743
+37 5229
fe=(12)
4932 1743
fi=(13)
251 1743
fe=(12)
4932 1743
+27 420
cfi=(2)
cfn=(134)
calls=70 520 
* 27910
* 140
+15 280
+19 70
-15 3626
+1 3626
+10 3626
+4 1813
+1 3626
+1 3626
+5 5439
+2 1813
+2 3626
+4 5439

fn=(3298)
6817 560
+1 280
fi=(13)
152 140
+37 210
fe=(12)
6821 70
+1 70
+1 70
+1 140
fi=(13)
251 70
fe=(12)
6825 70
+4 70
5128 140
+6 70
fi=(40)
56 210
fe=(12)
6830 70
+1 210

fn=(3308) runtime.exitsyscall.func3
4959 420
+2 70
cfn=(3310)
calls=70 +72 
* 19930
* 210
+2 70
cfn=(602)
calls=70 6274 
* 3850
fi=(13)
152 70
+37 210
fe=(12)
4966 70
fi=(13)
251 70
fe=(12)
4966 70
+7 210

fn=(3726) runtime.casGToPreemptScan
1412 10
+1 8
fi=(5)
602 2
fe=(12)
1416 2
fi=(5)
602 2
+1 4
fi=(79)
31 2
fe=(12)
1413 2
fi=(40)
236 10
fe=(12)
1417 2
+8 6

fn=(3936) runtime.goexit1
4475 5
fi=(13)
152 1
+37 4
fe=(12)
4482 1
fi=(13)
251 1
fe=(12)
4483 1
+4 2
cfi=(2)
cfn=(873)
calls=1 458 
* 55579

fn=(3937) runtime.goexit1'2
4475 5
fi=(13)
152 1
+37 4
fe=(12)
4482 1
fi=(13)
251 1
fe=(12)
4483 1
+4 2
cfi=(2)
cfn=(873)
calls=1 458 
* 22

fn=(662)
688 115
1208 23
fi=(40)
194 46
fe=(12)
689 69
+4 23
fi=(14)
152 23
fi=(79)
24 46
cfi=(14)
cfn=(90)
calls=23 155 
* 483
fe=(12)
694 156
cfi=(60)
cfn=(378)
calls=6 178 
* 5617
* 139
cfi=(2)
cfn=(2338)
calls=2 1889 
* 42
* 8
+1 4
-1 21
+1 111
+1 6
fi=(63)
43 12
+6 12
fe=(12)
698 18
+1 6
fi=(14)
261 6
fi=(79)
35 18
cfi=(14)
cfn=(98)
calls=6 267 
* 234
fe=(12)
698 51
+1 17
fi=(14)
261 17
fi=(79)
35 51
cfi=(14)
cfn=(98)
calls=17 267 
* 663
fe=(12)
700 69

fn=(754) runtime.main
fi=(14)
155 2
cfn=(90)
calls=1 * 
* 21
fi=(58)
1791 6
cfi=(12)
cfn=(870)
calls=1 445 
* 666195
fi=(5)
602 1
fi=(58)
1826 1
fi=(5)
602 1
+1 1
fi=(58)
1826 1
fi=(62)
292 2
fi=(58)
1827 3
+2 3
+5 3
fi=(62)
272 1
fi=(58)
1838 1
fi=(22)
33 2
cfi=(3)
cfn=(94)
calls=1 223 
* 40
* 4
fi=(58)
1839 2
+2 2
+1 1
+3 2
cfn=(2422)
calls=1 +88 
* 15
+2 9
cfi=(2)
cfn=(134)
calls=1 520 
* 258679
* 2
+40 1
fi=(22)
33 1
cfi=(3)
cfn=(94)
calls=1 223 
* 40
* 2
fi=(58)
1889 2
fi=(22)
33 2
fi=(58)
1888 4
+1 3
cfi=(56)
cfn=(2478)
calls=1 939 
* 14
-44 2
+45 1
+3 3
+1 1
fi=(40)
109 2
fi=(58)
1901 1
+4 2
cfn=(2482)
calls=1 +39 
* 27
* 2
fe=(12)
8069 88
+1 44
cfn=(792)
calls=44 +4 
* 2962301
cfn=(792)
calls=2 +53 
* 4284501
-1 90
259 90
8069 180
259 2
+7 1
+2 2
cfi=(96)
cfn=(1294)
calls=1 414 
* 111
+2 1
+1 1
cfn=(1816)
calls=1 5686 
* 21
+2 4
+17 3
cfi=(215)
cfn=(1818)
calls=1 103 
* 1346572
445 7
cfn=(870)
calls=1 * 
* 956
3228 3
cfn=(832)
calls=1 7430 
* 30
+1 2
fi=(40)
56 5
fe=(12)
3230 2
+3 1
fi=(14)
261 1
fi=(79)
35 2
cfi=(14)
cfn=(98)
calls=1 267 
* 39
fi=(5)
609 3
fe=(12)
3234 1
fi=(5)
609 1
+1 2
fe=(12)
3235 3
fi=(222)
238 8
+3 6
+4 2
cfn=(2226)
calls=1 -48 
* 21283
fi=(204)
129 3
+34 2
-33 3
+33 2
+1 24
+17 5
-51 2
+51 3
+2 6
+1 1
+7 5
-11 1
+17 1
29 7
+1 7
+1 2
+1 1
+1 2
+3 1
191 4
+6 1
29 1
131 7
29 5
+1 7
+1 2
+4 1
+1 2
180 1
-49 3
-42 3
cfn=(1742) regexp/syntax.(*compiler).compile
calls=1 * 
* 2204
fe=(12)

fn=(904)
6486 5
+1 1
fi=(14)
152 1
fi=(79)
24 3
cfi=(14)
cfn=(90)
calls=1 155 
* 21
fe=(12)
6488 1
+1 1
cfn=(892)
calls=1 6367 
* 31
+1 1
fi=(79)
35 2
cfi=(14)
cfn=(98)
calls=1 267 
* 43
* 4
fi=(14)
261 1
fe=(12)
6615 127
fi=(14)
261 127
fi=(79)
35 254
cfi=(14)
cfn=(98)
calls=127 267 
* 5461
* 1016
fe=(12)
6498 254
fi=(79)
35 4
fe=(12)
6498 144
+2 228
+3 57
+3 285
cfi=(3)
cfn=(908)
calls=57 120 
* 1026
-3 71
+3 355
cfi=(3)
cfn=(908)
calls=71 120 
* 1278
* 256
+17 128
fi=(22)
33 128
cfi=(3)
cfn=(94)
calls=128 223 
* 4864
* 384
fe=(12)
6524 128
-21 128
fi=(40)
124 128
+44 128
fe=(12)
6524 142
fi=(40)
21 121
fe=(12)
6524 740
+34 240
-34 120
fi=(22)
33 8
fe=(12)
6525 8
fi=(14)
152 8
fi=(79)
24 16
cfi=(14)
cfn=(90)
calls=8 155 
* 168
fi=(40)
124 8
+44 8
fe=(12)
6526 22
fi=(40)
21 1
fe=(12)
6526 19
+2 8
cfi=(86)
cfn=(2294) runtime.timeSleepUntil
calls=8 1322 
* 1614
+1 24
+6 16
-5 8
fi=(40)
179 8
-48 24
fe=(12)
6531 8
fi=(14)
261 8
fi=(79)
35 24
cfi=(14)
cfn=(98)
calls=8 267 
* 344
fe=(12)
6534 40
+1 16
+3 8
+4 16
cfi=(97)
cfn=(2288)
calls=8 106 
* 1052
* 7
+4 7
fi=(14)
152 7
fi=(79)
24 21
cfi=(14)
cfn=(90)
calls=7 155 
* 740
fe=(12)
6547 7
fi=(40)
179 7
-48 21
fe=(12)
6548 7
fi=(97)
23 7
fe=(12)
6542 14
+8 21
+5 21
fi=(14)
261 7
fi=(79)
35 14
cfi=(14)
cfn=(98)
calls=7 267 
* 301
fe=(12)
6558 28
fi=(14)
152 7
fi=(79)
24 14
cfi=(14)
cfn=(90)
calls=7 155 
* 147
fe=(12)
6558 240
fi=(14)
152 120
fi=(79)
24 240
cfi=(14)
cfn=(90)
calls=120 155 
* 2520
fe=(12)
6561 127
fi=(22)
33 127
cfi=(3)
cfn=(94)
calls=127 223 
* 4826
* 254
fe=(12)
6564 254
fi=(22)
33 254
fe=(12)
6564 254
+4 127
fi=(40)
74 127
194 127
fi=(91)
+38 127
fe=(12)
6569 452
+1 12
fi=(22)
33 12
fi=(40)
+57 48
fe=(12)
6571 24
cfi=(250)
cfn=(3162)
calls=12 99 
* 3264
* 24
7830 12
6572 12
+15 774
+1 3
cfn=(1062)
calls=3 7122 
* 2567
+9 3
-6 3
-2 3
+2 127
fi=(40)
194 127
fe=(12)
6591 254
+2 8
cfi=(44)
cfn=(2308)
calls=4 436 
* 2745
+4 8
cfn=(1064)
calls=4 +33 
* 2981
* 123
cfn=(1064)
calls=123 +33 
* 104019
* 127
+6 508
cfi=(58)
cfn=(374) runtime.gcTrigger.test
calls=127 706 
* 4088
-3 254
-3 254
+6 508
-6 127
+14 381
+4 127
-4 127

fn=(950) runtime.send
482 4
fi=(96)
351 6
cfn=(936)
calls=2 233 
* 105714
fe=(12)

fn=(1998) sync.runtime_procPin
7912 516
-26 516
+3 516
+1 1032
+23 516

fn=(2086) sync/atomic.runtime_procPin
7924 6
-38 6
+3 6
+1 12
+35 6

fn=(2724) runtime.schedEnableUser
7163 20
+2 4
-1 4
+1 4
fi=(14)
152 4
fi=(79)
24 8
cfi=(14)
cfn=(90)
calls=4 155 
* 84
fe=(12)
7165 12
+1 4
fi=(14)
261 4
fi=(79)
35 8
cfi=(14)
cfn=(98)
calls=4 267 
* 172
fe=(12)
7167 12

fn=(2864) runtime.gcMarkTermination
2112 4
fi=(51)
151 6
fi=(58)
1559 2
-72 2
+79 6
cfi=(51)
cfn=(218)
calls=2 162 
* 58
+6 2
+56 3
+11 1
fi=(14)
152 1
fi=(79)
24 2
cfi=(14)
cfn=(90)
calls=1 155 
* 21
fi=(58)
1640 4
+1 4
+1 1
fi=(14)
261 1
fi=(79)
35 3
cfi=(14)
cfn=(98)
calls=1 267 
* 39
fi=(58)
1643 6
fi=(56)
994 2
cfn=(1082) runtime.(*gcControllerState).heapGoalInternal
calls=1 +8 
* 74
* 1
fi=(58)
1648 2
+6 1
fi=(107)
204 4
cfn=(2405)
calls=1 +3 
* 30
fi=(58)
1655 1
fi=(107)
204 4
cfn=(2405)
calls=1 +3 
* 30
fi=(5)
609 3
fi=(58)
1658 1
fi=(5)
609 2
+1 4
fi=(58)
1666 4
cfn=(2659)
calls=1 1174 
* 129184
fe=(12)
0 1
fi=(9)
1 2
cfi=(6)
cfn=(1135)
calls=1 1026 
* 5675
fe=(12)

fn=(3662)
5465 2010
1208 402
fi=(40)
194 804
fe=(12)
5466 804
+4 1608
+2 1608
-6 802
+8 1604
cfi=(6)
cfn=(1164)
calls=401 463 
* 23258
+1 802
+2 401
+7 401
7835 401
5484 401
7835 401
+1 401
fi=(62)
248 401
fe=(12)
7837 1203
5485 802
-1 1
7835 1
+1 1
fi=(62)
248 1
fe=(12)
7837 3
5485 2
+18 1206

fn=(3724)
4368 10
+2 2
-1 2
1208 2
fi=(40)
194 2
fe=(12)
4370 6
+5 4
+20 6
cfn=(3726)
calls=2 1412 
* 50
fi=(13)
152 2
+37 6
fe=(12)
4417 6
fi=(13)
251 2
fe=(12)
4418 2
4243 4
fi=(62)
292 2
fe=(12)
4425 2
fi=(62)
300 2
-8 2
fe=(12)
4244 2
fi=(62)
248 2
+18 2
-18 2
fe=(12)
4428 8
cfn=(2594)
calls=2 1215 
* 74
fi=(13)
251 6
fe=(12)
4429 2
+5 2
cfn=(730)
calls=2 4135 
* 44736

fn=(734)
1097 868
+1 861
cfi=(2)
cfn=(2386)
calls=105 1886 
* 2205
* 210
+1 210
-1 112
+1 224

fn=(860)
488 48
fi=(5)
601 16
fe=(12)
497 16
fi=(5)
602 16
+1 16
fe=(12)
498 16
+1 32
fi=(5)
603 8
fi=(62)
272 8
fe=(12)
500 8
fi=(79)
24 16
cfi=(14)
cfn=(90)
calls=8 155 
* 168
fi=(14)
152 16
fe=(12)
514 16
+1 48
-1 16
+1 16
+1 46
cfi=(2)
cfn=(2386)
calls=7 1886 
* 147
* 14
+1 21
-1 9
+1 43
+1 64
fi=(5)
+91 32
fe=(12)
-88 16
fi=(5)
+88 16
+1 46
fe=(12)
-88 48
cfi=(107)
cfn=(2238)
calls=5 163 
* 1711271
-20 64
+6 8
fi=(14)
261 8
fi=(79)
35 16
cfi=(14)
cfn=(98)
calls=8 267 
* 312
fe=(12)
510 24
+1 16
cfi=(30)
cfn=(191)
calls=3 2156 
* 1089
cfi=(30)
cfn=(190)
calls=5 2156 
* 1683
* 102
cfi=(2)
cfn=(2338)
calls=7 1889 
* 147
* 21
+3 7
fi=(5)
+95 14
fe=(12)
-98 1
+3 1
fi=(5)
+95 2
fe=(12)

fn=(861)
488 9
fi=(5)
601 3
fe=(12)
497 3
fi=(5)
602 3
+1 3
fe=(12)
498 3
+1 6
fi=(5)
603 3
fi=(62)
272 3
fe=(12)
500 3
fi=(79)
24 6
cfi=(14)
cfn=(90)
calls=3 155 
* 63
fi=(14)
152 6
fe=(12)
514 3
+1 9
-1 3
+1 3
+1 12
cfi=(2)
cfn=(2386)
calls=3 1886 
* 63
* 6
+1 12
+1 12
fi=(5)
+91 6
fe=(12)
-88 3
fi=(5)
+88 3
+1 12
fe=(12)
-88 9
-20 24
+6 3
fi=(14)
261 3
fi=(79)
35 6
cfi=(14)
cfn=(98)
calls=3 267 
* 117
fe=(12)
510 9
+1 6
cfi=(30)
cfn=(191)
calls=3 2156 
* 2890
* 39
cfi=(2)
cfn=(2338)
calls=3 1889 
* 63
* 9
+3 3
fi=(5)
+95 6
fe=(12)

fn=(968)
7200 295
+3 177
cfi=(95)
cfn=(970)
calls=59 79 
* 1784
+1 59
+1 59
cfn=(892)
calls=59 6367 
* 1829
+1 177

fn=(1054)
3941 250
+7 150
fi=(56)
1468 27
fi=(40)
309 27
fi=(56)
1469 54
+1 27
fe=(12)
3948 27
+1 115
+2 81
cfi=(58)
cfn=(2360)
calls=27 1919 
* 891
* 54
+1 135

fn=(1076)
7066 5
+1 2
+16 2
cfn=(630)
calls=1 5295 
* 3301
+1 3

fn=(2310)
4045 130
7830 26
4046 35
fi=(13)
152 9
+37 27
fe=(12)
4053 27
+1 9
fi=(62)
245 9
fe=(12)
4054 9
-7 51
+7 18
+12 9
fi=(13)
260 9
fe=(12)
4054 45
+2 36
cfn=(660)
calls=9 1277 
* 373
fi=(13)
251 18
fe=(12)
4057 9
fi=(13)
251 9
fe=(12)
4061 9
+5 45
+1 18
+20 18
+1 18
+9 10
+1 5
fi=(40)
21 5
fe=(12)
4099 5
-33 4
+24 4
fi=(14)
152 4
fi=(79)
24 8
cfi=(14)
cfn=(90)
calls=4 155 
* 84
fe=(12)
7275 4
4091 4
7275 4
7787 8
fi=(62)
245 4
fe=(12)
7275 4
7790 4
+1 12
+1 2
+2 3
+2 3
+1 3
7276 6
4092 3
fi=(14)
261 3
fi=(79)
35 9
cfi=(14)
cfn=(98)
calls=3 267 
* 117
fe=(12)
7796 1
+1 1
7276 2
4092 1
fi=(14)
261 1
fi=(79)
35 3
cfi=(14)
cfn=(98)
calls=1 267 
* 39
fe=(12)
4093 16
cfn=(2978)
calls=4 -24 
* 1517
+1 12
+5 10
7759 5
4103 5
+8 10
cfn=(2314)
calls=5 7565 
* 175
7759 5
4111 5
+19 5
cfn=(826)
calls=5 3212 
* 38341
cfn=(754)
calls=1 3235 
* 6050805
+1 15
cfi=(58)
cfn=(2730) runtime.gcMarkTermination
calls=1 1459 
* 177843

fn=(2670)
2140 84
+5 14
fi=(5)
601 28
fe=(12)
2141 14
fi=(5)
602 14
fe=(12)
2142 28
+2 14
fi=(5)
603 42
fi=(62)
272 14
fi=(14)
152 14
fi=(79)
24 28
cfi=(14)
cfn=(91)
calls=1 155 
* 21
cfi=(14)
cfn=(90)
calls=13 155 
* 273
fe=(12)
2145 28
+3 42
+1 56
cfi=(2)
cfn=(2338)
calls=10 1889 
* 210
* 40
+3 50
-3 4
+3 384
+1 168
+1 280
+3 14
cfn=(2282)
calls=14 6843 
* 1173
+8 252
+1 294
-1 49
+2 196
cfi=(58)
cfn=(2836)
calls=14 1545 
* 122319
cfi=(58)
cfn=(2672)
calls=35 1042 
* 20523
+1 49
-3 98
+3 49
+5 14
fi=(14)
261 14
fe=(12)
2172 28
fi=(79)
35 28
cfi=(14)
cfn=(98)
calls=14 267 
* 546
fe=(12)
2176 56
cfi=(58)
cfn=(2836)
calls=4 1545 
* 136
cfi=(58)
cfn=(2672)
calls=10 1042 
* 8115
+4 462
+1 336
-1 42
+5 42
cfn=(2286)
calls=21 6750 
* 335
* 42
-5 105
-8 28
+21 27
+10 6
cfn=(2282)
calls=6 6843 
* 674
-4 76
cfi=(97)
cfn=(2288)
calls=19 106 
* 2872
* 38
+1 13
fi=(97)
23 13
fe=(12)
2206 42
+3 504
+1 252
+5 14
fi=(14)
152 14
fi=(79)
24 42
cfi=(14)
cfn=(91)
calls=1 155 
* 866
cfi=(14)
cfn=(90)
calls=13 155 
* 1062
fe=(12)
2216 48
cfi=(2)
cfn=(2386)
calls=10 1886 
* 210
* 20
+1 10
fi=(14)
261 10
fi=(79)
35 20
cfi=(14)
cfn=(98)
calls=10 267 
* 424
fe=(12)
2216 4
+1 4
fi=(14)
261 4
fi=(79)
35 8
cfi=(14)
cfn=(98)
calls=4 267 
* 190
fi=(5)
609 42
fe=(12)
2218 14
fi=(5)
609 14
+1 48
fe=(12)
2219 42

fn=(2892) runtime.bgsweep
468 1
fi=(51)
300 1
+1 23
-1 46
cfn=(2236)
calls=23 +59 
* 30166
* 2
cfn=(2236)
calls=1 +59 
* 1116
* 48
+2 209
+1 2
cfi=(12)
cfn=(2902)
calls=2 407 
* 22
-2 2
+2 2
+3 2
cfi=(237)
cfn=(2908) runtime.freeSomeWbufs
calls=1 540 
* 864
* 3
+4 1
cfi=(55)
cfn=(2916) runtime.freeDeadSpanSPMCs
calls=1 757 
* 86
+1 1
fi=(14)
152 1
fi=(79)
24 2
cfi=(14)
cfn=(91)
calls=1 155 
* 21
fi=(51)
459 1
fi=(40)
194 2
fi=(51)
+20 1
+98 1
+11 1
+1 1
fe=(12)
468 6
cfn=(871)
calls=1 -23 
* 498

fn=(2954) runtime.startTheWorld
1545 25
+1 45
cfi=(2)
cfn=(135)
calls=1 520 
* 28
cfi=(2)
cfn=(134)
calls=4 520 
* 7708
* 10
fi=(5)
602 5
fe=(12)
1563 5
fi=(5)
602 5
+1 5
fe=(12)
1564 15
fi=(5)
603 5
fe=(12)
1564 5
+1 25
cfi=(107)
cfn=(2404)
calls=5 207 
* 254
fi=(5)
609 15
fe=(12)
1566 5
fi=(5)
609 5
+1 20
+2 1
fe=(12)
1567 15
cfi=(36)
cfn=(2937) runtime.ReadMemStats'2
calls=1 365 
* 2134

fn=(3076) runtime.save
4579 5439
+1 1813
+2 9065
+9 1813
+1 1813
+1 1813
+1 1813
+4 3626
+3 5439

fn=(3940) runtime.goexit0
4491 5
+8 1
cfn=(3658)
calls=1 +4 
* 406
+1 1
cfn=(730)
calls=1 4135 
* 13317

fn=(410)
985 40
+3 40
+4 8
+1 8
cfn=(412)
calls=8 -30 
* 144
+1 32

fn=(434) runtime.malg.func1
5277 304
+1 38
cfi=(6)
cfn=(436)
calls=38 344 
* 31188
* 114
+4 114

fn=(572)
6030 84
+4 14
+1 70
-1 14
fi=(13)
152 14
+37 42
fe=(12)
6038 14
fi=(13)
251 14
fe=(12)
6039 14
+6 14
fi=(22)
33 14
cfi=(3)
cfn=(94)
calls=14 223 
* 532
* 28
fe=(12)
6046 14
fi=(22)
33 14
fe=(12)
6046 28
+1 91
+26 1
-24 1
fi=(22)
33 1
fe=(12)
6049 1
+3 4
fi=(22)
33 13
fe=(12)
6049 13
+3 52
+3 1
fi=(14)
152 1
fi=(79)
24 3
cfi=(14)
cfn=(90)
calls=1 155 
* 21
fe=(12)
6056 4
+3 5
cfi=(60)
cfn=(448)
calls=1 102 
* 3617
* 1
+3 6
cfi=(75)
cfn=(578)
calls=1 276 
* 11
+1 8
7351 1
6066 1
7351 7
6066 1
7353 2
6066 1
7356 4
cfi=(60)
cfn=(580)
calls=1 39 
* 140
6073 1
7353 1
6066 8
+1 2
7353 2
6067 1
7356 4
cfi=(60)
cfn=(580)
calls=1 39 
* 201
6073 1
7353 1
6067 8
+1 2
7353 2
6068 1
7356 4
cfi=(60)
cfn=(580)
calls=1 39 
* 140
6073 1
-5 8
+1 1
fi=(14)
261 1
fi=(79)
35 2
cfi=(14)
cfn=(98)
calls=1 267 
* 39
fe=(12)
6073 1
6215 1
6073 1
-39 1
+39 1
-39 13
+39 13
fi=(63)
49 12
fe=(12)
6073 12
+48 6
+94 6
6073 46
+1 30
-1 6
+1 18
+1 12
+1 12
cfi=(30)
cfn=(190)
calls=6 2156 
* 23166
+2 36
cfn=(582)
calls=6 5906 
* 6263
+1 42
fi=(63)
43 18
fe=(12)
6082 14
+1 70
fi=(62)
272 13
fe=(12)
6083 26
+2 13
+1 52
cfi=(45)
cfn=(606) runtime.(*mcache).prepareForSweep
calls=13 350 
* 117416
* 13
+19 3
+1 4
+1 1
+1 1
+1 1
cfn=(600)
calls=1 6259 
* 72
fi=(13)
152 2
+37 3
fe=(12)
6110 1
fi=(13)
251 1
fe=(12)
6111 1
+7 14
+3 70
+7 56
+13 462
+1 504
+1 336
+3 70
7453 70
+1 70
+1 70
+1 210
+1 210
6147 70
+1 68
fi=(62)
275 68
fe=(12)
6141 68
+9 68
+11 2
fi=(62)
760 4
+3 2
fi=(40)
526 2
-60 2
fe=(12)
6161 6
-20 2
+1 2
-1 4
+22 4
cfn=(2958)
calls=2 7230 
* 112
8012 2
6246 2
fi=(62)
275 4
fe=(12)
6141 2
+2 2
fi=(62)
292 2
fe=(12)
6165 2
-24 2
+24 4
+6 2
fi=(62)
292 2
fe=(12)
6172 2
fi=(62)
275 2
fe=(12)
6141 4
+32 2
+4 28
+34 28
+26 28
+2 52
fi=(62)
272 52
fe=(12)
6240 104
cfn=(610)
calls=52 7373 
* 4451
8012 52
6246 52
+4 52
-13 184
+6 14
8012 14
+1 28
+1 378
6035 84
8014 84
+29 84
6034 182
8044 364
-1 364
6246 182
8043 532
-28 168
+1 168
-2 1
+2 4
cfi=(60)
cfn=(378)
calls=1 178 
* 189
* 4
6246 1
8014 1
+2 2
6250 1
8016 84
6245 42
+1 28
+2 4
cfi=(78)
cfn=(616)
calls=1 319 
* 396
+2 57
-20 16
fi=(62)
292 32
-17 16
fe=(12)
6231 16
fi=(62)
275 16
fe=(12)
8012 16
6246 16
-34 90
+3 68
cfi=(56)
cfn=(2358) runtime.(*gcControllerState).assignWaitingGCWorker
calls=17 764 
* 2473
* 17
+1 17
+12 32
+1 16
fi=(62)
272 16
fe=(12)
7216 32
cfi=(95)
cfn=(844)
calls=16 96 
* 462
* 16
+1 32
+1 26
6237 1
8012 1
6246 1
-9 1
-19 1

fn=(602)
6274 665
+14 133
-12 133
cfn=(604)
calls=133 +20 
* 3059
+7 719
cfi=(2)
cfn=(2338)
calls=27 1889 
* 567
* 81
+4 54
cfi=(45)
cfn=(606)
calls=27 350 
* 378
-4 106
+4 212
cfi=(45)
cfn=(606)
calls=106 350 
* 90182
+1 399

fn=(630)
5295 70
+1 14
+2 126
cfi=(2)
cfn=(134)
calls=14 520 
* 39367
* 28
+10 42
cfi=(222)
cfn=(3968) testing.(*B).doBench
calls=1 297 
* 40211

fn=(746)
3331 395
+3 158
-2 158
+2 158
+8 315
cfi=(2)
cfn=(2338)
calls=39 1889 
* 819
* 117
+1 117
-1 40
+1 198
cfi=(2)
cfn=(2338)
calls=39 1889 
* 819
* 117
+1 39
+1 117
cfn=(660)
calls=39 1277 
* 1705
-2 40
+1 40
+1 120
cfn=(660)
calls=40 1277 
* 1825
+1 158
+1 79
+1 237
-14 158
+15 79
+23 26
-23 26
+1 159
+3 158
+18 79
+1 158
fi=(13)
152 79
+37 237
fe=(12)
3376 79
fi=(13)
251 79
fe=(12)
3377 79
+5 237
cfi=(2)
cfn=(750)
calls=79 436 
* 281738957

fn=(820)
362 5
+1 2
cfn=(630)
calls=1 5295 
* 9925
+1 4

fn=(920)
7662 2800
+1 2800
+1 2
+1 1
+1 1
+1 3
+1 2
-4 560
+1 560
+1 560
+1 1680
+1 1120
-5 553
+6 553
+2 540
+1 10
+1 12
-2 4
+3 12
1208 4
fi=(40)
194 4
fe=(12)
7674 12
+21 8
cfi=(3)
cfn=(908)
calls=4 120 
* 72
* 8
fi=(62)
252 4
fe=(12)
7719 4
fi=(62)
252 4
fe=(12)
7719 4
-56 8
fi=(62)
252 20
fe=(12)
7705 4
-42 1
fi=(62)
252 5
fe=(12)
7705 5
+9 16
+1 8
-1 8
+5 8
-1 24
+1 24
-2 40
+4 8
-58 8
+58 40
-13 12
+1 16
+3 2192
+10 32

fn=(2274)
1401 285
fi=(62)
-43 342
fe=(12)
+44 57
+3 57
-15 57
+1 114
cfn=(660)
calls=57 1277 
* 2849
+15 171

fn=(2528) runtime.pollWork
3804 965
7759 193
3805 193
+3 386
7452 193
+1 193
+1 193
+1 193
+1 579
+1 579
3809 193
fi=(40)
194 191
fi=(91)
+38 191
fe=(12)
3812 191
fi=(40)
194 98
fi=(91)
678 196
fe=(12)
3812 573
+7 764
-9 8

fn=(2668) runtime.gcMarkDone.forEachP.func5
2112 32
+1 12
+12 8
cfn=(2274)
calls=4 1401 
* 264
+1 8
cfn=(2670)
calls=4 +14 
* 12680
+1 16
cfn=(660)
calls=4 1277 
* 140
+1 12

fn=(2720) runtime.readyWithTime.goready.func1
482 42
+1 18
cfn=(944)
calls=6 1120 
* 1018
+1 18

fn=(3074)
4627 5439
+18 5439
-17 3626
+4 1813
+6 1813
+1 1813
+3 7252
+2 3626
+1 5439
+4 3626
fi=(62)
275 1813
fe=(12)
4652 1813
cfn=(3076)
calls=1813 -73 
* 32634
+1 5439
+1 3626
+1 3626
+3 7252
+6 12691
fi=(13)
152 1813
+37 5439
fe=(12)
4670 5439
fi=(13)
251 1813
fe=(12)
4671 1813
fi=(40)
124 1813
+44 1813
fe=(12)
4682 1813
+15 3626
-69 1813
fi=(40)
236 9065
fe=(12)
4697 1813
fi=(13)
251 1813
fe=(12)
4697 1813
+7 1813
fi=(40)
124 1813
+44 1813
fe=(12)
4710 1813
+5 3626
+1 5439

fn=(3156)
4002 52
fi=(40)
74 13
fe=(12)
4003 26
+5 12
fi=(40)
74 24
fe=(12)
4009 48
+7 1
cfn=(826)
calls=1 3212 
* 92
+3 26
cfi=(86)
cfn=(3139) runtime.(*timer).maybeAdd'2
calls=1 757 
* 26971

fl=(197)
fn=(1658) regexp/syntax.nextRune
2204 145
fi=(198)
223 261
fe=(197)
2205 29
+1 58
+3 435

fn=(1690)
2175 77094
+1 38547
+1 38547
+2 77094
-3 38547
+2 38547
+1 462564

fn=(1714) regexp/syntax.(*parser).op
394 30
143 12
-1 6
395 6
143 12
+4 18
cfi=(30)
cfn=(190)
calls=6 2156 
* 1503
+1 12
+2 6
396 12
150 12
396 12
+1 12
cfn=(1696) regexp/syntax.(*parser).push
calls=6 293 
* 1889
* 18

fn=(1718) regexp/syntax.(*parser).collapse
549 70
+1 36
142 4
553 4
143 8
+4 8
cfi=(30)
cfn=(190)
calls=4 2156 
* 983
+1 8
555 8
150 8
564 4
150 4
554 20
150 4
554 12
+1 4
-4 24
+4 86
+1 26
+4 126
cfi=(60)
cfn=(378)
calls=8 178 
* 2706
* 40
-5 8
+1 8
-1 8
+5 24
+4 8
-9 8
+5 78
+3 8
+8 16

fn=(1648)
891 28
+14 12
-14 12
+1 36
+13 8
+10 8
cfi=(30)
cfn=(190)
calls=4 2156 
* 2238
+5 8
+1 24
-6 4
+6 4
-16 24
+18 97
1094 62
923 62
+44 31
-44 163
+3 62
+40 40
-40 9
+7 9
+26 8
+1 9
+1 6
cfn=(1714)
calls=3 394 
* 1839
* 12
+4 24
+2 3
1082 18
965 3
-39 1
+7 1
+1 8
+7 1
+1 2
cfn=(1714)
calls=1 394 
* 399
* 3
+1 8
1082 3
943 1
+4 14
+30 8
-29 1
cfn=(1766) regexp/syntax.(*parser).parseRightParen
calls=1 1411 
* 1644
* 4
+3 8
+16 1
1082 3
951 1
-25 22
+86 40
-35 18
-4 18
-47 3
+86 3
+1 5
+1 3
+13 1
-12 2
+8 4
-9 1
+13 1
142 1
1050 1
143 2
+4 2
cfi=(30)
cfn=(190)
calls=1 2156 
* 241
+1 2
1054 2
+40 2
-12 1
150 1
1051 1
150 2
1051 3
+3 7
+14 6
cfn=(1654) regexp/syntax.(*parser).parsePerlClassEscape
calls=1 1585 
* 185
* 2
155 2
1074 1
155 2
+3 6
+1 1
1077 4
cfn=(1762) regexp/syntax.(*parser).parseEscape
calls=1 1445 
* 83
* 6
+3 3
cfn=(1764) regexp/syntax.(*parser).literal
calls=1 368 
* 509
967 1
1082 5
-2 1
974 12
cfn=(1650) regexp/syntax.(*parser).parseClass
calls=6 1827 
* 2684025
* 24
-7 6
1082 18
974 6
+6 16
+1 4
+6 4
+1 8
-1 24
+1 24
cfn=(1712) regexp/syntax.(*parser).repeat
calls=4 404 
* 1520
* 16
-21 4
1082 12
-90 4
-40 26
+1 6
+1 6
cfn=(1714)
calls=2 394 
* 1322
* 2
+4 16
+9 2
1082 6
958 2
+35 22
-49 22
-16 52
cfn=(1658)
calls=13 2204 
* 416
* 78
+3 39
cfn=(1764)
calls=13 368 
* 5043
+36 13
1082 65
931 13
1085 4
cfn=(1716) regexp/syntax.(*parser).concat
calls=4 477 
* 4020
+1 8
cfn=(1720) regexp/syntax.(*parser).swapVerticalBar
calls=4 1375 
* 68
* 8
+4 8
cfn=(1722) regexp/syntax.(*parser).alternate
calls=4 497 
* 744
+2 8
+1 4
-1 4
+4 28
cfn=(1726) regexp/syntax.parse.func1
calls=4 892 
* 120
* 24

fn=(1652) regexp/syntax.(*parser).parseUnicodeClass
1751 105
+1 186
+1 60
-1 18
+9 54
+1 18
cfn=(1658)
calls=9 2204 
* 288
-4 18
+3 27
+2 18
+4 18
-6 9
+12 36
cfi=(162)
cfn=(1512) strings.IndexRune
calls=9 127 
* 439
+1 18
+6 108
+1 18
-1 27
+1 72
+1 9
cfn=(1664) regexp/syntax.checkUTF8
calls=9 2193 
* 297
* 18
+11 9
+2 9
-7 108
+5 36
cfn=(1668) regexp/syntax.unicodeTable
calls=9 -78 
* 3315
* 9
+1 18
+4 27
+3 18
-4 9
+4 18
-4 9
+5 18
+1 45
cfn=(1676) regexp/syntax.appendTable
calls=9 2079 
* 390007
* 9
+19 63

fn=(1656) regexp/syntax.(*parser).parseClassChar
1561 48
+1 12
+6 12
+4 24
cfn=(1658)
calls=6 2204 
* 192
* 18

fn=(1762)
1445 7
+1 10
+1 1
-1 2
+4 2
cfn=(1658)
calls=1 2204 
* 32
* 1
+1 2
+5 1
+89 1
-89 1
+11 1
+6 3
-6 2
-9 2
2213 9
1458 1
+5 5

fn=(1766)
1411 5
+2 1
-1 1
cfn=(1716)
calls=1 477 
* 1271
+1 2
cfn=(1720)
calls=1 -38 
* 24
* 2
+4 2
cfn=(1722)
calls=1 497 
* 194
+2 2
+1 2
-1 1
+5 2
-1 1
+2 1
+1 2
+4 2
+1 2
+4 1
+1 6
+1 1
+1 2
cfn=(1696)
calls=1 293 
* 111
* 1
+2 5

fn=(1682) regexp/syntax.ranges.Len
2183 18

fn=(1722)
497 25
+3 15
+1 48
+3 10
-3 5
-1 5
+5 5
-1 40
+5 10
-5 15
+6 15
cfn=(1724) regexp/syntax.cleanAlt
calls=5 +13 
* 50
-1 10
142 5
519 20
-4 5
+4 20
cfn=(1718)
calls=5 +30 
* 65
* 20
cfn=(1696)
calls=5 293 
* 535
* 15

fn=(1726)
892 44
+1 4
cfi=(201)
cfn=(1728)
calls=4 1069 
* 52
+3 8
+7 12

fn=(1664)
2193 54
+1 9
+5 54
-5 54
fi=(198)
223 36
fe=(197)
2195 9
+1 18
+3 18
+2 45

fn=(1670) regexp/syntax.canonicalName
1675 45
+3 135
+1 9
+2 63
-3 9
+3 9
+3 27
+3 27
-9 18
+15 36
+1 45
+12 18
+1 27

fn=(1694)
2186 37986
+1 18993
+3 75972
-3 18993
+1 18993
+2 151944
-1 18993
+1 170937
+1 37986

fn=(1702) regexp/syntax.(*parser).checkSize
170 205
+1 82
+6 82
+1 4
+2 82
+14 451
+1 123

fn=(1668)
1715 54
+1 9
cfn=(1670)
calls=9 -41 
* 468
* 9
+4 9
+1 9
+6 18
-7 9
+1 9
-5 18
+14 63
cfi=(19)
cfn=(78)
calls=9 101 
* 1269
* 36
+1 45
cfi=(19)
cfn=(78)
calls=9 101 
* 1236
* 54

fn=(1678) regexp/syntax.cleanClass
1923 30
+6 6
-3 18
cfi=(199) /usr/local/go/src/sort/sort.go
cfn=(1680) sort.Sort
calls=6 50 
* 2170089
+2 24
+1 30
+6 13107
+1 21825
+1 4365
-1 4365
+1 26190
+2 294
+1 294
+5 12654
+1 21090
+1 8436
+3 36

fn=(1696)
293 185
+2 74
-1 111
+1 135
+8 18
+1 6
-1 37
+3 74
+1 86
+3 6
-3 37
-1 74
+16 111
cfn=(1698) regexp/syntax.(*parser).maybeConcat
calls=37 +17 
* 2342
+3 351
cfi=(60)
cfn=(378)
calls=11 178 
* 3374
* 55
+1 11
-1 11
+1 11
-1 159
+1 37
cfn=(1700) regexp/syntax.(*parser).checkLimits
calls=37 162 
* 1891
+1 148

fn=(1676)
2079 54
+1 9462
+10 2352
-10 18834
+2 4704
-2 942
+6 471
-3 7524
cfn=(1662) regexp/syntax.appendRange
calls=1881 1978 
* 106760
+1 1881
+6 21555
+2 3582
-2 510
+6 255
-3 4608
cfn=(1662)
calls=1536 1978 
* 85171
+1 1536
+6 27
-4 534
+1 1068
cfn=(1662)
calls=534 1978 
* 27576
-1 1602
-6 1602
+6 2622
-10 966
+1 2898
cfn=(1662)
calls=966 1978 
* 69367
-1 2898
-6 1932
+10 966
-10 966
+6 4782

fn=(1704) regexp/syntax.(*parser).checkHeight
258 205
+1 82
+1 123

fn=(1724)
523 25
+1 5
+1 5
+18 15

fn=(1764)
368 70
143 28
-1 14
369 14
143 28
+1 44
+1 88
+2 9
cfi=(30)
cfn=(190)
calls=3 2156 
* 742
+1 6
374 3
150 3
370 3
150 3
370 6
+1 9
150 11
370 22
+1 33
+3 14
+1 84
+1 42
cfn=(1696)
calls=14 -83 
* 4234
+1 42

fn=(1698)
339 210
+1 126
+1 84
-1 26
+5 26
+1 26
+1 150
+1 56
-7 36
+4 12
+1 12
-6 12
+12 123
cfi=(60)
cfn=(378)
calls=3 178 
* 847
* 45
cfi=(29)
cfn=(120)
calls=3 39 
* 39
* 81
cfi=(29)
cfn=(120)
calls=9 39 
* 117
* 120
+3 36
-10 24
+17 60
155 12
363 12
155 24
+3 72
+1 12
364 48
-22 64

fn=(1700)
162 205
+1 164
+3 41
cfn=(1702)
calls=41 +4 
* 1029
+1 123
cfn=(1704)
calls=41 +91 
* 410
+1 123

fn=(1720)
1375 25
+4 5
-1 15
+1 13
+14 10
+2 1
-1 1
+2 2
+11 20

fn=(1650)
1827 42
+1 72
142 6
1828 12
+1 6
143 12
+4 12
cfi=(30)
cfn=(190)
calls=6 2156 
* 1465
+1 12
1828 6
+6 12
+11 12
150 6
1830 6
150 6
1830 12
+1 30
-3 6
+3 12
+3 24
+7 6
+4 6
-11 6
150 6
1845 30
+2 6
+64 15
-64 75
+22 15
+18 30
+26 30
-66 231
+3 45
+7 60
+12 90
cfn=(1652)
calls=15 1751 
* 395588
+1 30
+3 30
+6 42
cfn=(1654)
calls=6 1585 
* 138
* 18
+8 36
cfn=(1656)
calls=6 1561 
* 306
* 12
+5 24
+11 6
-11 6
+10 36
+1 36
cfn=(1662)
calls=6 +75 
* 168
* 6
-53 12
-3 6
+64 12
-3 42
+3 18
+1 12
cfn=(1678)
calls=6 +11 
* 2282853
+1 24
+3 42
+1 18
cfn=(1696)
calls=6 293 
* 2040
+1 42

fn=(1654)
1585 49
+1 56
+1 48
-1 6
+3 7
cfi=(19)
cfn=(78)
calls=1 101 
* 146
* 1
+1 2
+1 8

fn=(1662)
1978 29538
+6 45918
+1 18588
+1 83484
+1 30096
+1 1104
+3 1104
+1 552
+2 1656
+5 13113
-15 126
+15 252
cfi=(60)
cfn=(378)
calls=63 178 
* 41530
* 21981

fn=(1712)
404 28
+1 4
+1 8
+1 16
+4 12
-5 4
+12 4
+1 8
-1 4
+4 4
+1 8
-17 16
+16 4
-4 8
-12 4
+12 8
142 4
427 8
143 8
+4 8
cfi=(30)
cfn=(190)
calls=4 2156 
* 964
+1 8
430 4
150 4
437 4
-8 4
+8 4
+3 8
-18 4
+10 4
150 4
433 4
-5 4
150 4
428 4
+1 4
+1 4
+1 24
+1 4
-10 4
+11 24
150 4
433 4
+1 8
cfn=(1700)
calls=4 162 
* 204
+2 12
+4 28

fn=(1716)
477 25
+5 5
-4 20
cfn=(1698)
calls=5 339 
* 170
+3 20
+1 102
+3 10
-4 5
+5 5
-1 40
+4 10
+4 20
cfn=(1718)
calls=5 +56 
* 4294
* 15
cfn=(1696)
calls=5 293 
* 535
* 15

fl=(126)
fn=(3240)
957 2298
+2 766
+5 2298
cfi=(124)
cfn=(3066)
calls=383 73 
* 103290
* 383
+2 766
+1 766
+2 1915

fn=(3528)
729 1200
+2 400
+5 1200
cfi=(124)
cfn=(3066)
calls=200 73 
* 48044
+2 400
+1 400
+2 1000

fn=(3484)
334 1020
+1 1224
cfi=(124)
cfn=(3066)
calls=204 73 
* 44472
+1 408
+1 408
+2 1020

fn=(1266) syscall.prlimit1
719 5
+1 11
cfi=(124)
cfn=(1268)
calls=1 63 
* 17
* 1
+1 2
+1 2
+2 5

fn=(3190) syscall.fcntl
431 4040
+1 4040
cfi=(124)
cfn=(3066)
calls=808 73 
* 176144
+2 1616
+1 1616
+2 4040

fn=(3906) syscall.Getdents
472 24
+2 8
+5 24
cfi=(124)
cfn=(3066)
calls=4 73 
* 872
* 4
+2 8
+1 8
+2 20

fn=(3060)
659 12
fi=(249)
69 4
-1 6
cfn=(3062)
calls=2 -20 
* 1126
+1 4
+3 8
fe=(126)
662 4
-1 4
+4 14
cfi=(124)
cfn=(3066)
calls=2 73 
* 436
+1 4
+3 14

fn=(3458) syscall.Seek
1276 5
+1 5
cfi=(124)
cfn=(3066)
calls=1 73 
* 218
+2 2
+1 2
+2 5

fn=(3180)
92 1212
fi=(249)
-23 606
-1 606
cfn=(3062)
calls=202 -20 
* 63107
+1 404
+3 808
fe=(126)
+23 404
-1 404
+4 2020
cfi=(124)
cfn=(3184)
calls=202 -3 
* 48530
+2 404
+3 1414

fn=(3846)
160 12
fi=(249)
-91 4
-1 6
cfn=(3062)
calls=2 -20 
* 1085
+1 4
+3 8
fe=(126)
+91 4
-1 4
+4 12
cfi=(124)
cfn=(3066)
calls=2 -93 
* 440
+1 4
fi=(259)
-14 2
+7 2
-4 4
+2 4
+5 6
cfi=(64)
cfn=(2160)
calls=2 400 
* 28
* 2
fe=(126)
+5 4
+2 10

fl=(142)
fn=(3172)
410 1010
+3 808
-2 202
cfi=(245)
cfn=(3174) internal/testlog.Open
calls=202 57 
* 3636
+1 1010
cfi=(138)
cfn=(3176)
calls=202 246 
* 746788
* 202
+1 404
+3 808
+2 1010
cfi=(269)
cfn=(3510)
calls=1 62 
* 13676
cfi=(269)
cfn=(3511)
calls=2 62 
* 60573

fn=(3444) os.(*File).Seek
303 5
fi=(248)
-62 4
fe=(142)
+63 3
fi=(248)
-63 1
fe=(142)
+66 1
cfi=(138)
cfn=(3448)
calls=1 +24 
* 362
+1 4
fi=(110)
58 1
fe=(142)
308 5
+3 2
+3 5

fn=(3862) os.(*File).Fd
722 15
fi=(138)
71 6
+9 9
+4 6
fe=(142)
723 15

fn=(3520)
140 1200
fi=(248)
241 800
fe=(142)
141 600
fi=(248)
241 200
29 400
fe=(142)
144 200
fi=(248)
29 200
cfi=(140)
cfn=(3524)
calls=200 141 
* 94044
* 200
fe=(142)
145 1200
cfn=(3538) os.(*File).wrapErr
calls=200 466 
* 3000
* 1200

fn=(3318)
319 306
+1 204
+1 102
cfn=(3228)
calls=51 211 
* 28489
* 153

fn=(3228)
211 2298
fi=(248)
+30 1532
fe=(142)
-29 1149
fi=(248)
+29 766
46 766
fe=(142)
215 383
fi=(248)
46 383
cfi=(140)
cfn=(3232)
calls=383 360 
* 200189
fe=(142)
216 383
+3 1915
-3 383
+4 766
+3 766
-4 383
fi=(248)
46 766
fi=(138)
235 2681
fe=(142)
-9 383
-1 766
+4 1915

fn=(3538)
466 1600
+1 400
+1 1000

fl=(149)
fn=(3636) reflect.cvtDirect
3656 1800
+4 400
-2 600
cfi=(150)
cfn=(3628)
calls=200 356 
* 400
+2 800
+7 200
-7 200
91 200
3667 800
91 600

fn=(3638) reflect.valueInterface
1493 1600
+1 600
+3 600
+6 600
87 400
1507 600
126 200
cfn=(3640) reflect.packEfaceData
calls=200 +6 
* 3600
-1 400
+1 200
-2 200
1512 1000

fn=(3640)
132 1400
fi=(48)
+75 400
fe=(149)
-72 200
+1 400
+5 400
+5 800

fn=(3630) reflect.convertOp
3369 1000
+22 400
fi=(48)
196 200
fe=(149)
3370 200
+21 200
-21 200
+67 200
-20 400
-10 400
fi=(48)
196 200
fe=(149)
3408 1000
+36 400
cfi=(150)
cfn=(3634)
calls=200 1637 
* 2400
* 400
+1 800

fn=(3626) reflect.Value.Convert
3221 1400
+1 800
+3 1200
cfi=(150)
cfn=(3628)
calls=200 356 
* 400
* 400
cfn=(3630)
calls=200 3369 
* 8400
+1 400
+3 1600
cfn=(3636)
calls=200 3656 
* 6000
* 600

fl=(270)
fn=(3516)
19 373200
+3 62200
-2 186600
cfi=(271)
cfn=(3518)
calls=62200 216 
* 4710119
+1 124400
+1 186600

fl=(24)
fn=(982)
1013 47730
+8 15910
-12 15910
fi=(5)
602 7955
fe=(24)
1030 7955
+2 7955
fi=(5)
602 7955
+1 7955
fe=(24)
1033 7955
+5 15910
-29 7955
+30 31820
+25 4838
fi=(5)
609 9676
fe=(24)
1065 4838
fi=(5)
609 4838
+1 17344
+2 4838
fe=(24)
880 4838
1068 4838
+8 19352
-55 14514
-12 4838
+67 4838
-55 9676
+55 33866
902 4838
1076 19352
902 14514
cfn=(106)
calls=4838 696 
* 67732
1077 4838
+2 19352
+1 4838
-9 161376
902 80688
cfn=(106)
calls=20172 696 
* 282408
1071 19352
902 19352
cfn=(106)
calls=4838 696 
* 67732
1082 200080
cfn=(816) runtime.step
calls=25010 1285 
* 1465998
* 50020
+1 25010
+3 100040
fi=(5)
602 4838
fe=(24)
1099 4838
fi=(5)
602 4838
+1 4838
fe=(24)
1100 4838
+1 9676
+1 9676
fi=(25)
228 4838
+7 9676
+1 9676
-8 4838
+7 4838
+1 4838
+1 4838
+56 14514
fe=(24)
1105 4838
-1 4838
fi=(25)
235 4838
fe=(24)
1103 33866
+2 29028
+4 4838
-3 33866
+7 4838
fi=(5)
609 9676
fe=(24)
1114 4838
fi=(5)
609 4838
+1 17344
fe=(24)
1117 19352
-77 270250
+6 377895
+1 228872
+1 6234
+5 3117
fi=(5)
609 6234
fe=(24)
1054 3117
fi=(5)
609 3117
+1 12018
fe=(24)
1055 9351

fn=(460)
544 5
+1 2
cfi=(30)
cfn=(190)
calls=1 2156 
* 3929
* 2
+1 6
+1 2
-1 1
+4 11
cfi=(60)
cfn=(378)
calls=1 178 
* 3883
* 6
+1 1
-1 3
+1 6
+1 3
+1 2
cfi=(49)
cfn=(470) runtime.progToPointerMask
calls=1 1534 
* 17630
* 5
+1 3
+1 2
cfi=(49)
cfn=(470)
calls=1 1534 
* 24487
* 2
+1 3
-1 3
fi=(40)
344 2
fe=(24)
550 1
fi=(56)
989 1
fe=(24)
569 7
+1 2
+1 1
+1 6
+5 1
fi=(63)
43 2
+6 2
fe=(24)
578 3

fn=(2044) runtime.funcline1
1191 10
880 2
1193 10
+3 10
cfn=(982)
calls=2 1013 
* 770
* 2
+1 12
cfn=(982)
calls=2 1013 
* 1268
+1 18
-1 2
+5 4
cfn=(2046) runtime.funcfile
calls=2 -33 
* 192
+1 8

fn=(674)
923 11196
+1 5598
-58 22392
+1 27990
+58 11196
727 5598
+7 5598
930 5598
727 11196
+7 11196
935 16794
+6 11196
+1 11196
+2 11196
fi=(42)
25 5598
fe=(24)
945 16794
+3 97120
+4 16794
+1 44784

fn=(816)
1285 99174
+3 99174
+1 66116
-1 2740
+1 2740
+1 2454
+3 65298
+1 32658
+18 32649
-16 130578
+1 43526
-1 65316
+1 250315
+2 97947
+2 65298
+1 13686
+10 32649
-8 65298
+1 32649
-1 228543
+2 97947
+13 4562
-15 9124
+9 27372
+2 18248
-18 9124
+18 18248
-1 9124
+1 9124
+1 18248
-12 13686
-2 4562
+17 10886
-22 10886
+16 65316
+2 43544
-27 21772
+27 43544
-1 21772
+1 21772
+1 43544
-19 10886
-1 32658
-2 10886

fn=(2034) runtime.(*Func).Entry
823 10
+66 4
-64 2
360 2
+2 6
+1 8
+4 12
902 4
cfn=(106)
calls=2 696 
* 28
-73 8

fn=(2046)
1169 10
880 2
1171 2
+4 18
+1 12
fi=(16)
544 2
cfn=(64)
calls=2 -57 
* 136
fe=(24)
1176 10

fn=(106)
696 127941
+1 42647
+1 42647
+1 42647
-1 85294
+1 85294
+18 170588

fn=(2032) runtime.(*Frames).Next
95 12
+1 2
-1 14
+1 26
+4 12
+4 8
-4 4
+7 26
+2 8
cfn=(674)
calls=2 923 
* 120
880 2
110 2
-1 4
+11 4
cfn=(2034)
calls=2 823 
* 84
* 2
+10 6
+5 12
cfi=(99)
cfn=(994)
calls=2 -68 
* 128
* 6
fi=(99)
-18 2
fe=(24)
+13 2
880 2
+87 2
+3 6
fi=(99)
117 4
+1 2
fe=(24)
+18 2
+1 2
+31 2
-31 2
+31 4
981 4
+3 6
cfn=(822)
calls=2 758 
* 162
170 2
-2 2
+2 4
fi=(82)
760 4
cfn=(2036)
calls=2 -18 
* 107
+1 16
cfi=(16)
cfn=(2040)
calls=2 69 
* 218
fe=(24)
171 14
-5 4
+1 4
+1 4
+1 4
+1 4
+1 8
-6 52
+14 4
+2 4
+1 24
+1 16
+10 2
-1 4
880 2
193 2
-1 2
+5 10
cfn=(2044)
calls=2 1191 
* 2308
+1 8
-6 6
+8 6

fn=(104)
624 6
+2 1
+1 9
+1 4
-1 1
+8 4
+1 26859
+2 40284
+18 2
-21 2
+21 2
cfn=(106)
calls=1 +40 
* 14
+1 5
-1 1
+1 5
cfn=(106)
calls=1 +39 
* 14
* 1
+1 3
+1 2
+6 6
+5 7
+6 3

fn=(822)
758 80
+1 32
+3 112
fi=(16)
544 16
cfn=(64)
calls=16 -57 
* 1018
fe=(24)
762 80

fn=(1152)
1240 18835
+1 7534
+1 1860
-5 6604
+7 6604
cfn=(982)
calls=3302 1013 
* 1487156
+1 9906

fn=(814)
1220 2045
+2 5726
902 409
1222 1636
902 1227
cfn=(106)
calls=409 696 
* 5726
1223 409
+1 2045
+2 409
+6 91668
902 30556
cfn=(106)
calls=7639 696 
* 106946
1232 1636
902 1636
cfn=(106)
calls=409 696 
* 5726
1228 64384
cfn=(816)
calls=8048 +57 
* 539645
* 8048
+1 8048
+1 1636

fn=(998)
1248 1615
+1 646
-12 646
+15 323
cfn=(982)
calls=323 1013 
* 321625
+1 969

fl=(49)
fn=(3762) runtime.(*mspan).typePointersOfType
179 2364
+5 788
fi=(31)
600 788
fe=(49)
184 788
fi=(57)
-96 2364
+4 1576
fe=(49)
+96 788
1516 788
189 5516

fn=(1378)
1361 46716
fi=(31)
616 46716
+86 31144
+3 31144
+9 15572
+4 31144
+1 31144
+3 4844
fe=(49)
1366 1211
-4 15572
+3 31144
fi=(31)
419 1211
fi=(40)
124 1211
fe=(49)
1378 2422
fi=(31)
519 1147
fe=(49)
1378 4588
+2 128
+1 384
+11 1147
1226 1147
-13 3441
1392 2294
-1 1147
+2 4588
-27 43083
+6 86166

fn=(470)
1534 10
+2 2
-1 8
+1 12
cfi=(30)
cfn=(132)
calls=2 2329 
* 486
* 10
+1 4
+1 6
cfn=(472) runtime.runGCProg
calls=2 +25 
* 41561
+1 12
+3 6

fn=(472)
1563 4
+12 8
1747 556
1575 139
+1 160
+1 160
-2 160
+3 160
1054 160
1575 602
+7 141
+1 141
+1 282
1054 141
1585 282
+2 176
+4 172
+1 86
+16 106
+12 106
+2 53
-1 7
1747 7
1622 7
+2 14
-49 7
+49 14
1054 7
1623 7
+1 28
+1 21
-3 53
+2 106
-49 53
+49 106
1054 53
1623 53
+1 212
+1 159
+4 53
+11 106
+6 53
1067 53
1575 106
+72 53
1747 4
+1 6
-1 2
+1 2
+1 2
1648 18
+1 36
+1 18
+1 18
1067 18
1647 142
+11 53
+1 37
-84 37
+84 185
+1 37
+38 16
-34 122
+7 59
+4 8
+5 114
-16 76
+16 38
+18 648
+1 286
-1 1250
+1 858
+1 286
-1 1144
+2 286
+1 2177
+1 2177
+1 2177
+1 2177
1054 2177
1701 5212
+9 106
+1 135
+2 45
-2 225
+1 270
+1 45
+2 8
1575 24
1715 8
1575 135
1715 45
-32 197
-19 197
+19 985
+1 197
+4 197
-6 508
+6 76
1575 38
1688 38
-6 38
+6 114
+1 266
+9 76
-7 38
+59 2
+1 2
-2 2
+3 2
1054 2
1749 8
+5 4
1593 561
-18 561
+18 1683
+1 561
+1 561
+1 561
+1 561
-5 561
1054 1122
1747 1122
1592 1294
+7 258
+1 82
-25 82
+25 246
+1 82
+1 82
1054 82
1602 82
1747 8
1575 8
+29 4
1747 82
1575 164
+29 82

fn=(3770)
474 261
+1 435
+3 174
+3 261
fi=(31)
616 261
+86 87
+3 174
+9 87
+4 174
+1 174
+3 348
fe=(49)
492 174
-10 87
-7 261
fi=(62)
272 174
fe=(49)
491 174
+1 348
cfn=(3762)
calls=87 179 
* 1740
* 87
fi=(76)
135 1892
+1 1892
fe=(49)
503 1892
-5 3784
cfn=(2546) runtime.typePointers.next
calls=946 243 
* 34047
* 348
cfn=(2546)
calls=87 243 
* 1305
* 3099
+3 3784
fi=(76)
132 2838
fe=(49)
502 946
fi=(76)
132 1892
fe=(49)
498 9
+3 3
-3 3
fi=(76)
133 3
cfn=(2640) runtime.wbBufFlush
calls=3 +33 
* 99246
* 6
fe=(49)
498 9
+3 3
+2 3
fi=(76)
135 3
-2 3
fe=(49)
505 261

fn=(204) runtime.(*mspan).nextFreeIndex
1113 9990
+1 1998
+1 1998
+1 5342
+3 1346
-3 1346
-1 1346
+8 1346
+2 4038
+1 1346
-9 2608
+11 14
+5 28
+2 28
cfn=(352)
calls=14 -39 
* 98
+1 28
+1 42
-8 14
-3 2748
+2 28
+1 28
+12 1346
+1 2692
+5 4032
+1 2688
-1 5376
+3 4052
-9 682
+7 682
+8 1364
+1 1364
cfn=(352)
calls=682 -61 
* 4774
+2 1364
+1 682
-1 682
+1 2728
-1 662
+1 2648
-17 2
+1 8

fn=(2540) runtime.(*mspan).typePointersOfUnchecked
135 702
+7 234
fi=(31)
600 234
fe=(49)
143 234
+3 468
fi=(31)
595 119
fe=(49)
153 238
+2 238
+1 238
fi=(57)
-68 357
+4 119
fe=(49)
+74 119
1516 119
167 595
-24 115
+5 115
cfn=(2542) runtime.(*mspan).heapBitsSmallForAddr
calls=115 586 
* 4433
* 805

fn=(2546)
243 20844
+1 23742
+1 15828
+5 7450
+5 18050
+1 5758
+7 2879
-6 2879
+6 8682
fi=(57)
88 8109
+4 2703
fe=(49)
268 10812
+1 2703
1516 2703
269 5406
+1 3712
-7 928
+8 19326
-2 1775
-5 7256
-13 920
-31 4189
+6 4189
+6 4189
+14 12567

fn=(3758)
388 2103
+1 3505
+3 1402
fi=(31)
616 2103
+86 1402
+3 1402
+9 701
+4 2103
+1 1402
+3 2804
fe=(49)
395 701
+1 1402
fi=(31)
+23 701
fi=(40)
124 701
fe=(49)
412 1402
fi=(31)
519 701
fe=(49)
412 2103
-23 2103
+32 1402
fi=(62)
272 701
fe=(49)
421 701
+9 1402
+1 2804
cfn=(3762)
calls=701 179 
* 14020
* 701
+4 2794
fi=(76)
146 2786
+1 2786
fe=(49)
454 2786
+1 2786
-7 5572
cfn=(2546)
calls=1393 243 
* 31260
* 2764
cfn=(2546)
calls=691 243 
* 10365
* 6252
+4 6965
fi=(76)
143 4179
fe=(49)
453 1393
fi=(76)
143 2786
fe=(49)
448 20
+3 5
+1 5
fi=(76)
144 5
cfn=(2640)
calls=5 +22 
* 168962
* 10
fe=(49)
448 15
+6 5
-2 5
+3 5
fi=(76)
146 5
-2 5
fe=(49)
458 2103
fi=(76)
135 40
+1 40
fe=(49)
443 40
-5 100
cfn=(2546)
calls=20 243 
* 450
* 50
cfn=(2546)
calls=10 243 
* 150
* 60
fi=(76)
132 60
fe=(49)
442 40
fi=(76)
132 40
fe=(49)

fn=(2542)
586 345
fi=(31)
-67 115
fe=(49)
+52 230
+1 115
fi=(55)
259 115
fe=(49)
572 115
fi=(55)
259 115
fe=(49)
573 115
+1 24
+23 72
+1 72
+1 24
+5 24
1032 24
600 24
+1 24
1032 48
604 48
-7 273
+1 273
+1 91
+5 91
1032 91
600 91
+1 91
1032 182
604 182
+2 6
+1 6
+1 6
-10 3
+11 48
+3 1120
+2 230

fn=(342) runtime.(*mspan).initHeapBits
508 3340
+1 2004
fi=(31)
+91 668
fe=(49)
-91 668
fi=(31)
+86 432
fe=(49)
-86 432
+1 3
cfn=(346) runtime.(*mspan).heapBits
calls=3 +41 
* 42
* 3
+1 3
fi=(31)
+89 213
fe=(49)
-86 1729
+1 120
cfn=(346)
calls=120 +36 
* 1680
+1 600
cfi=(54)
cfn=(304)
calls=120 18 
* 3360
+2 240
fi=(55)
259 240
fe=(49)
518 668
fi=(55)
259 1096
fe=(49)
518 548
fi=(55)
190 228
fi=(31)
519 228
fi=(55)
181 228
fe=(49)
519 228
fi=(55)
225 456
-35 912
cfn=(350) runtime.(*spanInlineMarkBits).init
calls=228 -77 
* 3628
fe=(49)
521 2004
-9 48
-1 150
+7 3
-7 3

fn=(346)
551 369
+2 123
fi=(31)
-34 123
fe=(49)
+53 123
+2 123
fi=(55)
259 246
fe=(49)
562 123
-9 369
+20 123

fn=(352)
1096 2168
fi=(31)
2869 2168
fe=(49)
1096 2168
+2 2168
+8 4336
+1 2168

fn=(360) runtime.(*mspan).writeHeapBitsSmall
624 26325
fi=(57)
88 26325
+4 8775
fe=(49)
626 8775
1516 8775
631 8775
-2 8775
+2 17550
1516 8744
631 8744
1516 8744
640 8744
-8 217
fi=(31)
519 62
fi=(55)
259 31
fe=(49)
653 62
-81 31
fi=(55)
259 31
fe=(49)
573 31
fi=(31)
-54 17488
fi=(55)
259 8744
fe=(49)
653 17488
-81 8744
fi=(55)
259 8744
fe=(49)
573 8744
+1 8775
+81 26325
+2 17550
+1 8775
+1 8775
-3 8775
+3 17550
+2 1020
+1 1020
+3 1530
+1 2040
-1 1530
+1 510
fi=(42)
25 1530
fe=(49)
663 510
+1 510
+1 3060
+1 4590
+4 16530
-12 8265
+12 16530
fi=(42)
25 8265
fe=(49)
669 8265
+1 74385
+13 35100
-42 15420
fi=(57)
88 7710
fe=(49)
641 23130
-1 7710
+2 7710
-1 30840
-1 57072

fl=(125)
fn=(1264)
30 5
+1 2
cfi=(30)
cfn=(190)
calls=1 2156 
* 167
* 1
fi=(124)
1295 5
cfi=(126)
cfn=(1266)
calls=1 719 
* 43
fe=(125)
32 9
+15 3

fl=(17)
fn=(66)
18 448
+1 448
+1 448
+1 448
+1 448
cfn=(68) indexbytebody
calls=448 +10 
* 13540

fn=(68)
32 542
+1 542
+1 542
+1 542
+2 542
+1 542
+2 468
+2 468
+1 468
+2 47
+1 47
+5 79
+2 79
+2 79
+2 79
+1 79
+2 51
+2 51
+1 51
-1 47
+1 47
+4 19
+1 19
+1 19
+1 19
+1 19
+1 19
+3 87
+1 87
+7 28
+1 28
+1 28
+1 28
+4 74
+1 74
+3 72
+1 72
+1 72
+2 71
+1 71
+1 71
+1 71
+1 71
+1 13
+1 13
+1 6
+1 6
+3 1
+1 1
+1 1
+1 1
+1 1
+1 1
+1 1
+1 1
+6 440
+1 440
+2 421
+1 421
+1 421
+2 842
+2 421
+1 421
+1 421
+1 421
-3 175
+1 175
+1 175
+1 175
+1 378
+1 378
+1 378
+1 203
+1 203
+1 203
+1 203
+1 203
+1 202
+1 202
+1 202
+3 219
+1 219
+1 219
+1 219
+1 219
+1 219
+1 219

fn=(546)
11 94
+1 94
+1 94
+1 94
+1 94
cfn=(68)
calls=94 +17 
* 2674

fl=(177)
fn=(1568)
37 5
+2 6
cfi=(165)
cfn=(1518)
calls=1 -10 
* 1879
+5 3

fl=(230)
fn=(2084)
47 48
+1 18
+6 6
+1 12
+4 6
cfi=(12)
cfn=(2086)
calls=6 7924 
* 36
+1 24
cfi=(63)
cfn=(2088) sync/atomic.CompareAndSwapPointer
calls=6 +56 
* 102
* 18
+5 24
cfi=(63)
cfn=(1166)
calls=6 +20 
* 72
+1 18
cfi=(63)
cfn=(1166)
calls=6 +19 
* 72
+1 6
cfi=(12)
cfn=(2092)
calls=6 7930 
* 30
+1 18

fl=(287)
fn=(3898) os.init.func1
33 5
+2 2
cfi=(30)
cfn=(190)
calls=1 2156 
* 772
* 5
cfi=(60)
cfn=(448)
calls=1 +67 
* 2389
* 6
+1 4

fn=(3894) os.(*File).readdir
47 14
+3 6
-3 16
+3 2
+1 2
fi=(110)
+7 2
fe=(287)
-6 4
+3 4
cfi=(30)
cfn=(190)
calls=2 2156 
* 1042
* 2
+1 6
fi=(110)
+12 4
fe=(287)
-13 2
fi=(110)
+13 6
cfi=(63)
cfn=(2088)
calls=2 +48 
* 34
* 2
fe=(287)
-12 2
+30 2
+52 2
-61 2
-15 4
fi=(297)
-16 2
fe=(287)
+4 2
fi=(296)
+13 12
fe=(287)
* 12
+1 4
+1 4
cfi=(105)
cfn=(1994)
calls=2 +66 
* 4845
* 18
+73 2
-52 2
-9 4
+4 6
-4 2
+61 6
-52 6
-3 6
-2 36
+2 24
+1 4
+2 28
cfi=(268)
cfn=(3900) internal/poll.(*FD).ReadDirent
calls=4 -34 
* 1396
* 8
+2 8
+3 8
+47 2
-52 2
-5 2
+19 98
+1 6
+72 12
+6 6
+23 6
fi=(28)
11 6
fe=(287)
+91 18
+4 12
+1 6
fi=(288) /usr/local/go/src/os/dirent_linux.go
-94 6
fe=(287)
173 12
-65 6
-8 24
fi=(288)
-83 6
fe=(287)
120 24
cfi=(288)
cfn=(3912) os.direntNamlen
calls=6 20 
* 66
* 6
+1 30
+3 72
+1 144
+1 31
+6 34
-49 4
+50 4
-52 4
+54 2
+3 12
-3 2
+4 4
cfi=(16)
cfn=(1898)
calls=2 * 
* 323
* 26
cfi=(60)
cfn=(378)
calls=2 +39 
* 1204
* 26
-56 2
-2 2
+12 8
cfi=(105)
cfn=(2020)
calls=2 +6 
* 116
+1 4
-13 4
+13 6
+1 2
+70 12
+3 10
cfn=(3916) os.(*File).readdir.deferwrap1
calls=2 63 
* 30
* 24

fn=(3916)
63 12
fi=(297)
+2 2
fi=(296)
194 8
+1 2
fe=(287)
63 6

fl=(80)
fn=(648)
119 195
+1 39
+4 39
fi=(33)
-11 156
fe=(80)
+11 78
+6 117
-6 39
+6 156
+15 6
cfi=(33)
cfn=(500)
calls=3 654 
* 84063
+1 6
fi=(33)
-33 4
+21 4
fe=(80)
+18 2
+1 2
fi=(33)
357 16
fe=(80)
156 2
+1 4
fi=(33)
-33 4
fi=(53)
21 4
fe=(80)
155 2
+1 2
fi=(33)
-43 2
357 2
fi=(42)
+25 2
fi=(53)
-11 2
21 2
fe=(80)
157 2
-8 3
+1 6
fi=(33)
-16 72
fe=(80)
-2 36
fi=(33)
357 72
113 36
357 216
fe=(80)
133 72
fi=(33)
-9 72
fe=(80)
+9 72
cfi=(53)
cfn=(312)
calls=36 +99 
* 1028
fi=(33)
357 108
fe=(80)
134 72
fi=(53)
21 72
371 72
21 72
fe=(80)
140 72
fi=(33)
-22 108
fi=(42)
382 36
fe=(80)
138 72
fi=(53)
21 72
fe=(80)
138 72
+1 36
fi=(53)
21 36
fe=(80)
168 36
-5 180
+2 72
fi=(33)
-41 72
fi=(53)
-23 36
-38 36
fe=(80)
164 36
fi=(53)
377 36
63 36
+38 36
fe=(80)
+67 180
cfi=(33)
cfn=(290)
calls=36 492 
* 31965
-5 8
+2 4
fi=(33)
-41 4
fi=(53)
-23 2
-38 2
fe=(80)
164 2
fi=(53)
377 2
63 2
+38 2
fe=(80)
+67 10
cfi=(33)
cfn=(290)
calls=2 492 
* 462
* 76
+3 380
cfi=(44)
cfn=(306)
calls=38 1132 
* 2800
+10 152
+1 190

fn=(2840) runtime.(*pageCache).flush
78 70
+1 14
-53 14
+55 26
+3 6
fi=(33)
+29 18
+11 6
fe=(80)
-39 6
fi=(33)
+28 18
+11 18
fe=(80)
-35 6
-7 24
+7 1548
+1 1536
fi=(33)
+44 500
357 500
fe=(80)
91 250
fi=(33)
357 1000
fi=(53)
68 500
fe=(80)
+23 250
fi=(53)
354 500
68 500
fe=(80)
+26 250
fi=(53)
-26 750
fe=(80)
+26 1000
cfi=(44)
cfn=(2796)
calls=250 1147 
* 25254
+2 500
+1 250
fi=(33)
357 250
113 250
fe=(80)
-19 250
fi=(33)
+40 250
fe=(80)
-38 1536
fi=(33)
+38 496
357 496
fe=(80)
97 248
fi=(33)
357 992
fe=(80)
97 1488
cfi=(53)
cfn=(288)
calls=248 -67 
* 3720
-7 248
-1 248
+2 248
+12 248
fi=(33)
+10 248
fe=(80)
-19 248
fi=(33)
+40 248
fe=(80)
-37 248
+6 12
fi=(34)
+45 18
fe=(80)
-45 6
+1 1
+2 7
cfi=(33)
cfn=(290)
calls=1 492 
* 778
* 35
cfi=(33)
cfn=(290)
calls=5 492 
* 2960
+1 18
+1 18

fn=(656) runtime.(*pageCache).allocN
57 1180
+1 236
fi=(53)
388 708
+2 236
+11 207
+3 207
-14 1093
+1 886
+6 916
+1 480
fe=(80)
58 22
fi=(53)
393 856
+16 642
fe=(80)
59 472
+3 558
+1 186
-1 1116
+1 1302
+1 372
+1 186
+1 1488
-6 250

fn=(654)
37 3300
+1 1980
+3 1318
+2 423
-1 423
+1 846
+1 846
+1 1269
+1 2961
+2 236
cfn=(656)
calls=236 +9 
* 13599
* 708
-9 5

fl=(179)
fn=(1566)
14 5
+4 4
cfi=(161)
cfn=(1502)
calls=1 +19 
* 205
+25 3

fl=(161)
fn=(1502)
37 35
+1 21
fi=(162)
+30 21
cfn=(1504) strings.IndexAny
calls=7 201 
* 2700
* 7
fe=(161)
-30 7
+3 14
+1 21

fl=(26)
fn=(3038)
85 5
+1 3
+1 3
+14 5
cfi=(27)
cfn=(114)
calls=1 -46 
* 888
+1 3
+2 2
+3 3

fn=(112)
64 5
+7 1
fi=(28)
-20 4
fe=(26)
+25 1
-11 1
+1 1
+1 1
+1 1
+1 1
+6 4
+1 4
cfi=(27)
cfn=(114)
calls=1 -21 
* 888
+1 2
+1 2
-7 3

fn=(422)
113 40
+2 8
-1 32
+1 8
+4 32
-4 144
+1 32
-61 32
+1 96
+3 64
+1 96
-4 32
+62 64
-43 8
+1 8
+49 8
-50 32
+1 32
cfi=(27)
cfn=(114)
calls=8 -21 
* 7104
+1 16
+1 16
+48 24

fl=(30)
fn=(1278) runtime.newarray
2199 135
+1 54
+3 17
-3 17
+3 34
+1 102
+3 68
cfn=(193)
calls=5 1067 
* 7412
cfn=(192)
calls=12 1067 
* 8321
* 51
-6 50
cfn=(193)
calls=2 1067 
* 1514
cfn=(192)
calls=8 1067 
* 4250
* 30

fn=(462) runtime.mallocgcTiny
1202 271380
fi=(5)
601 54276
fe=(30)
1204 54276
fi=(5)
602 54276
+1 54276
fe=(30)
1216 54276
fi=(45)
141 54276
+2 108552
+7 108520
-2 16
fe=(30)
1248 16
+2 32
-2 54260
+2 108520
fi=(42)
375 64882
fe=(30)
1251 32441
+9 43670
fi=(42)
375 42012
fe=(30)
1261 21006
+1 1658
fi=(42)
375 14
fe=(30)
1263 14
fi=(42)
375 14
fe=(30)
1265 248439
+2 28524
+1 28524
+1 28524
+1 28524
fi=(5)
609 57048
fe=(30)
1271 28524
fi=(5)
609 28524
+1 114090
fe=(30)
1272 114096
+4 25752
970 103008
+1 51504
+1 51478
+1 77217
+1 51372
+1 52341
1277 323
978 50726
+3 25363
-3 101452
+1 25363
+1 76089
+1 76089
1277 25429
fi=(5)
603 66
fe=(30)
1247 66
+31 132
fi=(5)
603 25686
fe=(30)
1247 25686
+31 102098
fi=(45)
143 389
fe=(30)
1279 1556
cfn=(203) runtime.(*mcache).nextFree'2
calls=2 996 
* 328
cfn=(202)
calls=387 996 
* 667129
+50 388
-43 388
-5 776
+5 388
-5 1164
+1 388
+4 776
-5 76089
+1 25363
+4 50794
+2 25729
+1 25729
+9 25729
cfi=(2)
cfn=(338)
calls=25729 878 
* 25729
* 22
cfi=(2)
cfn=(338)
calls=22 878 
* 22
+2 51502
+15 97928
-10 6345
cfi=(236)
cfn=(2380) runtime.gcmarknewobject
calls=1269 1748 
* 115483
+22 6345
+1 2538
-1 97928
+1 126217
+3 51502
fi=(5)
609 51502
fe=(30)
1332 25751
fi=(5)
609 25751
+1 128752
fe=(30)
1281 51502
+53 25751
+1 260
cfi=(58)
cfn=(374)
calls=65 706 
* 8730
* 195
+20 390
cfn=(193)
calls=2 1141 
* 23012
* 128430

fn=(463) runtime.mallocgcTiny'2
1202 1370
fi=(5)
601 274
fe=(30)
1204 274
fi=(5)
602 274
+1 274
fe=(30)
1216 274
fi=(45)
141 274
+2 548
+7 548
fe=(30)
1248 274
+2 548
fi=(42)
375 326
fe=(30)
1251 163
+9 222
fi=(42)
375 212
fe=(30)
1261 106
+1 10
+3 1257
+2 145
+1 145
+1 145
+1 145
fi=(5)
609 290
fe=(30)
1271 145
fi=(5)
609 145
+1 580
fe=(30)
1272 580
+4 129
970 516
+1 258
+1 258
+1 387
+1 258
+1 264
1277 2
978 254
+3 127
-3 508
+1 127
+1 381
+1 381
1277 127
fi=(5)
603 129
fe=(30)
1247 129
+31 512
fi=(45)
143 2
fe=(30)
1279 8
cfn=(203)
calls=2 996 
* 194
+50 3
-43 3
-5 6
+5 3
-5 9
+1 3
+4 6
-5 381
+1 127
+4 256
+2 130
+1 130
+9 130
cfi=(2)
cfn=(338)
calls=130 878 
* 130
+2 260
+15 516
-10 5
cfi=(236)
cfn=(2380)
calls=1 1748 
* 91
+22 5
+1 2
-1 516
+1 648
+3 260
fi=(5)
609 260
fe=(30)
1332 130
fi=(5)
609 130
+1 650
fe=(30)
1281 260
+53 130
+1 4
cfi=(58)
cfn=(374)
calls=1 706 
* 144
* 3
+20 6
cfn=(193)
calls=1 1141 
* 524097
* 645

fn=(2198) runtime.mallocgcLarge
1687 1005
fi=(5)
601 201
fe=(30)
1689 201
fi=(5)
602 201
+1 201
fe=(30)
1698 201
fi=(45)
141 201
+2 402
+7 402
-7 402
fi=(5)
603 201
fe=(30)
1703 402
fi=(48)
203 201
fe=(30)
1703 402
-3 201
+3 804
cfi=(45)
cfn=(2204)
calls=201 242 
* 764398
+1 201
+1 201
+1 422
cfi=(2)
cfn=(2386)
calls=10 1886 
* 210
* 10
-3 10
+3 10
fi=(31)
519 10
fe=(30)
1707 20
+1 10
+9 20
cfi=(2)
cfn=(338)
calls=10 878 
* 10
-14 191
+3 191
fi=(31)
519 191
fe=(30)
1707 382
+1 191
+9 382
cfi=(2)
cfn=(338)
calls=191 878 
* 191
+2 402
+15 764
-10 50
cfi=(236)
cfn=(2380)
calls=10 +24 
* 740
+37 10
-15 50
+1 20
-1 955
+1 943
+1 42
cfn=(366)
calls=14 2238 
* 304623
+15 14
-2 14
-11 28
fi=(5)
609 28
fe=(30)
1751 14
fi=(5)
609 14
+1 28
fe=(30)
1750 374
fi=(5)
609 374
fe=(30)
1751 187
fi=(5)
609 187
+1 776
fe=(30)
1754 804
cfi=(58)
cfn=(374)
calls=201 706 
* 27694
* 402
+1 4
cfi=(58)
cfn=(2232)
calls=1 733 
* 84880
fi=(45)
143 400
fe=(30)
1761 800
+2 351
cfn=(3818) runtime.memclrNoHeapPointersChunked
calls=117 2134 
* 487071
fi=(49)
795 117
fe=(30)
1763 117
fi=(5)
602 200
fe=(30)
1774 200
fi=(5)
602 200
+1 400
fe=(30)
1703 400
+72 200
fi=(48)
203 200
fe=(30)
1775 200
+9 200
cfi=(2)
cfn=(338)
calls=200 878 
* 200
fi=(5)
609 600
fe=(30)
1785 200
fi=(5)
609 200
+1 800
fe=(30)
1786 1000
cfn=(192)
calls=1 1189 
* 11635
cfn=(193)
calls=2 1189 
* 56566

fn=(192)
1067 395159
+8 395128
+21 158044
+16 237066
+1 3488
cfn=(2376) runtime.deductAssistCredit
calls=3488 1847 
* 450485220
cfn=(2376)
calls=1 1863 
* 24153476
+21 3487
-59 3487
+60 3487
-1 236866
+1 157648
fi=(48)
203 68261
fe=(30)
1135 68261
-60 8660
+71 8660
fi=(49)
79 8660
fe=(30)
1149 16887
+1 8227
cfn=(198) runtime.mallocgcSmallScanNoHeader
calls=8227 1503 
* 2161652
cfn=(198)
calls=1 1591 
* 402559
* 8227
+2 433
cfn=(386) runtime.mallocgcSmallScanHeader
calls=433 1594 
* 332440
* 433
-12 300714
+1 53462
cfn=(462)
calls=53462 +61 
* 4691374
* 53461
+2 16702
cfn=(450) runtime.mallocgcSmallNoscan
calls=16702 1358 
* 3136109
cfn=(450)
calls=4 1451 
* 503390894
* 16702
+13 197
cfn=(2198)
calls=197 1687 
* 1387840
+33 168496
+1 8924
+1 8924
+5 158038
+3 237057
cfi=(60)
cfn=(448)
calls=2 117 
* 29985
cfi=(16)
cfn=(1898)
calls=2 172 
* 46920
cfn=(190)
calls=7 2157 
* 3385980
1076 36
-9 10
cfi=(2)
cfn=(1128)
calls=2 687 
* 40034

fn=(193)
1067 11100
+8 11100
+21 4440
+16 6660
+1 476
cfn=(2377) runtime.deductAssistCredit'2
calls=2 1847 
* 34
cfn=(2376)
calls=474 1847 
* 8544
+21 477
-59 477
+60 477
-1 6659
+1 4434
fi=(48)
203 2046
fe=(30)
1135 2046
-60 798
+71 798
fi=(49)
79 798
fe=(30)
1149 1585
+1 787
cfn=(198)
calls=740 1503 
* 193839
cfn=(199) runtime.mallocgcSmallScanNoHeader'2
calls=47 1503 
* 16819
* 787
+2 11
cfn=(386)
calls=11 1594 
* 22613
* 11
-12 6102
+1 1088
cfn=(463)
calls=274 +61 
* 20278
cfn=(462)
calls=814 +61 
* 74649
* 1089
+2 331
cfn=(451) runtime.mallocgcSmallNoscan'2
calls=96 1358 
* 25741
cfn=(450)
calls=235 1358 
* 88526
* 331
+13 4
cfn=(2198)
calls=4 1687 
* 302928
+33 5880
+1 1328
+1 1328
+5 4446
+3 6669
cfi=(60)
cfn=(449)
calls=3 117 
* 580619
cfn=(190)
calls=1 2157 
* 50220
cfi=(16)
cfn=(1899)
calls=1 172 
* 354648
cfi=(60)
cfn=(448)
calls=4 117 
* 78488
cfi=(60)
cfn=(378)
calls=1 274 
* 27676
cfn=(191)
calls=6 2157 
* 76988

fn=(132)
2329 1056
+1 352
+1 3872
cfi=(2)
cfn=(135)
calls=151 520 
* 22418
cfi=(2)
cfn=(134)
calls=201 520 
* 34701
* 704
+3 1408
cfi=(52)
cfn=(590) runtime.(*spanSet).push
calls=1 114 
* 450253782
cfi=(23)
cfn=(1016)
calls=1 240 
* 29763

fn=(133) runtime.persistentalloc'2
2329 21
+1 7
+1 77
cfi=(2)
cfn=(135)
calls=7 520 
* 196
* 14
+3 28
cfi=(52)
cfn=(597) runtime.(*spanSetBlockAlloc).alloc'2
calls=6 338 
* 2701430119
cfi=(52)
cfn=(596) runtime.(*spanSetBlockAlloc).alloc
calls=1 338 
* 450253558

fn=(242) runtime.(*linearAlloc).alloc
2448 24
+1 4
fi=(42)
375 16
fe=(30)
2450 12
+1 16

fn=(122)
405 5
+1 3
+11 5
+4 2
+4 2
+4 4
+4 5
+4 2
+7 3
+21 2
+2 81
+1 108
+3 136
+8 1
+14 2
cfi=(31)
cfn=(124)
calls=1 787 
* 3048
* 1
+1 1
cfi=(45)
cfn=(168)
calls=1 97 
* 1421
* 2
+4 1
+1 11
+79 1
cfi=(25)
cfn=(180)
calls=1 121 
* 94
* 2
+3 2
cfn=(184)
calls=1 395 
* 32
* 1
fi=(42)
375 4
fe=(30)
582 1
+1 3
+17 1
+42 384
cfi=(32)
cfn=(172)
calls=128 74 
* 3916
+1 256
+1 512
-44 256
+17 128
+1 256
-18 386
+17 384
+1 512
+21 256
+1 128
-2 128
+1 64
+84 1
fi=(40)
81 3
fe=(30)
724 3
448 42
-1 177

fn=(184)
395 15
+1 6
+3 36
+1 24
+1 3
+1 12

fn=(198)
1503 44835
fi=(5)
601 8967
fe=(30)
1505 8967
fi=(5)
602 8967
+1 8967
fe=(30)
1520 8967
fi=(45)
141 8967
+2 17934
+7 17918
-2 8
fi=(42)
391 16
fe=(30)
1524 16
fi=(42)
391 17918
fe=(30)
1524 35852
fi=(31)
590 8967
fe=(30)
1525 8967
fi=(31)
590 8967
fe=(30)
1526 8967
fi=(42)
403 8967
fi=(31)
590 8967
fe=(30)
1526 44835
970 35868
+1 17934
+1 17578
+1 26367
+1 17488
+1 17755
1527 89
978 17310
+3 8655
-3 34620
+1 8655
+1 25965
+1 25965
1527 8878
fi=(45)
143 446
fi=(5)
603 223
fe=(30)
1523 223
+1 223
+4 446
fi=(45)
143 17488
fi=(5)
603 8744
fe=(30)
1523 8744
+1 8744
+4 34798
+1 1248
cfn=(203)
calls=20 996 
* 15973
cfn=(202)
calls=292 996 
* 229406
+52 312
-43 312
-3 312
-4 624
+2 312
fi=(49)
709 312
fe=(30)
1531 936
+1 624
-1 25965
+1 17310
+1 15198
cfi=(54)
cfn=(304)
calls=5066 18 
* 111861
fi=(49)
709 5066
fe=(30)
1531 5066
+50 5066
fi=(49)
709 5066
fe=(30)
1538 5066
-3 5066
fi=(49)
709 5066
fe=(30)
1540 5066
-5 17934
+3 478
fi=(49)
709 43640
cfn=(360)
calls=8728 -85 
* 647964
fe=(30)
1540 17456
-9 8728
+50 8728
-2 8728
-37 8728
+25 8728
+14 8728
-39 44835
+8 8967
cfi=(2)
cfn=(338)
calls=8967 878 
* 8967
+2 17934
+15 34320
-10 2322
cfi=(236)
cfn=(2380)
calls=387 1748 
* 35010
+22 44835
+1 44832
+1 20
cfn=(366)
calls=5 2238 
* 22565
+10 2
-8 4
fi=(5)
609 4
fe=(30)
1584 2
fi=(5)
609 2
+1 4
fe=(30)
1583 17924
fi=(5)
609 17924
fe=(30)
1584 8962
fi=(5)
609 8962
+1 35714
fe=(30)
1531 26892
+55 8964
+1 880
cfi=(58)
cfn=(374)
calls=220 706 
* 27620
* 440
+1 4
cfi=(58)
cfn=(2232)
calls=1 733 
* 31281
cfi=(3)
cfn=(786)
calls=1 970 
* 402554
+3 1100
cfn=(193)
calls=1 1150 
* 50239
cfn=(192)
calls=3 1150 
* 483319
* 34976
fi=(82)
1098 57
+1 21
+1 9
cfn=(976)
calls=3 133 
* 2400
+1 18
cfn=(988)
calls=3 621 
* 68626
* 6
+1 9
cfi=(2)
cfn=(135)
calls=3 566 
* 1289173
fe=(30)

fn=(199)
1503 235
fi=(5)
601 47
fe=(30)
1505 47
fi=(5)
602 47
+1 47
fe=(30)
1520 47
fi=(45)
141 47
+2 94
+7 94
fi=(42)
391 94
fe=(30)
1524 188
fi=(31)
590 47
fe=(30)
1525 47
fi=(31)
590 47
fe=(30)
1526 47
fi=(42)
403 47
fi=(31)
590 47
fe=(30)
1526 235
970 188
+1 94
+1 72
+1 108
+1 72
+1 72
+3 72
+3 36
-3 144
+1 36
+1 108
+1 108
1527 47
fi=(45)
143 22
fi=(5)
603 11
fe=(30)
1523 11
+1 11
+4 22
fi=(45)
143 72
fi=(5)
603 36
fe=(30)
1523 36
+1 36
+4 144
+1 44
cfn=(203)
calls=11 996 
* 4875
+52 11
-43 11
-3 11
-4 22
+2 11
fi=(49)
709 11
fe=(30)
1531 33
+1 22
-1 108
+1 72
+1 12
cfi=(54)
cfn=(304)
calls=4 18 
* 78
fi=(49)
709 4
fe=(30)
1531 4
+50 4
fi=(49)
709 4
fe=(30)
1538 4
-3 4
fi=(49)
709 4
fe=(30)
1540 4
-5 94
fi=(49)
709 235
cfn=(360)
calls=47 -85 
* 2811
fe=(30)
1540 94
-9 47
+50 47
-2 47
-37 47
+25 47
+14 47
-39 235
+8 47
cfi=(2)
cfn=(338)
calls=47 878 
* 47
+2 94
+15 12
-10 264
cfi=(236)
cfn=(2380)
calls=44 1748 
* 4012
+22 235
+1 235
+1 4
cfn=(366)
calls=1 2238 
* 169
+10 4
-8 8
fi=(5)
609 8
fe=(30)
1584 4
fi=(5)
609 4
+1 8
fe=(30)
1583 92
fi=(5)
609 92
fe=(30)
1584 46
fi=(5)
609 46
+1 172
fe=(30)
1531 150
+55 50
+1 56
cfi=(58)
cfn=(374)
calls=14 706 
* 391
* 28
+4 70
cfn=(192)
calls=3 1150 
* 1286749
cfn=(193)
calls=6 1150 
* 104523
* 144
fi=(82)
1098 19
+1 7
+1 3
cfn=(976)
calls=1 133 
* 800
+1 6
cfn=(988)
calls=1 621 
* 23021
* 2
+1 3
cfi=(2)
cfn=(135)
calls=1 566 
* 30386
fe=(30)

fn=(386)
1594 2220
fi=(5)
601 444
fe=(30)
1596 444
fi=(5)
602 444
+1 444
fe=(30)
1611 444
fi=(45)
141 444
+2 888
+7 872
-2 8
fe=(30)
1615 8
+2 16
-2 436
+2 872
fi=(42)
391 663
fe=(30)
1618 1105
fi=(42)
391 446
fe=(30)
1620 1115
+2 888
fi=(31)
590 444
fe=(30)
1622 888
+1 444
fi=(31)
590 444
fe=(30)
1624 444
fi=(42)
403 444
fi=(31)
590 444
fe=(30)
1624 1776
970 1776
+1 888
+1 808
+1 1212
+1 658
+1 658
+3 658
+3 329
-3 1316
+1 329
+1 987
+1 987
1625 444
fi=(45)
143 115
fi=(5)
603 115
fe=(30)
1614 115
+8 115
+4 230
fi=(45)
143 329
fi=(5)
603 329
fe=(30)
1614 329
+8 329
+4 1316
+1 345
cfn=(203)
calls=4 996 
* 3266
cfn=(202)
calls=111 996 
* 159322
+47 115
-39 115
-4 115
-2 230
fi=(49)
737 115
fe=(30)
1629 345
+1 230
-1 987
+1 658
+1 639
cfi=(54)
cfn=(304)
calls=213 18 
* 42372
-2 213
+45 213
fi=(49)
737 213
fe=(30)
1635 213
+37 213
-37 213
fi=(49)
717 213
fe=(30)
1634 213
fi=(49)
717 426
fe=(30)
1634 231
fi=(49)
717 462
+20 934
cfi=(2)
cfn=(2338)
calls=23 1889 
* 483
* 69
fe=(30)
1635 69
+8 46
cfi=(2)
cfn=(338)
calls=23 878 
* 23
fi=(49)
737 421
fe=(30)
1635 1263
+8 842
cfi=(2)
cfn=(338)
calls=421 878 
* 421
fi=(42)
25 1332
fe=(30)
1645 888
+15 1684
-10 69
cfi=(236)
cfn=(2380)
calls=23 +98 
* 1687
+24 23
-2 115
+1 46
-1 2105
+1 2606
+1 16
cfn=(366)
calls=4 2238 
* 73070
+10 8
-8 8
fi=(5)
609 8
fe=(30)
1677 4
fi=(5)
609 8
+1 8
fe=(30)
1676 880
fi=(5)
609 880
fe=(30)
1677 440
fi=(5)
609 880
+1 1726
fe=(30)
1629 1332
+50 444
+1 460
cfi=(58)
cfn=(374)
calls=115 706 
* 14385
* 230
+4 1562

fn=(366)
2238 135
fi=(45)
141 27
+2 54
+7 50
-2 2
fe=(30)
2240 54
+3 54
+13 81
+4 54
fi=(45)
143 81
fe=(30)
2239 27
+25 54
cfn=(176) runtime.fastexprand
calls=27 +9 
* 1647
* 27
-19 27
-1 27
+1 27
-1 27
+1 27
-1 27
+1 27
cfi=(23)
cfn=(370)
calls=27 437 
* 486161
+1 81
cfn=(199)
calls=4 1591 
* 1316011

fn=(136) runtime.persistentalloc.func1
2331 3500
+1 350
cfn=(138)
calls=350 +9 
* 41955
* 700
+1 1050

fn=(2376)
1847 19810
+2 3962
+1 11886
+5 11886
+2 7924
+4 112
cfi=(236)
cfn=(2378) runtime.gcAssistAlloc
calls=56 499 
* 450426304
cfi=(236)
cfn=(2378)
calls=1 699 
* 24153473
+2 11883

fn=(2377)
1847 10
+2 2
+1 6
+5 6
+2 4
+6 9
cfn=(193)
calls=1 1134 
* 1027

fn=(1276)
2230 135
+1 27
cfn=(1278)
calls=27 -32 
* 22055
* 81

fn=(240)
741 12
+5 6
-4 2
+4 2
fi=(42)
375 2
fe=(30)
744 2
fi=(42)
375 4
fe=(30)
746 4
+6 12
cfn=(242)
calls=2 2448 
* 36
* 2
+1 4
+7 2
+4 2
889 2
760 2
fi=(32)
105 2
fe=(30)
753 2
853 6
fi=(31)
616 6
fe=(30)
853 2
+54 6
+6 6
-60 12
fi=(31)
616 6
fe=(30)
853 8
fi=(31)
616 6
fe=(30)
853 6
+1 4
+1 4
+9 4
cfi=(37)
cfn=(144)
calls=1 21 
* 139
+1 2
-1 1
+4 3
+3 1
fi=(35)
105 2
cfi=(37)
cfn=(246)
calls=1 +11 
* 27
fe=(30)
873 4
-20 2
+23 1
+4 1
fi=(31)
616 1
fe=(30)
876 16
+4 14
cfn=(242)
calls=2 2448 
* 36
+1 4
+1 8
cfn=(132)
calls=2 2329 
* 512
+1 4
+6 9
+1 2
+1 2
+1 1
+2 5
cfn=(132)
calls=1 2329 
* 239
+1 2
+3 3
+1 4
+1 7
cfi=(29)
cfn=(120)
calls=1 39 
* 6
+6 1
+7 1
-7 14
+1 4
+14 10
760 8
+2 2
+2 4
-1 2
+3 6
-3 2
fi=(31)
616 8
fe=(30)
769 4
-3 4
+7 2
fi=(35)
173 6
cfi=(37)
cfn=(160)
calls=2 -10 
* 276
fe=(30)
793 2
-13 2
-16 2
889 2
-96 2
-18 2
fi=(31)
616 4
fi=(32)
105 2
fe=(30)
775 6
+2 2
+3 4
fi=(42)
375 2
fe=(30)
782 2
+15 4
+29 2
+1 6
fi=(31)
616 8
fe=(30)
829 4
fi=(31)
616 4
fe=(30)
831 10
-4 6
+10 2
-3 4
+8 4
+11 4
-11 2

fn=(450)
1358 84685
fi=(5)
601 16937
fe=(30)
1360 16937
fi=(5)
602 16937
+1 16937
fe=(30)
1372 16937
fi=(45)
141 16937
+2 33874
+7 33678
-2 98
fe=(30)
1377 33874
fi=(42)
391 33250
fe=(30)
1378 49875
fi=(42)
391 624
fe=(30)
1380 1248
+2 33874
fi=(31)
590 16937
fe=(30)
1382 33874
+1 16937
fi=(31)
590 16937
fe=(30)
1384 16937
fi=(42)
403 16937
fi=(31)
590 16937
fe=(30)
1384 101622
970 67748
+1 33874
+1 33722
+1 50583
+1 33406
+1 33938
fi=(45)
143 532
fe=(30)
1395 266
978 16437
fi=(45)
143 16437
fe=(30)
978 32874
+3 16437
-3 65748
+1 16437
+1 49311
+1 49311
1395 16437
fi=(45)
143 468
fi=(5)
603 234
fe=(30)
1375 234
+7 234
+14 468
fi=(5)
603 16703
fe=(30)
1375 16703
+7 16703
+14 66280
fi=(45)
143 500
fe=(30)
1397 1500
cfn=(203)
calls=6 996 
* 2119
cfn=(202)
calls=494 996 
* 888779
cfn=(202)
calls=4 1000 
* 503390098
+44 499
-2 499
-38 499
-2 998
fi=(45)
143 499
fe=(30)
1399 1497
fi=(45)
143 499
fe=(30)
1400 499
-1 49311
fi=(45)
143 16437
fe=(30)
1400 30703
+1 16072
cfi=(54)
cfn=(304)
calls=4018 18 
* 121416
+9 16936
cfi=(2)
cfn=(338)
calls=16936 878 
* 16936
+2 33872
+15 64772
-10 3715
cfi=(236)
cfn=(2380)
calls=743 1748 
* 67354
+22 84680
+1 84671
+1 12
cfn=(366)
calls=3 2238 
* 88339
+10 3
-8 6
fi=(5)
609 6
fe=(30)
1444 3
fi=(5)
609 3
+1 6
fe=(30)
1443 33866
fi=(5)
609 33866
fe=(30)
1444 16933
fi=(5)
609 16933
+1 84629
fe=(30)
1399 33872
+47 16936
+1 932
cfi=(58)
cfn=(374)
calls=233 706 
* 30352
* 699
+4 1165
cfn=(192)
calls=3 1143 
* 65323
* 66812

fn=(451)
1358 480
fi=(5)
601 96
fe=(30)
1360 96
fi=(5)
602 96
+1 96
fe=(30)
1372 96
fi=(45)
141 96
+2 192
+7 192
fe=(30)
1377 192
fi=(42)
391 190
fe=(30)
1378 285
fi=(42)
391 2
fe=(30)
1380 4
+2 192
fi=(31)
590 96
fe=(30)
1382 192
+1 96
fi=(31)
590 96
fe=(30)
1384 96
fi=(42)
403 96
fi=(31)
590 96
fe=(30)
1384 576
970 384
+1 192
+1 186
+1 279
+1 184
+1 188
fi=(45)
143 4
fe=(30)
1395 2
978 90
fi=(45)
143 90
fe=(30)
978 180
+3 90
-3 360
+1 90
+1 270
+1 270
1395 90
fi=(45)
143 8
fi=(5)
603 4
fe=(30)
1375 4
+7 4
+14 8
fi=(5)
603 92
fe=(30)
1375 92
+7 92
+14 364
fi=(45)
143 6
fe=(30)
1397 18
cfn=(203)
calls=6 996 
* 6706
+44 7
-2 7
-38 7
-2 14
fi=(45)
143 7
fe=(30)
1399 21
fi=(45)
143 7
fe=(30)
1400 7
-1 270
fi=(45)
143 90
fe=(30)
1400 160
+10 97
cfi=(2)
cfn=(338)
calls=97 878 
* 97
+2 194
+15 52
-10 420
cfi=(236)
cfn=(2380)
calls=84 1748 
* 7630
+22 485
+1 485
+3 194
fi=(5)
609 194
fe=(30)
1444 97
fi=(5)
609 97
+1 485
fe=(30)
1399 194
+47 97
+1 20
cfi=(58)
cfn=(374)
calls=5 706 
* 220
* 15
+4 25
cfn=(193)
calls=2 1143 
* 407715
* 368

fn=(190)
2156 29300
+1 35160
cfn=(193)
calls=81 1067 
* 36083
cfn=(192)
calls=5779 1067 
* 452022908
cfn=(192)
calls=1 1199 
* 24154259
* 17574
cfi=(104)
cfn=(3592)
calls=1 277 
* 20306
cfi=(138)
cfn=(1366)
calls=1 145 
* 50217
cfi=(112)
cfn=(1258)
calls=1 332 
* 1616001
cfi=(12)
cfn=(860)
calls=4 511 
* 1682663
cfi=(44)
cfn=(930)
calls=1 363 
* 66989

fn=(191)
2156 4400
+1 5280
cfn=(193)
calls=880 1067 
* 222636
* 2643
cfi=(104)
cfn=(3593)
calls=1 277 
* 241
cfi=(104)
cfn=(3566)
calls=1 262 
* 3377
cfi=(104)
cfn=(3558)
calls=1 262 
* 12896
cfi=(274)
cfn=(3553)
calls=1 36 
* 14629
cfi=(274)
cfn=(3552)
calls=1 21 
* 16759
cfi=(12)
cfn=(860)
calls=1 511 
* 29068

fn=(202)
996 6419
+1 12830
+2 1283
cfi=(49)
cfn=(204)
calls=1283 1113 
* 46438
+1 5739
+2 1821
-3 607
+7 1821
cfi=(45)
cfn=(206)
calls=607 160 
* 1269300
cfi=(45)
cfn=(206)
calls=4 236 
* 503389830
+2 2424
+2 606
cfi=(49)
cfn=(204)
calls=606 1113 
* 23998
-10 1212
+13 606
-3 606
-11 676
+14 2564
+4 3846
+1 2564
-1 1282
+1 1282
+1 3846
-19 2564
+23 6410
cfn=(462)
calls=1 1329 
* 4112
cfn=(450)
calls=3 1441 
* 65872
cfn=(198)
calls=6 1581 
* 1845466
-27 8
cfi=(2)
cfn=(1128)
calls=2 687 
* 545162

fn=(203)
996 260
+1 520
+2 52
cfi=(49)
cfn=(204)
calls=52 1113 
* 940
+1 254
+2 138
-3 46
+7 138
cfi=(45)
cfn=(206)
calls=21 160 
* 8886
cfi=(45)
cfn=(207)
calls=25 160 
* 20035
+2 188
+2 47
cfi=(49)
cfn=(204)
calls=47 1113 
* 1833
-10 94
+13 47
-3 47
-11 6
+14 106
+4 159
+1 106
-1 53
+1 53
+1 159
-19 106
+23 265
cfn=(463)
calls=1 1329 
* 524300
cfn=(198)
calls=1 1581 
* 50398
cfn=(451)
calls=2 1441 
* 408033
cfn=(462)
calls=1 1329 
* 19275
cfn=(199)
calls=6 1581 
* 131347

fn=(3818)
2134 585
+1 117
+3 117
+1 117
+6 117
+4 117
-10 234
+7 117
+3 585
cfi=(54)
cfn=(304)
calls=117 18 
* 483678
-10 702
+1 234
+11 351

fn=(138)
2341 1795
+5 1077
+3 718
+1 1002
+3 693
+7 718
-14 714
+14 357
fi=(5)
602 357
fe=(30)
2364 357
fi=(5)
602 357
+1 714
fe=(30)
2366 1785
+1 1044
+2 9
fi=(14)
152 9
fi=(79)
24 27
cfi=(14)
cfn=(90)
calls=9 155 
* 189
fe=(30)
2373 9
+26 9
fi=(5)
609 9
fi=(42)
375 9
fe=(30)
2370 9
+2 18
fi=(42)
375 45
fe=(30)
2373 9
-1 9
+1 18
-1 696
fi=(42)
375 1740
fe=(30)
2373 348
-1 348
+1 1404
+1 45
cfi=(35)
cfn=(140)
calls=9 49 
* 1620
* 27
+1 18
-14 10
cfi=(35)
cfn=(140)
calls=2 49 
* 360
* 6
+31 714
+1 714
fi=(5)
609 714
fe=(30)
2394 357
+83 357
fi=(5)
609 357
+1 732
fe=(30)
2477 357
-82 1071
+1 9
fi=(14)
261 9
fi=(79)
35 18
cfi=(14)
cfn=(98)
calls=9 267 
* 367
fe=(30)
2400 9
-1 9
+4 9
-4 1428
+1 1044
cfi=(36)
cfn=(142)
calls=348 659 
* 6264
+1 1740
cfi=(36)
cfn=(142)
calls=348 659 
* 6264
+2 1776
-19 9
+1 18
+1 54
fi=(42)
375 36
fe=(30)
2390 9
+3 9
+6 9
-7 9
fi=(5)
609 18
fe=(30)
2390 9

fn=(176)
2273 66
+2 66
fi=(25)
228 33
+7 66
+1 66
fe=(30)
2288 33
fi=(25)
236 33
-1 33
+1 33
+1 33
+56 99
fe=(30)
2288 33
+1 66
fi=(278)
53 33
fi=(301) /usr/local/go/src/runtime/fastlog2.go
-32 132
+1 99
+1 99
+2 66
+1 132
fi=(25)
235 33
fi=(301)
25 99
+1 198
fe=(30)
2289 66
fi=(301)
18 33
fe=(30)
2290 99
+4 264

fl=(257)
fn=(3294) github.com/ollama/ollama/internal/testutil/gguf.writeStringData
245 255
+1 510
cfi=(260)
cfn=(3252) encoding/binary.Write
calls=51 410 
* 40209
* 102
+3 255
cfi=(263)
cfn=(3316)
calls=51 +65 
* 38837
+1 255

fn=(3286) github.com/ollama/ollama/internal/testutil/gguf.writeKeyValue
143 84
fi=(18)
17 112
fe=(257)
144 84
cfi=(16)
cfn=(3288)
calls=14 -79 
* 3066
fi=(18)
17 112
cfi=(20)
cfn=(80)
calls=14 -3 
* 336
* 14
fi=(162)
521 14
fe=(257)
144 14
fi=(18)
17 18
fe=(257)
144 9
fi=(162)
521 5
fi=(18)
17 35
fe=(257)
145 33
fi=(162)
521 4
fi=(18)
17 24
fe=(257)
146 46
fi=(162)
521 4
fi=(18)
17 40
fe=(257)
147 56
fi=(18)
17 28
cfi=(20)
cfn=(80)
calls=4 -3 
* 104
fe=(257)
151 8
fi=(162)
521 4
fe=(257)
148 4
+3 98
cfn=(3294)
calls=14 +94 
* 24296
* 28
+4 140
+40 8
+1 5
cfn=(3324) github.com/ollama/ollama/internal/testutil/gguf.writeArray[go.shape.[]int32,go.shape.int32]
calls=1 +33 
* 3291
* 3
+11 9
+1 4
cfn=(3326) github.com/ollama/ollama/internal/testutil/gguf.writeArrayHeader
calls=1 +28 
* 2350
* 3
+3 3
-31 8
+1 7
cfi=(260)
cfn=(3252)
calls=1 410 
* 2052
* 3
+3 5
cfn=(3294)
calls=1 +61 
* 1417
* 3
-20 35
+1 35
cfn=(3320) github.com/ollama/ollama/internal/testutil/gguf.writeScalar[go.shape.uint32]
calls=7 +57 
* 10514
* 21
+9 18
+1 15
cfn=(3322) github.com/ollama/ollama/internal/testutil/gguf.writeScalar[go.shape.float32]
calls=3 +47 
* 4509
* 9
+26 7
+1 5
cfn=(3328) github.com/ollama/ollama/internal/testutil/gguf.writeArray[go.shape.[]float32,go.shape.float32]
calls=1 +27 
* 3252
* 3
+9 25
+1 6
cfn=(3294)
calls=2 +33 
* 2896
* 4
+4 5

fn=(3436) github.com/ollama/ollama/internal/testutil/gguf.writeTensorInfo
253 272
+1 204
+3 102
-3 136
+6 34
cfn=(3294)
calls=34 -15 
* 51814
* 68
+3 340
cfi=(260)
cfn=(3252)
calls=34 410 
* 29212
* 68
+3 374
+5 68
-5 476
+1 544
cfi=(260)
cfn=(3252)
calls=68 410 
* 55682
* 136
+4 1326
+1 340
cfi=(260)
cfn=(3252)
calls=68 410 
* 56868
* 204
+4 170

fn=(3334)
74 10
fi=(262)
-22 4
fe=(257)
+23 8
cfn=(3336) github.com/ollama/ollama/internal/testutil/gguf.tensorBlock
calls=2 288 
* 1355924
* 6
cfn=(3336)
calls=1 288 
* 6106
fi=(262)
-23 3
+3 1
fe=(257)
+20 8
fi=(262)
-23 1
cfi=(115)
cfn=(1208)
calls=1 -27 
* 29
* 3
fe=(257)
+23 5
fi=(262)
-4 8
+1 5
fe=(257)
+3 4

fn=(3335)
74 500
fi=(262)
-22 200
fe=(257)
+23 400
cfn=(3337)
calls=100 288 
* 432267
* 606
cfn=(3337)
calls=101 288 
* 478827
fi=(262)
-23 346
fe=(257)
+23 43
fi=(262)
-20 94
fe=(257)
+20 338
fi=(262)
-23 40
cfi=(115)
cfn=(1208)
calls=40 -27 
* 1120
fe=(257)
+23 427
fi=(262)
-23 61
cfi=(115)
cfn=(1208)
calls=61 -27 
* 1730
* 269
fe=(257)
+23 67
fi=(262)
-20 68
fe=(257)
+20 438
fi=(262)
-4 564
+1 383
fe=(257)
+3 404
cfi=(265)
cfn=(3333)
calls=1 -63 
* 1281223

fn=(3438) github.com/ollama/ollama/internal/testutil/gguf.tensorSize
279 408
fi=(267)
45 68
fe=(257)
280 1156
+1 612
fi=(267)
44 544
cfn=(3440) github.com/ollama/ollama/fs/gguf.TensorInfo.numBytes
calls=68 +7 
* 8160
fe=(257)
281 272
+1 68
fi=(267)
45 68
fe=(257)
285 408

fn=(3320)
222 35
+1 84
cfi=(260)
cfn=(3252)
calls=7 410 
* 5145
* 14
+3 70
cfi=(260)
cfn=(3252)
calls=7 410 
* 5145
* 21

fn=(3328)
229 5
+1 11
cfn=(3326)
calls=1 +6 
* 2350
* 2
+3 14
cfi=(260)
cfn=(3252)
calls=1 410 
* 867
* 3

fn=(3224)
47 6
+1 8
cfi=(19)
cfn=(78)
calls=1 +53 
* 124
* 9
+1 2
fi=(142)
320 4
fe=(257)
48 2
fi=(142)
321 5
cfn=(3228)
calls=1 211 
* 519
fe=(257)
53 2
+3 38
fi=(264)
360 3
fe=(257)
56 20
+1 15
cfi=(260)
cfn=(3252)
calls=3 410 
* 2263
* 6
-1 1
+6 11
cfi=(60)
cfn=(448)
calls=1 +40 
* 2321
+1 11
cfi=(123)
cfn=(2094)
calls=1 +93 
* 212
* 5
+1 28
-1 28
cfi=(123)
cfn=(3268)
calls=14 168 
* 1197
* 101
+1 14
-1 28
+1 140
-1 2
fi=(302) /usr/local/go/src/slices/sort.go
-45 1
fe=(257)
+48 1
fi=(302)
-48 8
cfi=(261)
cfn=(3270)
calls=1 +45 
* 2788
fe=(257)
+49 188
+1 56
cfi=(19)
cfn=(78)
calls=14 +33 
* 1820
* 126
cfn=(3286)
calls=14 +75 
* 59350
* 42
fi=(264)
355 4
+5 8
cfi=(60)
cfn=(378)
calls=1 178 
* 1629
* 15
cfi=(75)
cfn=(578)
calls=1 -84 
* 99
fe=(257)
73 6
fi=(302)
-35 1
fe=(257)
+36 1
fi=(302)
-36 7
cfi=(265)
cfn=(3332)
calls=1 335 
* 1362223
fe=(257)

fn=(3225)
78 5
cfi=(19)
cfn=(78)
calls=1 +23 
* 111
* 1
297 2
78 2
+1 5
-1 3
+6 1
+17 34
-17 68
312 34
84 275
+1 34
+1 136
cfn=(3436)
calls=34 253 
* 198438
* 68
+3 68
cfn=(3438)
calls=34 279 
* 5882
* 34
+1 68
+3 204
+3 34
+2 102
312 68
98 34
312 204
97 68
+1 68
+6 4
cfi=(142)
cfn=(3444)
calls=1 303 
* 393
+1 2
+3 3
312 7
111 4
cfn=(3464) github.com/ollama/ollama/internal/testutil/gguf.writeZeros
calls=1 315 
* 1271
* 3
+4 276
+1 34
cfn=(3438)
calls=34 279 
* 5882
+1 68
-1 34
+4 170
+5 136
cfi=(256)
cfn=(3466)
calls=34 276 
* 21770
+1 68
-1 68
+4 170
+4 203
312 264
134 132
cfn=(3464)
calls=33 315 
* 51130
* 66
-19 66
+19 33
+6 5
cfi=(242)
cfn=(2997)
calls=1 -56 
* 77617

fn=(3326)
236 18
+1 90
+1 18
-1 60
+1 36
cfi=(260)
cfn=(3252)
calls=9 410 
* 6795
* 18
+4 15

fn=(3336)
288 15
+2 6
-1 6
cfi=(30)
cfn=(191)
calls=3 2156 
* 403
* 3
+1 6
cfi=(30)
cfn=(191)
calls=3 2156 
* 2034
* 36
fi=(266)
114 24
cfn=(3338)
calls=3 +27 
* 1359485
fe=(257)
290 4
+1 8

fn=(3337)
288 1005
+2 402
-1 402
cfi=(30)
cfn=(191)
calls=201 2156 
* 25049
* 201
+1 402
cfi=(30)
cfn=(191)
calls=201 2156 
* 48821
* 2412
fi=(266)
114 1608
cfn=(3339)
calls=201 +27 
* 829428
fe=(257)
290 404
+1 172
+2 795
cfn=(3335)
calls=1 75 
* 1289892

fn=(3464)
315 170
+2 102
-1 68
cfi=(30)
cfn=(191)
calls=34 2156 
* 30499
* 34
+1 68
+9 68
-7 34
-2 170
+2 68
-1 34
+1 272
cfi=(142)
cfn=(3228)
calls=34 211 
* 20474
* 34
+1 68
+3 68
+5 170

fn=(3322)
222 15
+1 36
cfi=(260)
cfn=(3252)
calls=3 410 
* 2205
* 6
+3 30
cfi=(260)
cfn=(3252)
calls=3 410 
* 2208
* 9

fn=(3324)
229 5
+1 11
cfn=(3326)
calls=1 +6 
* 2350
* 2
+3 14
cfi=(260)
cfn=(3252)
calls=1 410 
* 906
* 3

fl=(279) /usr/local/go/src/os/removeall_at.go
fn=(3878) os.openDirAt
175 10
fi=(248)
+80 6
fe=(279)
-79 2
fi=(283) /usr/local/go/src/os/root_unix.go
-60 2
fi=(248)
255 2
fi=(283)
117 8
cfi=(282) /usr/local/go/src/internal/syscall/unix/at.go
cfn=(3882) internal/syscall/unix.Openat
calls=2 -89 
* 1011
* 6
fi=(284) /usr/local/go/src/os/eloop_other.go
17 10
fi=(283)
118 10
fi=(284)
17 2
fi=(283)
120 12
fi=(284)
17 2
fi=(283)
120 10
fi=(248)
257 4
fe=(279)
-80 4
fi=(285) /usr/local/go/src/os/removeall_unix.go
11 12
cfi=(138)
cfn=(1366)
calls=2 144 
* 2404
fe=(279)
180 10

fn=(3838) os.removeAll
15 11
+1 4
+8 2
fi=(280) /usr/local/go/src/os/path.go
+55 2
+3 6
fe=(279)
-53 1
cfi=(138)
cfn=(3842)
calls=1 357 
* 2586
+1 2
fi=(137)
+61 4
cfn=(3216)
calls=1 +26 
* 136
* 1
fe=(279)
-61 1
+6 3
cfi=(281) /usr/local/go/src/os/path_unix.go
cfn=(3860) os.splitPath
calls=1 -16 
* 244
* 4
+10 3
cfi=(142)
cfn=(3172)
calls=1 410 
* 4386
* 3
fi=(137)
+45 6
cfn=(3216)
calls=1 +26 
* 25
* 2
fe=(279)
-44 1
+4 3
+3 7
+2 1
cfi=(142)
cfn=(3862)
calls=1 722 
* 17
* 3
cfn=(3866) os.removeAllFrom
calls=1 +10 
* 19334
* 3
+7 5
cfn=(3920) os.removeAll.deferwrap1
calls=1 -9 
* 930
* 5

fn=(3866)
66 6
fi=(248)
255 3
fe=(279)
68 1
fi=(283)
237 1
fi=(248)
+18 1
+1 1
fi=(283)
-18 2
cfi=(282)
cfn=(3870) internal/syscall/unix.Unlinkat
calls=1 14 
* 1063
* 2
fi=(248)
+19 8
cfi=(61)
cfn=(548)
calls=1 +73 
* 26
* 2
fe=(279)
69 1
fi=(137)
+22 1
fe=(279)
-22 2
fi=(137)
+22 3
cfn=(3216)
calls=1 +26 
* 131
* 1
fe=(279)
-22 1
fi=(248)
257 3
fe=(279)
79 4
cfi=(61)
cfn=(548)
calls=1 330 
* 26
* 1
fi=(248)
257 1
fe=(279)
79 7
+7 3
+5 4
cfn=(3878)
calls=1 +84 
* 1812
* 1
+1 2
-1 4
+1 1
+19 4
cfi=(286) /usr/local/go/src/os/dir.go
cfn=(3892) os.(*File).Readdirnames
calls=1 -42 
* 7863
* 3
+2 5
+9 25
+1 2
cfi=(142)
cfn=(3862)
calls=1 722 
* 17
* 4
cfn=(3867) os.removeAllFrom'2
calls=1 -57 
* 6788
+1 2
+5 3
-5 1
+13 2
+10 1
fi=(248)
20 4
+3 2
cfi=(138)
cfn=(3474)
calls=1 307 
* 907
fe=(279)
150 7
+6 2
fi=(283)
+87 1
fi=(248)
+12 1
+1 1
fi=(283)
-12 3
cfi=(282)
cfn=(3870)
calls=1 14 
* 544
* 2
fi=(248)
+13 3
fe=(279)
157 2
+1 5
fi=(283)
+86 2
fe=(279)
-88 2
-5 1

fn=(3867)
66 12
fi=(248)
255 6
fe=(279)
68 2
fi=(283)
237 2
fi=(248)
+18 2
+1 2
fi=(283)
-18 4
cfi=(282)
cfn=(3870)
calls=2 14 
* 1061
* 4
fi=(248)
+19 11
cfi=(61)
cfn=(548)
calls=1 +73 
* 26
* 2
fe=(279)
69 1
fi=(137)
+22 1
fe=(279)
-22 4
fi=(137)
+22 3
cfn=(3216)
calls=1 +26 
* 131
* 1
fe=(279)
-22 1
+1 5
fi=(248)
257 3
fe=(279)
79 4
cfi=(61)
cfn=(548)
calls=1 330 
* 26
* 1
fi=(248)
257 1
fe=(279)
79 7
+7 3
+5 4
cfn=(3878)
calls=1 +84 
* 1715
* 1
+1 2
-1 4
+1 1
+19 4
cfi=(286)
cfn=(3892)
calls=1 -42 
* 2254
* 3
+2 5
+9 25
+1 2
cfi=(142)
cfn=(3862)
calls=1 722 
* 17
* 4
cfn=(3867)
calls=1 -57 
* 551
+1 2
+5 3
-5 1
+13 2
+10 1
fi=(248)
20 4
+3 2
cfi=(138)
cfn=(3474)
calls=1 307 
* 917
fe=(279)
150 7
+6 2
fi=(283)
+87 1
fi=(248)
+12 1
+1 1
fi=(283)
-12 3
cfi=(282)
cfn=(3870)
calls=1 14 
* 457
* 2
fi=(248)
+13 3
fe=(279)
157 2
+1 5
fi=(283)
+86 2
fe=(279)
-88 2
-5 1

fn=(3920)
54 6
fi=(248)
-34 2
+3 2
cfi=(138)
cfn=(3474)
calls=1 307 
* 917
fe=(279)
+31 3

fl=(51)
fn=(218)
162 1849
+1 738
+4 369
fi=(40)
+27 369
fe=(51)
-26 1845
+3 369
-8 369
fi=(40)
+73 1476
fe=(51)
-65 369
+1 738
+4 8
+5 8
cfi=(239)
cfn=(2906) runtime.(*cleanupQueue).flush
calls=4 532 
* 640
+1 12
cfi=(58)
cfn=(2731)
calls=1 1572 
* 297
-9 1095
-11 8
cfi=(2)
cfn=(1128)
calls=2 687 
* 120
* 4
cfn=(219) runtime.(*activeSweep).end'2
calls=1 * 
* 26

fn=(219)
162 5
+1 2
+4 1
fi=(40)
+27 1
fe=(51)
-26 5
+3 1
-8 1
fi=(40)
+73 4
fe=(51)
-65 1
+1 2
+1 3

fn=(1044) runtime.bgsweep
272 5
+28 1
-27 7
+3 1
fi=(14)
152 1
fi=(79)
24 2
cfi=(14)
cfn=(90)
calls=1 155 
* 21
fe=(51)
277 1
+1 3
cfi=(96)
cfn=(934)
calls=1 160 
* 161
+1 1
fi=(12)
468 6
cfn=(870)
calls=1 -23 
* 54
* 3
fe=(51)
300 3
+1 74
-1 148
cfn=(2237)
calls=2 +59 
* 963
cfn=(2236)
calls=72 +59 
* 86582
* 6
cfn=(2236)
calls=3 +59 
* 8826
* 150
+2 673
+1 7
cfi=(12)
cfn=(2902)
calls=7 407 
* 77
-2 7
+2 7
+3 2
cfi=(237)
cfn=(2908)
calls=1 540 
* 867
* 3
+4 1
cfi=(55)
cfn=(2916)
calls=1 757 
* 86
+1 1
fi=(14)
152 1
fi=(79)
24 2
cfi=(14)
cfn=(90)
calls=1 155 
* 21
fe=(51)
459 1
fi=(40)
194 2
fe=(51)
+20 1
+98 1
+11 1
+1 1
fi=(12)
468 6
cfn=(871)
calls=1 -23 
* 498
fe=(51)
300 3
fi=(31)
1667 18
+2 2
cfi=(13)
cfn=(2788)
calls=2 160 
* 4
* 4
+8 6
cfi=(14)
cfn=(2790)
calls=2 151 
* 62
+17 8
cfn=(2792)
calls=2 +36 
* 1172
+1 4
cfi=(14)
cfn=(2802)
calls=2 260 
* 98
+1 6
cfi=(2)
cfn=(135)
calls=2 566 
* 450461884
fi=(12)
463 3
cfi=(58)
cfn=(2230) runtime.gcWaitOnMark
calls=1 648 
* 1659467
fe=(51)

fn=(1045) runtime.bgsweep'2
fi=(30)
2331 70
+1 7
cfn=(138)
calls=7 +9 
* 798
* 14
+1 21
cfi=(2)
cfn=(135)
calls=7 566 
* 3151684013
fi=(12)
468 1438161
fe=(51)
300 1438161
+1 185
-1 370
cfn=(2237)
calls=185 +59 
* 164455
* 2876322
cfn=(2237)
calls=1438161 +59 
* 37392186
* 2876696
+2 1683
+1 18
cfi=(12)
cfn=(2902)
calls=18 407 
* 198
-2 18
+2 18
+3 2876326
cfi=(237)
cfn=(2909) runtime.freeSomeWbufs'2
calls=1438161 540 
* 125120007
cfi=(237)
cfn=(2908)
calls=2 540 
* 142
* 4314489
+4 1438163
cfi=(55)
cfn=(2916)
calls=1438163 757 
* 139501811
+1 1438163
fi=(14)
152 1438163
fi=(79)
24 2876326
cfi=(14)
cfn=(90)
calls=1438163 155 
* 30201423
fe=(51)
459 1438163
fi=(40)
194 2876326
fe=(51)
+20 1438163
+98 1438163
+11 2
+1 2
fi=(12)
468 12
cfn=(870)
calls=1 -23 
* 54
cfn=(871)
calls=1 -23 
* 54
fe=(51)
316 1438161
fi=(14)
-55 1438161
fi=(79)
35 4314483
cfi=(14)
cfn=(98)
calls=1438161 267 
* 61840910
fe=(51)
320 1438161
cfi=(12)
cfn=(2902)
calls=1438161 +87 
* 15819789
+1 1438161
fi=(31)
1667 261
+2 29
cfi=(13)
cfn=(2788)
calls=29 160 
* 58
* 58
+8 87
cfi=(14)
cfn=(2790)
calls=29 151 
* 899
+17 116
cfn=(2792)
calls=29 +36 
* 18585
+1 58
cfi=(14)
cfn=(2802)
calls=29 260 
* 1421
+1 87
cfi=(2)
cfn=(135)
calls=29 566 
* 8557280090
-29 405
+2 45
cfi=(13)
cfn=(2788)
calls=45 160 
* 90
* 90
+8 135
cfi=(14)
cfn=(2790)
calls=45 151 
* 1395
+17 180
cfn=(2792)
calls=45 +36 
* 26724
+1 90
cfi=(14)
cfn=(2802)
calls=45 260 
* 2205
+1 135
cfi=(2)
cfn=(135)
calls=45 566 
* 10807750988
fi=(237)
547 10
+1 6
-1 6
+2 4
+1 2
+4 6
cfi=(31)
cfn=(770)
calls=2 1859 
* 48
+1 8
cfi=(31)
cfn=(2914)
calls=2 1710 
* 1308
-6 6
-2 2
+2 8
-2 4
+2 16
+1 4
+1 8
+6 6
cfi=(2)
cfn=(135)
calls=2 +9 
* 450232349
fi=(12)
4253 10
fi=(13)
189 2
fi=(12)
4254 4
fi=(13)
152 2
+37 6
fi=(12)
4256 6
+6 4
+1 6
fi=(13)
251 2
fi=(12)
4267 2
+8 6
cfn=(660)
calls=2 1277 
* 94
fi=(13)
251 4
fi=(12)
4276 2
-33 4
fi=(62)
292 2
fi=(12)
4280 2
fi=(62)
300 2
-8 2
fi=(12)
4244 2
fi=(62)
248 2
+18 2
-18 2
fi=(12)
4282 8
+1 8
cfn=(956)
calls=2 -36 
* 112
+1 10
-1 2
+3 2
-23 4
+23 2
+14 2
+4 2
cfn=(730)
calls=2 4135 
* 7200
fe=(51)
0 1
fi=(9)
1 2
cfi=(6)
cfn=(1134)
calls=1 1026 
* 281778373
fe=(51)

fn=(2772)
505 4626
+3 771
+1 1782
+4 771
-4 771
+5 771
+3 761
+3 1522
fi=(31)
419 761
fi=(40)
124 1522
fe=(51)
521 1522
-1 20
fi=(31)
419 10
fi=(40)
124 20
fe=(51)
521 2333
-12 771
+4 771
+8 771
fi=(13)
152 771
+37 2313
fe=(51)
526 771
-17 771
fi=(13)
251 771
fe=(51)
527 771
+5 771
+21 771
fi=(40)
344 1542
fe=(51)
553 1542
-19 1542
+1 1542
+19 1542
+1 771
fi=(31)
-36 52
fe=(51)
-10 52
fi=(31)
+86 52
2761 104
fe=(51)
555 52
fi=(31)
2761 1542
fe=(51)
555 823
+2 156
-44 52
+44 104
+1 104
fi=(31)
-39 52
fi=(55)
229 52
+30 52
fe=(51)
558 52
+1 52
fi=(55)
259 52
-30 52
+1 62
-49 31
+49 31
-5 31
+5 155
+2 21
fi=(31)
2869 21
fi=(55)
232 42
fi=(49)
1032 21
fi=(55)
234 21
fe=(51)
513 21
fi=(55)
234 63
fi=(49)
1237 42
fe=(51)
560 21
fi=(55)
234 31
fe=(51)
513 31
fi=(55)
234 93
fi=(49)
1237 62
fe=(51)
560 31
+44 70
+6 35
fi=(31)
2765 35
+1 70
fe=(51)
555 35
+9 17
+1 153
+1 34
-1 17
-1 17
+9 51
fi=(31)
-54 17
fe=(51)
+78 17
fi=(31)
2773 17
fe=(51)
598 17
fi=(31)
2773 17
+1 34
fe=(51)
599 34
cfi=(31)
cfn=(2804)
calls=17 2786 
* 3629
714 17
553 17
710 17
593 17
+6 17
fi=(31)
-80 17
2761 34
fe=(51)
593 17
fi=(31)
2761 34
fe=(51)
593 68
-40 771
+61 859
fi=(31)
1993 34
519 17
+97 51
fe=(51)
-1 17
fi=(31)
1992 17
+1 34
-2 51
+2 17
+1 153
fi=(13)
160 17
fe=(51)
618 17
fi=(13)
160 754
fe=(51)
618 2296
+37 771
fi=(55)
259 2313
fe=(51)
655 771
+1 960
cfi=(55)
cfn=(2780) runtime.(*mspan).moveInlineMarks
calls=320 196 
* 29695
+4 320
509 320
714 320
-4 320
fi=(31)
595 320
fe=(51)
810 320
660 3084
+7 365
fi=(31)
2869 365
fe=(51)
667 1460
fi=(31)
2869 365
fe=(51)
667 2555
+4 730
fi=(49)
1497 771
fi=(42)
391 771
fe=(51)
679 771
fi=(42)
391 3084
fi=(49)
1502 771
+6 1627
-6 8821
+5 1627
fi=(31)
2869 1627
fi=(49)
1507 4881
+1 4881
fe=(51)
680 2313
+1 1542
-1 771
+8 771
+1 771
+1 771
fi=(13)
152 771
fe=(51)
691 771
+6 1542
+1 1542
cfi=(31)
cfn=(332)
calls=771 2920 
* 28133
* 1542
+3 1542
+5 2313
cfi=(49)
cfn=(352)
calls=771 1096 
* 5397
fi=(31)
419 771
fi=(40)
124 2313
fe=(51)
710 4626
+4 6168
+14 1542
+2 2313
fi=(31)
595 3084
fe=(51)
765 1542
+2 1845
509 807
767 269
fi=(31)
595 346
fe=(51)
772 346
+1 692
cfi=(36)
cfn=(254)
calls=346 +3 
* 8650
+1 2422
+4 1038
-4 346
+1 692
cfi=(36)
cfn=(258)
calls=346 +30 
* 5536
+3 1384
fi=(40)
344 692
fe=(51)
509 692
fi=(50)
78 346
fe=(51)
793 346
-13 615
+6 2420
+6 730
+1 200
fi=(50)
78 500
fe=(51)
793 50
cfi=(52)
cfn=(590)
calls=50 83 
* 7947
* 50
+2 1260
fi=(50)
66 3465
fe=(51)
795 315
cfi=(52)
cfn=(590)
calls=315 83 
* 80839
* 315
-7 240
fi=(31)
1667 2160
cfi=(2)
cfn=(134)
calls=14 520 
* 10263
cfi=(2)
cfn=(135)
calls=226 520 
* 199761
* 408
fe=(51)
789 1020
509 312
798 156
+2 482
+40 56
fi=(50)
78 154
fe=(51)
840 14
cfi=(52)
cfn=(590)
calls=14 83 
* 1360
+2 1556
cfn=(2237)
calls=1 396 
* 450253485
-34 284
cfi=(36)
cfn=(254)
calls=142 -32 
* 3550
+1 284
+1 284
+1 426
cfi=(36)
cfn=(258)
calls=142 -6 
* 2272
+3 142
fi=(40)
344 568
fe=(51)
830 284
+4 142
fi=(31)
1667 1278
cfi=(2)
cfn=(134)
calls=1 520 
* 28
cfi=(2)
cfn=(135)
calls=141 520 
* 119739
* 218
fe=(51)
836 436
671 6804
fi=(42)
391 6804
fe=(51)
671 7169
fi=(42)
391 730
fe=(51)
671 730
+1 3402
fi=(31)
2869 3402
fe=(51)
672 6804
fi=(31)
2869 3402
fe=(51)
672 13608

fn=(2773) runtime.(*sweepLocked).sweep'2
505 288
+3 48
+1 196
+4 48
-4 48
+5 48
+3 48
+3 96
fi=(31)
419 48
fi=(40)
124 96
fe=(51)
521 240
-12 48
+4 48
+8 48
fi=(13)
152 48
+37 144
fe=(51)
526 48
-17 48
fi=(13)
251 48
fe=(51)
527 48
+5 48
+21 48
fi=(40)
344 96
fe=(51)
553 96
-19 96
+1 96
+19 96
+1 48
fi=(31)
2761 96
fe=(51)
555 48
-2 48
+61 48
fi=(13)
160 48
fe=(51)
618 144
+37 48
fi=(55)
259 144
fe=(51)
655 48
+1 48
cfi=(55)
cfn=(2780)
calls=16 196 
* 1484
+4 16
509 16
714 16
-4 16
fi=(31)
595 16
fe=(51)
810 16
660 192
+7 38
fi=(31)
2869 38
fe=(51)
667 152
fi=(31)
2869 38
fe=(51)
667 266
+4 76
fi=(49)
1497 48
fi=(42)
391 48
fe=(51)
679 48
fi=(42)
391 192
fi=(49)
1502 48
+6 99
-6 540
+5 99
fi=(31)
2869 99
fi=(49)
1507 297
+1 297
fe=(51)
680 144
+1 96
-1 48
+8 48
+1 48
+1 48
fi=(13)
152 48
fe=(51)
691 48
+6 96
+1 96
cfi=(31)
cfn=(332)
calls=48 2920 
* 1728
* 96
+3 96
+5 144
cfi=(49)
cfn=(352)
calls=48 1096 
* 336
fi=(31)
419 48
fi=(40)
124 144
fe=(51)
710 288
+4 384
+14 96
+2 144
fi=(31)
595 192
fe=(51)
765 96
+2 144
509 57
767 19
fi=(31)
595 29
fe=(51)
772 29
+1 58
cfi=(36)
cfn=(254)
calls=29 +3 
* 725
+1 203
+4 87
-4 29
+1 58
cfi=(36)
cfn=(258)
calls=29 +30 
* 464
+3 116
fi=(40)
344 58
fe=(51)
509 58
fi=(50)
78 29
fe=(51)
793 29
-13 48
+6 192
+6 50
+1 48
fi=(50)
78 120
fe=(51)
793 12
cfi=(52)
cfn=(591) runtime.(*spanSet).push'2
calls=12 83 
* 800
* 12
+2 52
fi=(50)
66 143
fe=(51)
795 13
cfi=(52)
cfn=(591)
calls=13 83 
* 1028
* 13
-7 23
fi=(31)
1667 207
cfi=(2)
cfn=(135)
calls=23 520 
* 12537
* 28
fe=(51)
789 70
+53 100
cfn=(2237)
calls=6 396 
* 2701429681
671 594
fi=(42)
391 594
fe=(51)
671 632
fi=(42)
391 76
fe=(51)
671 76
+1 297
fi=(31)
2869 297
fe=(51)
672 594
fi=(31)
2869 297
fe=(51)
672 1188

fn=(2236)
359 560
+1 224
+4 112
150 112
fi=(40)
+44 112
fe=(51)
-43 448
+3 99
fi=(40)
+82 396
fe=(51)
-82 99
+1 99
-4 99
368 99
152 13
368 26
+1 13
-1 198
+1 99
+1 39
+1 65
+7 304
cfn=(2894) runtime.(*mheap).nextSpanForSweep
calls=152 96 
* 45067
+1 304
fi=(31)
+40 150
fi=(40)
124 150
fe=(51)
383 300
+4 208
+6 294
cfn=(2900)
calls=98 -51 
* 2346
* 294
+2 194
+1 291
cfn=(2772)
calls=97 505 
* 69091
* 291
+4 4
fi=(40)
+20 16
fe=(51)
-13 388
195 2
fi=(40)
-1 2
fe=(51)
+2 8
+3 4
fi=(40)
+37 8
fe=(51)
-37 2
-3 2
380 4
+30 12
cfn=(218)
calls=2 162 
* 380
* 582
cfn=(218)
calls=97 162 
* 2522
* 198
+2 99
+16 4
+17 2
fi=(44)
-15 2
fi=(40)
214 6
fe=(51)
448 6
+1 8
-1 291
+1 388
cfn=(1044)
calls=2 300 
* 450464259

fn=(2237)
359 7191740
+1 2876696
+4 1438348
150 1438348
fi=(40)
+44 1438348
fe=(51)
-43 5753392
+3 187
fi=(40)
+82 748
fe=(51)
-82 187
+1 187
-4 187
368 187
152 1438161
368 2876322
+1 1438161
-1 374
+1 187
+1 4314483
+1 7190805
+7 830
cfn=(2894)
calls=415 96 
* 76066
+1 830
fi=(31)
+40 413
fi=(40)
124 413
fe=(51)
383 826
+4 712
+6 705
cfn=(2900)
calls=235 -51 
* 5340
* 705
+2 370
+1 555
cfn=(2773)
calls=28 505 
* 8667
cfn=(2772)
calls=157 505 
* 58832
* 555
+4 76
fi=(40)
+20 304
fe=(51)
-13 740
195 2
fi=(40)
-1 2
fe=(51)
+2 8
+3 4
fi=(40)
+37 8
fe=(51)
-37 2
-3 2
380 4
+30 12
cfn=(218)
calls=2 162 
* 216
* 1110
cfn=(218)
calls=185 162 
* 4810
* 374
+2 187
+16 4
+17 2
fi=(44)
-15 2
fi=(40)
214 6
fe=(51)
448 6
+1 8
-1 555
+1 740
cfn=(1045)
calls=83 300 
* 22967170420

fn=(1032)
465 2180
+4 436
+1 872
149 436
+1 436
fi=(40)
+44 436
fe=(51)
-43 1744
+3 14
470 14
fi=(40)
236 70
fe=(51)
-82 14
+1 14
-4 14
477 14
152 422
492 422
-22 422
+7 844
+1 422
-8 14
+7 28
+1 14
+2 28
cfn=(2900)
calls=14 342 
* 252
* 42
+5 56
cfn=(218)
calls=14 162 
* 364
+7 14
-7 14
+11 19
cfi=(3)
cfn=(2848)
calls=19 666 
* 57
* 38
-4 38
+1 76
-1 436
+1 3049
+5 1308

fn=(2754) runtime.gcPaceSweeper
982 4
459 4
fi=(40)
194 4
fe=(51)
+20 4
986 4
+8 4
fi=(40)
309 4
fe=(51)
995 4
+4 4
fi=(40)
309 4
fe=(51)
1005 4
fi=(40)
359 4
fe=(51)
1006 4
-6 4
+4 8
+3 4
-7 4
+10 24
+1 4
+4 4
fi=(40)
316 8
fe=(51)
1018 4

fn=(2894)
96 2835
+2 567
-1 1701
-33 567
+34 2743
fi=(50)
-26 3264
fe=(51)
+26 4961
-8 3302
+10 3302
-1 1651
+1 1651
-10 1651
+12 1651
fi=(50)
-30 10461
fe=(51)
+31 951
cfi=(52)
cfn=(214)
calls=951 +47 
* 37875
* 951
fi=(50)
-43 8400
fe=(51)
+45 700
cfi=(52)
cfn=(214)
calls=700 +45 
* 20556
+2 3302
+3 563
-40 563
-6 563
+7 1126
+44 4
-45 4
-6 4
+7 40
+45 16
-45 1126
+36 181
-36 1267
+40 2634

fn=(210)
913 4212
+1 4729
fi=(13)
152 529
+37 1587
fe=(51)
919 529
fi=(13)
251 529
fe=(51)
920 529
-4 933
fi=(40)
309 529
fe=(51)
928 529
fi=(40)
309 529
fe=(51)
929 529
+18 1587
-16 529
+18 1587
-18 529
+18 1587
fi=(40)
309 529
fe=(51)
949 2645
+1 529
fi=(40)
309 529
fe=(51)
950 1587
+1 3
cfn=(2236)
calls=3 359 
* 78
* 6
+1 3
fi=(13)
152 3
+37 3
-37 526
+37 1584
fe=(51)
961 529
fi=(13)
251 529
fe=(51)
962 529
+4 1587
cfi=(13)
cfn=(212)
calls=1 152 
* 3416
-53 18
cfi=(2)
cfn=(1128)
calls=4 687 
* 406309
cfi=(2)
cfn=(1129)
calls=2 687 
* 50977

fn=(211) runtime.deductSweepCredit'2
913 70
+1 70
+2 42
cfi=(13)
cfn=(212)
calls=1 152 
* 355978

fn=(2302) runtime.finishsweep_m
231 20
+8 4
cfn=(2236)
calls=4 359 
* 104
* 8
-32 4
fi=(40)
-13 4
fe=(51)
+53 8
+8 12
+1 4
+1 1088
fi=(50)
60 3808
+12 1632
fe=(51)
256 1088
fi=(50)
60 3264
fe=(51)
258 544
cfi=(52)
cfn=(2304) runtime.(*spanSet).reset
calls=544 -6 
* 24582
fi=(50)
72 1632
fe=(51)
259 544
cfi=(52)
cfn=(2304)
calls=544 -7 
* 18462
fi=(50)
60 544
fe=(51)
256 1640
+11 12
cfi=(44)
cfn=(2308)
calls=4 436 
* 1253
+2 4
cfi=(31)
cfn=(2318)
calls=4 2994 
* 376
+1 12

fn=(2900)
342 3690
+1 1476
+4 4428
+4 3684
+3 3070
-6 620

fl=(222)
fn=(1904) testing.(*durationOrCountFlag).String
44 15
+1 6
+3 3
fi=(128)
950 9
+1 3
cfn=(1894)
calls=3 +6 
* 557
+1 33
cfi=(16)
cfn=(1898)
calls=3 139 
* 380
fe=(222)
48 9

fn=(3830) testing.(*B).runN.func1
201 14
+1 8
cfi=(216)
cfn=(2078) testing.(*common).runCleanup
calls=2 1630 
* 36940
+1 4
cfi=(216)
cfn=(2110) testing.(*common).checkRaces
calls=2 1694 
* 30
+1 6

fn=(3928) testing.(*B).runN.deferwrap1
199 12
fi=(297)
65 2
fi=(296)
194 8
+1 2
fe=(222)
+4 6

fn=(4002) testing.BenchmarkResult.MemString
665 12
+2 8
-83 5
cfi=(19)
cfn=(1844)
calls=1 161 
* 16
* 2
+3 3
+3 4
+77 10
-95 5
cfi=(19)
cfn=(1844)
calls=1 161 
* 16
* 2
+3 4
+3 3
+88 5
+1 2
cfi=(64)
cfn=(2160)
calls=1 400 
* 98
* 5
cfi=(64)
cfn=(2160)
calls=1 400 
* 160
* 3
-1 7
cfi=(233)
cfn=(2162) fmt.Sprintf
calls=1 237 
* 1829
* 3

fn=(2226)
fi=(30)
1067 4
cfn=(192)
calls=1 * 
* 1616803
fe=(222)
197 14
fi=(296)
63 4
fe=(222)
197 2
+1 2
fi=(297)
46 2
fi=(296)
+17 14
fe=(222)
199 14
+1 6
cfi=(129)
cfn=(1950)
calls=2 +40 
* 1701
* 6
+1 14
+6 2
cfi=(58)
cfn=(2228) runtime.GC
calls=2 522 
* 1156772
+1 6
cfi=(216)
cfn=(2048) testing.(*common).resetRaces
calls=2 1676 
* 46
+1 6
+1 2
+2 2
+1 8
+1 2
-1 6
+1 2
+2 2
+1 2
cfn=(2928) testing.(*B).ResetTimer
calls=2 -51 
* 7006
+1 4
cfn=(2934) testing.(*B).StartTimer
calls=2 -80 
* 42731
+1 8
cfi=(242)
cfn=(2994)
calls=1 373 
* 17906
cfn=(2964) testing.runBenchmarks.func1
calls=1 724 
* 32666
+1 2
cfn=(3828)
calls=1 -69 
* 746
+1 3
+1 2
+2 4
+3 4
cfn=(3830)
calls=1 -26 
* 36392
* 4
cfn=(3928)
calls=1 -28 
* 15
* 3
cfn=(2974) testing.(*B).run1.func1
calls=1 +19 
* 56466

fn=(2227) testing.(*B).runN'2
220 2
cfn=(3828)
calls=1 -69 
* 64
+1 3
+1 2
+2 2
+3 4
cfn=(3830)
calls=1 -26 
* 610
* 4
cfn=(3928)
calls=1 -28 
* 15
* 3
cfn=(2140) testing.runBenchmarks
calls=1 736 
* 1476

fn=(2928)
166 15
+1 15
+5 2
cfi=(123)
cfn=(3504)
calls=1 +6 
* 26
+2 1
-2 1
-2 8
cfi=(123)
cfn=(1408)
calls=2 62 
* 6954
* 10
+4 6
+1 2
cfi=(36)
cfn=(2936)
calls=1 356 
* 28822
+1 3
+1 2
fi=(303) /usr/local/go/src/testing/testing_other.go
25 1
cfi=(128)
cfn=(1300)
calls=1 1347 
* 80
fe=(222)
178 6
+2 2
+1 1
+2 3
-3 2
+1 2
+2 6

fn=(2966) testing.(*B).Run
808 8
fi=(296)
195 2
fe=(222)
808 2
+3 1
fi=(110)
22 2
fe=(222)
812 1
fi=(297)
65 1
fi=(296)
194 4
+1 1
fe=(222)
813 7
+3 1
-1 2
+1 2
+1 6
cfi=(224)
cfn=(2056)
calls=1 83 
* 5089
+2 3
+9 1
+8 1
-17 5
+3 2
cfi=(30)
cfn=(190)
calls=1 2156 
* 1415
* 1
+1 1
fi=(240) /usr/local/go/src/runtime/extern.go
339 5
cfi=(82)
cfn=(972)
calls=1 1093 
* 20469
* 1
fe=(222)
826 3
cfi=(96)
cfn=(850)
calls=1 75 
* 772
+4 3
-4 1
-2 2
cfi=(30)
cfn=(190)
calls=1 2156 
* 720
+2 3
+1 1
+1 1
-2 2
+1 3
+1 1
+1 3
+1 8
+1 6
+1 5
+1 1
+2 5
+1 2
-1 2
+1 1
+1 6
+1 3
-14 1
+14 1
+2 1
fi=(216)
1125 2
cfi=(30)
cfn=(190)
calls=1 2156 
* 813
* 6
fe=(222)
819 2
+22 1
+6 3
+20 2
cfn=(2972)
calls=1 231 
* 3228
* 3
+1 2
cfn=(3944) testing.(*B).run
calls=1 275 
* 12917
+2 17
cfn=(4008) testing.(*B).add
calls=1 +7 
* 145
+1 8
cfn=(4010) testing.(*B).Run.deferwrap1
calls=1 -58 
* 16
* 4
cfn=(2964)
calls=1 725 
* 77

fn=(3502)
414 10
+2 8
+3 8
+4 4
+2 3
+2 2
+6 2
+1 1
cfn=(2928)
calls=1 166 
* 28964
+3 2
+1 4
+5 3
+3 2
+10 1
cfn=(3828)
calls=1 151 
* 33767
+2 3
+1 1
+1 4

fn=(3962) testing.(*benchState).processBench
740 6
+1 16
+1 3
+6 1
-7 3
+2 1
-1 11
+1 2
cfi=(221)
cfn=(1900)
calls=1 70 
* 163
+1 3
-72 3
+1 4
cfi=(64)
cfn=(1212)
calls=1 419 
* 279
* 5
cfi=(64)
cfn=(2160)
calls=1 400 
* 14
* 9
cfi=(233)
cfn=(2162)
calls=1 237 
* 944
+74 1
-4 1
+1 2
+3 2
+1 6
cfi=(64)
cfn=(2160)
calls=1 400 
* 14
* 6
cfi=(64)
cfn=(1212)
calls=1 419 
* 279
* 12
cfi=(233)
cfn=(3950) fmt.Fprintf
calls=1 222 
* 1396
+23 1
-5 1
-23 1
+28 1
-20 6
+15 3
cfn=(3968)
calls=1 295 
* 331
* 14
+1 3
+7 7
cfn=(3976) testing.BenchmarkResult.String
calls=1 600 
* 4247
* 2
+1 3
+3 5
+1 7
cfn=(4002)
calls=1 665 
* 2202
* 8
cfi=(16)
cfn=(2040)
calls=1 69 
* 964
+2 2
cfi=(64)
cfn=(1212)
calls=1 419 
* 279
* 11
cfi=(233)
cfn=(4004) fmt.Fprintln
calls=1 303 
* 1671
+3 4
+4 2
cfi=(221)
cfn=(1900)
calls=1 70 
* 87
* 3
+3 4
+5 4
cfn=(3944)
calls=1 288 
* 271

fn=(3968)
fi=(12)
482 7
+1 3
cfn=(944)
calls=1 1120 
* 117
+1 3
cfi=(2)
cfn=(135)
calls=1 +82 
* 39139
4253 5
fi=(13)
189 1
fi=(12)
4254 2
fi=(13)
152 1
+37 3
fi=(12)
4256 3
+6 2
+1 3
fi=(13)
251 1
fi=(12)
4267 1
+8 3
cfn=(660)
calls=1 1277 
* 47
fi=(13)
251 2
fi=(12)
4276 1
-33 2
fi=(62)
292 1
fi=(12)
4280 1
fi=(62)
300 1
-8 1
fi=(12)
4244 1
fi=(62)
248 1
+18 1
-18 1
fi=(12)
4282 4
+1 4
cfi=(96)
cfn=(878)
calls=1 748 
* 62
+1 5
-1 1
+3 1
-23 2
+23 1
+14 1
+4 1
cfn=(730)
calls=1 4135 
* 541
fe=(222)
295 5
+3 1
-3 4
+1 2
cfi=(30)
cfn=(190)
calls=1 2156 
* 268
* 8
cfi=(12)
cfn=(630)
calls=1 5295 
* 43
+1 4
cfi=(96)
cfn=(856)
calls=1 508 
* 230

fn=(3969)
298 18
cfn=(3962)
calls=1 766 
* 9815

fn=(3970) testing.(*B).doBench.gowrap1
296 7
cfn=(3972) testing.(*B).launch
calls=1 +35 
* 258
* 3
cfi=(2)
cfn=(3933) runtime.goexit.abi0'2
calls=1 1772 
* 39108

fn=(3976)
600 12
+1 2
cfi=(30)
cfn=(190)
calls=1 2156 
* 270
* 1
+1 3
cfi=(64)
cfn=(2160)
calls=1 400 
* 14
* 11
cfi=(233)
cfn=(3950)
calls=1 222 
* 1017
+3 5
cfi=(19)
cfn=(1844)
calls=1 161 
* 16
* 2
+1 1
+1 7
+2 4
fi=(232)
33 2
+63 1
-63 2
+7 2
+57 11
cfi=(60)
cfn=(378)
calls=1 +81 
* 261
* 5
fe=(222)
611 1
-1 1
fi=(232)
97 3
fe=(222)
611 5
cfn=(3982) testing.prettyPrint
calls=1 +26 
* 2407
+3 8
-54 5
cfi=(19)
cfn=(1844)
calls=1 161 
* 16
* 2
+3 4
+51 5
+7 10
cfi=(123)
cfn=(2094)
calls=1 156 
* 48
* 8
+8 8
fi=(302)
18 10
cfi=(261)
cfn=(3270)
calls=1 +45 
* 40
fe=(222)
630 6
fi=(232)
47 8
fe=(222)
634 3

fn=(3944)
275 5
+1 3
fi=(110)
19 2
fi=(157)
+48 2
+2 3
cfn=(1486)
calls=1 +4 
* 9380
fe=(222)
286 4
+2 3
cfn=(3962)
calls=1 740 
* 3515
* 1
+5 3
cfn=(2966)
calls=1 870 
* 267

fn=(2934)
138 10
+1 6
+1 4
cfi=(36)
cfn=(2936)
calls=2 356 
* 42517
+1 6
+1 4
fi=(303)
25 2
cfi=(128)
cfn=(1300)
calls=2 1347 
* 160
fe=(222)
143 12
+1 2
+1 2
+2 6

fn=(3948) testing.(*B).run.func1
276 7
+1 12
cfi=(233)
cfn=(3950)
calls=1 -55 
* 3586
+1 13
cfi=(233)
cfn=(3950)
calls=1 -56 
* 1142
+1 3
+1 4
cfi=(64)
cfn=(1212)
calls=1 419 
* 279
* 13
cfi=(233)
cfn=(3950)
calls=1 -58 
* 1899
+2 3
cfi=(121)
cfn=(3952)
calls=1 57 
* 916
* 2
+1 3
cfi=(64)
cfn=(1212)
calls=1 419 
* 279
* 13
cfi=(233)
cfn=(3950)
calls=1 -61 
* 1130
+2 3

fn=(3974)
334 6
+1 3
cfi=(96)
cfn=(934)
calls=1 160 
* 204
+1 3
cfn=(3972)
calls=1 +26 
* 39114

fn=(4008)
877 5
549 1
877 6
+4 1
+1 8
549 5
cfi=(19)
cfn=(1844)
calls=1 161 
* 16
* 2
+3 3
+3 4
882 3
+1 2
+3 1
+1 1
+2 2
+3 8
572 5
cfi=(19)
cfn=(1844)
calls=1 161 
* 16
* 3
+3 3
+3 4
892 3
+1 8
584 5
cfi=(19)
cfn=(1844)
calls=1 161 
* 16
* 3
+3 3
+3 3
893 2
+1 3

fn=(1902) testing.initBenchmarkFlags
25 5
fi=(182)
899 8
cfn=(1848)
calls=1 -9 
* 939
fe=(222)
26 3
fi=(182)
769 7
cfn=(1832)
calls=1 -9 
* 909
fe=(222)
27 3
fi=(182)
1046 1
fe=(222)
28 1
fi=(182)
1046 7
cfn=(1834)
calls=1 -36 
* 8466
fe=(222)
29 3

fn=(2140)
691 8
+2 4
+5 7
+1 2
-1 4
-5 4
+5 1
-5 1
+11 9
cfi=(224)
cfn=(1956)
calls=1 55 
* 18514
* 1
-32 3
+1 9
cfi=(64)
cfn=(2160)
calls=1 400 
* 14
* 9
cfi=(233)
cfn=(2162)
calls=1 237 
* 2373
+32 1
-2 2
cfi=(30)
cfn=(190)
calls=1 2156 
* 241
+1 4
-1 1
+1 1
+1 2
+3 13
+1 1
-1 20
+1 1
-1 2
+1 2
cfi=(224)
cfn=(2056)
calls=1 83 
* 6822
* 2
+1 9
cfi=(60)
cfn=(378)
calls=1 178 
* 328
* 5
-38 2
+38 1
-37 1
+37 4
-38 1
+39 3
-38 6
cfi=(64)
cfn=(1212)
calls=1 419 
* 252
* 5
cfi=(64)
cfn=(2160)
calls=1 400 
* 14
* 9
cfi=(233)
cfn=(2162)
calls=1 237 
* 1204
* 2
-1 1
+39 2
+1 6
+1 2
+4 3
cfi=(30)
cfn=(190)
calls=1 2156 
* 1377
+2 3
+1 5
+3 1
-3 1
-3 1
+3 1
+1 1
+2 3
+1 2
cfi=(30)
cfn=(190)
calls=1 2156 
* 241
* 13
+5 6
+1 5
fi=(182)
1193 1
-12 2
fi=(216)
725 1
+3 1
fe=(222)
+4 1
+3 3
cfn=(2226)
calls=1 197 
* 1195468
+1 6
cfi=(216)
cfn=(1912)
calls=1 2459 
* 1470

fn=(2964)
724 5
+1 1
-1 3
+1 7
+1 1
cfn=(2966)
calls=1 +82 
* 32647
-1 4
+1 1
-1 5
+3 3
cfn=(2227)
calls=1 220 
* 66

fn=(2974)
246 4
cfn=(3930) testing.(*B).run1.func1.1
calls=1 -5 
* 861
* 3
cfi=(2)
cfn=(3932) runtime.goexit.abi0
calls=1 1772 
* 55598

fn=(3828)
fi=(12)
1536 6
+1 1
cfn=(2272)
calls=1 +91 
* 1638
* 4
+1 3
cfi=(2)
cfn=(135)
calls=1 566 
* 26732
fe=(222)
151 12
+1 6
+1 6
fi=(303)
30 4
cfi=(128)
cfn=(2118)
calls=2 1227 
* 137
fe=(222)
153 4
+1 4
cfi=(36)
cfn=(2936)
calls=2 356 
* 33749
+1 4
+1 3
+1 1
+2 1
+2 3
-10 3
cfi=(2)
cfn=(1128)
calls=1 687 
* 729
* 2
cfn=(3829) testing.(*B).StopTimer'2
calls=1 * 
* 10

fn=(3829)
151 5
+1 2
+3 4
+1 3
+1 1
+2 1
+2 3
cfn=(2227)
calls=1 +60 
* 2119
* 3

fn=(3982)
637 5
+7 4
fi=(304) /usr/local/go/src/math/unsafe.go
35 1
fi=(305) /usr/local/go/src/math/abs.go
-21 2
fi=(304)
+27 1
fe=(222)
643 1
+1 8
+1 1
+16 6
cfi=(64)
cfn=(2160)
calls=1 400 
* 160
* 6
cfi=(64)
cfn=(1212)
calls=1 419 
* 279
* 11
cfi=(233)
cfn=(3950)
calls=1 222 
* 1919
+1 3

fn=(2972)
231 6
+1 4
+2 6
+4 2
cfi=(30)
cfn=(190)
calls=1 2156 
* 268
* 8
cfi=(12)
cfn=(630)
calls=1 5295 
* 2257
+9 4
cfi=(96)
cfn=(856)
calls=1 508 
* 673
+1 3
+6 1
fi=(110)
94 3
fi=(229)
-22 2
fe=(222)
255 1
+1 1
fi=(110)
94 3
fi=(229)
+26 2
fi=(110)
19 2
fe=(222)
257 1
-2 1
+2 1
+11 4
cfn=(2966)
calls=1 867 
* 12922

fn=(4010)
813 6
fi=(297)
46 1
fi=(296)
+17 6
fe=(222)
813 3

fn=(1922) testing.(*durationOrCountFlag).Set
51 6
fi=(18)
-30 7
fi=(162)
526 1
fe=(222)
52 1
+1 9
cfi=(219)
cfn=(1926)
calls=1 +84 
* 185
* 1
+1 9
+3 3
+1 6

fn=(3930)
241 6
+1 3
cfi=(96)
cfn=(934)
calls=1 -82 
* 849
+1 3

fn=(3972)
331 8
+3 6
+6 2
+21 25
+1 4
cfn=(3974)
calls=1 -28 
* 213
* 3
cfn=(3970)
calls=1 -66 
* 39111

fl=(288)
fn=(3912)
20 6
+1 6
-4 6
fi=(287)
173 12
fi=(28)
11 6
fe=(288)
+14 6
fi=(287)
179 6
+23 6
fe=(288)
25 12

fl=(47) /usr/local/go/src/internal/cpu/cpu_x86.go
fn=(404) internal/cpu.doinit.func1
219 4
+1 1

fn=(3958) internal/cpu.Name
239 6
+1 2
+4 4
+3 3
cfi=(59)
cfn=(398)
calls=1 11 
* 8
* 4
+1 6
-4 1
+27 1
+1 4
-1 22
+1 4
-1 4
+1 8
-1 3
-22 3
cfi=(59)
cfn=(398)
calls=1 11 
* 8
* 4
+1 2
+21 6
+1 4
-1 18
+1 4
-1 8
+1 8
-1 3
-20 3
cfi=(59)
cfn=(398)
calls=1 11 
* 8
* 4
+1 2
+19 6
+1 4
-1 22
+1 4
-1 4
+1 8
-17 5
+5 252
+1 43
+6 3
cfi=(16)
cfn=(1898)
calls=1 139 
* 211
* 3

fn=(188) internal/cpu.doinit
71 5
+1 2
cfi=(30)
cfn=(190)
calls=1 2156 
* 13341
+1 5
+1 5
+1 5
+1 5
+1 5
+1 5
+1 5
+1 5
-8 5
+10 1
cfi=(59)
cfn=(376)
calls=1 -43 
* 2
* 4
+1 2
+3 10
cfi=(60)
cfn=(378)
calls=1 +92 
* 4313
* 5
+7 1
-7 35
+7 2
+3 11
cfi=(60)
cfn=(378)
calls=1 +82 
* 4121
* 5
+7 1
-7 35
+7 2
+3 41
+9 2
cfi=(59)
cfn=(398)
calls=1 11 
* 8
* 3
+2 2
-2 1
+7 3
cfi=(59)
cfn=(398)
calls=1 11 
* 8
* 4
+2 2
cfi=(59)
cfn=(398)
calls=1 11 
* 8
* 3
+2 2
+1 2
+1 2
+1 2
+1 2
+1 2
+1 2
233 1
-96 1
+5 1
-18 1
+19 1
cfi=(59)
cfn=(400)
calls=1 22 
* 5
* 3
+90 1
-88 1
+88 2
-88 2
+6 1
+82 1
-82 2
+3 1
+79 3
-79 2
+79 1
-71 2
-8 1
+8 4
+2 4
-10 2
+15 2
cfi=(59)
cfn=(398)
calls=1 11 
* 8
* 5
+1 1
+2 1
+1 1
+1 1
+1 1
+58 2
-62 2
-2 2
+1 2
+1 1
+1 2
+1 2
+1 2
+1 2
+58 1
-57 2
-7 1
+7 1
+57 2
-55 4
+1 1
+19 2
+3 3
cfi=(59)
cfn=(398)
calls=1 11 
* 8
* 3
+2 1
+5 3
cfi=(59)
cfn=(398)
calls=1 11 
* 8
* 3
+1 2
+2 2
-42 2
+42 3
+11 1
+8 3

fl=(2)
fn=(902)
1245 7
+1 7
+1 7
+2 7
+1 7
+2 7

fn=(338)
878 53466

fn=(2338)
1889 1695
+1 1695
cfn=(2341) gcWriteBarrier'2
calls=8 -77 
* 152
cfn=(2340) gcWriteBarrier
calls=1687 -77 
* 101033

fn=(2690)
1892 134
+1 134
cfn=(2341)
calls=4 -80 
* 76
cfn=(2340)
calls=130 -80 
* 35323

fn=(3780)
1901 10
+1 10
cfn=(2340)
calls=10 -89 
* 190

fn=(2)
16 1
+1 1
+1 1
cfn=(4) runtime.rt0_go.abi0
calls=1 177 
* 470544

fn=(1602)
1664 43
+1 43
+1 43
+1 43
+1 43
+1 43
+1 43
+1 43
+1 43

fn=(3932)
1772 1
cfi=(4)
cfn=(3934) runtime.goexit1.abi0
calls=1 0 
* 55597

fn=(3933)
fi=(12)
4491 5
+8 1
cfn=(3658)
calls=1 +4 
* 337
+1 1
cfn=(730)
calls=1 4135 
* 10203
fe=(2)
1772 1
cfi=(4)
cfn=(3935) runtime.goexit1.abi0'2
calls=1 0 
* 40
fi=(3)
277 1
+1 1
+1 1
+6 1
+1 1
+1 1
+1 1
+3 1
+1 1
+1 1
+1 3
cfi=(22)
cfn=(1286)
calls=1 33 
* 28504
+2 1
+1 1
+1 1
fe=(2)

fn=(134)
520 4020
+12 2010
+2 2010
+1 2010
+2 2010
+1 2010
+2 2010
+1 2010
+1 2010
+2 1918
+1 1918
+7 1918
cfn=(756) gosave_systemstack_switch
calls=1918 890 
* 17262
+3 1918
+1 1918
+1 1918
+3 1918
+1 1918
+1 1918
cfi=(236)
cfn=(3788) runtime.gcAssistAlloc.func2
calls=2 +76 
* 51521
cfi=(76)
cfn=(2642) runtime.wbBufFlush.func1
calls=13 180 
* 433997
cfi=(275)
cfn=(3562) runtime.newcoro.func1
calls=392 47 
* 202212
cfi=(141)
cfn=(3490)
calls=201 -80 
* 65937
cfi=(201)
cfn=(3392)
calls=45 1120 
* 102794
cfi=(201)
cfn=(3376)
calls=45 1003 
* 22063
cfi=(12)
cfn=(3308)
calls=70 4959 
* 25250
cfi=(12)
cfn=(2956)
calls=4 1546 
* 7556
cfi=(36)
cfn=(2944) runtime.ReadMemStats.func1
calls=4 360 
* 89802
cfi=(12)
cfn=(2940)
calls=4 1536 
* 6388
cfi=(237)
cfn=(2912) runtime.freeSomeWbufs.func1
calls=2 -15 
* 1455
cfi=(31)
cfn=(2786)
calls=2 1667 
* 1425
cfi=(12)
cfn=(2834)
calls=2 2112 
* 67457
cfi=(6)
cfn=(2830)
calls=2 1309 
* 1898
cfi=(58)
cfn=(2768) runtime.gcMarkTermination.func3
calls=2 1500 
* 91185
cfi=(56)
cfn=(2750) runtime.gcControllerCommit
calls=2 1518 
* 589
cfi=(58)
cfn=(2742) runtime.gcMarkTermination.func2
calls=2 1377 
* 962
cfi=(58)
cfn=(2734) runtime.gcMarkTermination.func1
calls=2 1365 
* 1272
cfi=(12)
cfn=(2720)
calls=6 -80 
* 1096
cfi=(58)
cfn=(2700) runtime.gcMarkDone.func3
calls=2 1103 
* 1353
cfi=(58)
cfn=(2698) runtime.gcMarkDone.func2
calls=2 1083 
* 3370
cfi=(12)
cfn=(2668)
calls=4 2112 
* 13172
cfi=(58)
cfn=(2424) runtime.gcBgMarkWorker.func2
calls=6 1847 
* 1732545
cfi=(58)
cfn=(2352) runtime.gcStart.func4
calls=4 947 
* 50773
cfi=(58)
cfn=(2300) runtime.gcStart.func3
calls=4 869 
* 60681
cfi=(58)
cfn=(2270) runtime.gcStart.func2
calls=4 834 
* 6682
cfi=(58)
cfn=(2260) runtime.gcResetMarkState
calls=4 2113 
* 2626
cfi=(12)
cfn=(942)
calls=7 -80 
* 1391
cfi=(23)
cfn=(1024)
calls=20 -99 
* 7171
cfi=(82)
cfn=(974)
calls=26 1098 
* 486561
cfi=(141)
cfn=(1390)
calls=204 -25 
* 86604
cfi=(30)
cfn=(136)
calls=192 2331 
* 25080
cfi=(31)
cfn=(224)
calls=605 1011 
* 1068289
cfi=(12)
cfn=(632)
calls=12 5298 
* 29859
cfi=(12)
cfn=(758)
calls=1 174 
* 6593
+4 1912
+1 1912
+1 1912
+1 1912
+1 1912
+1 1912
+1 1912
+1 1912
+1 3824
cfi=(12)
cfn=(630)
calls=1 5298 
* 40216
cfi=(31)
cfn=(2776)
calls=1 1667 
* 450337411
cfi=(76)
cfn=(2640)
calls=1 180 
* 202
cfi=(141)
cfn=(1370)
calls=3 -92 
* 93439
cfi=(58)
cfn=(2251) runtime.gcBgMarkWorker'2
calls=1 1847 
* 67595
cfi=(31)
cfn=(222)
calls=5 1011 
* 1780418
cfi=(12)
cfn=(950)
calls=1 -92 
* 66595
+6 92
+1 92
+3 92
+1 92
cfi=(12)
cfn=(3704)
calls=1 5547 
* 579
cfi=(31)
cfn=(2786)
calls=12 1667 
* 8594
cfi=(236)
cfn=(2548) runtime.markroot.func1
calls=13 280 
* 109463
cfi=(237)
cfn=(2466) runtime.getempty.func1
calls=1 449 
* 531
cfi=(236)
cfn=(2436) runtime.markrootFreeGStacks
calls=1 359 
* 86
cfi=(76)
cfn=(2642)
calls=7 180 
* 65945
cfi=(23)
cfn=(1024)
calls=1 463 
* 472
cfi=(82)
cfn=(974)
calls=1 1098 
* 27636
cfi=(12)
cfn=(632)
calls=1 5298 
* 9010
cfi=(12)
cfn=(434)
calls=5 5277 
* 5584
cfi=(31)
cfn=(224)
calls=34 1011 
* 195932
cfi=(45)
cfn=(170) runtime.allocmcache.func1
calls=6 99 
* 927
cfi=(30)
cfn=(136)
calls=9 2331 
* 2199

fn=(135)
520 2344
+12 1172
+2 1172
+1 1172
+2 1172
+1 1172
+2 1172
+1 1172
+1 1172
+2 168
+1 168
+7 168
cfn=(756)
calls=168 890 
* 1512
+3 168
+1 168
+1 168
+3 168
+1 168
+1 168
+4 168
+1 168
+1 168
+1 168
+1 168
+1 168
+1 168
+1 168
+1 336
cfi=(12)
cfn=(2954)
calls=1 1546 
* 2192
cfi=(36)
cfn=(2937)
calls=1 360 
* 4304
cfi=(12)
cfn=(2938)
calls=1 1536 
* 26722
cfi=(12)
cfn=(950)
calls=1 -92 
* 39129
cfi=(31)
cfn=(2776)
calls=1 1667 
* 126968
cfi=(12)
cfn=(2864)
calls=2 2112 
* 135191
cfi=(237)
cfn=(2908)
calls=2 -27 
* 450232329
cfi=(30)
cfn=(133)
calls=7 2331 
* 3151683719
cfi=(31)
cfn=(2777)
calls=45 1667 
* 10807750538
cfi=(31)
cfn=(2777)
calls=31 1667 
* 9007741664
cfi=(58)
cfn=(2731)
calls=2 1528 
* 195549
cfi=(58)
cfn=(2731)
calls=2 1500 
* 198620
cfi=(58)
cfn=(2731)
calls=2 1412 
* 232888
cfi=(58)
cfn=(2731)
calls=2 1377 
* 233680
cfi=(58)
cfn=(2730)
calls=2 1365 
* 234738
cfi=(58)
cfn=(2659)
calls=2 1103 
* 240228
cfi=(58)
cfn=(2658)
calls=2 1083 
* 241798
cfi=(12)
cfn=(2667)
calls=4 2112 
* 498117
cfi=(12)
cfn=(2666)
calls=2 2112 
* 259840
cfi=(76)
cfn=(2640)
calls=1 180 
* 4718
cfi=(141)
cfn=(1371)
calls=3 -37 
* 74420
cfi=(31)
cfn=(222)
calls=3 1011 
* 84690
cfi=(275)
cfn=(3561)
calls=4 47 
* 4880
cfi=(275)
cfn=(3560)
calls=4 47 
* 59791
cfi=(44)
cfn=(2515)
calls=4 682 
* 134102
cfi=(44)
cfn=(2514)
calls=1 682 
* 37021
cfi=(58)
cfn=(2251)
calls=10 1847 
* 3140418
cfi=(12)
cfn=(2722)
calls=4 -92 
* 269767
cfi=(23)
cfn=(371)
calls=4 463 
* 1316043
cfi=(30)
cfn=(132)
calls=2 2331 
* 450283557
cfi=(82)
cfn=(972)
calls=4 1098 
* 1319519
cfi=(31)
cfn=(223)
calls=10 1011 
* 262132
cfi=(58)
cfn=(2250)
calls=2 1847 
* 132958
+6 1004
+1 1004
+3 1004
+1 1004
cfi=(31)
cfn=(3814)
calls=109 1667 
* 117317
cfi=(12)
cfn=(3704)
calls=390 5547 
* 29065
cfi=(36)
cfn=(2948) runtime.flushallmcaches
calls=5 +47 
* 82347
cfi=(58)
cfn=(2838) runtime.gcMarkTermination.func4.1
calls=14 1548 
* 52289
cfi=(31)
cfn=(2786)
calls=204 1667 
* 208182
cfi=(76)
cfn=(2642)
calls=34 180 
* 70948
cfi=(236)
cfn=(2548)
calls=50 280 
* 294884
cfi=(237)
cfn=(2466)
calls=3 449 
* 10053
cfi=(236)
cfn=(2436)
calls=3 359 
* 258
cfi=(31)
cfn=(224)
calls=10 1011 
* 14779
cfi=(12)
cfn=(434)
calls=33 5277 
* 26174
cfi=(30)
cfn=(136)
calls=149 2331 
* 20276

fn=(696)
416 8

fn=(2386)
1886 1331
+1 1331
cfn=(2341)
calls=5 -74 
* 95
cfn=(2340)
calls=1326 -74 
* 89657

fn=(756)
890 2086
+1 2086
+1 2086
+1 2086
+1 2086
+2 2086
+1 2086
+1 2086
+2 2086

fn=(3072) runtime.getfp
2174 1813
+1 1813

fn=(3776)
1904 20
+1 20
cfn=(2340)
calls=20 -92 
* 380

fn=(688)
425 8
+1 8
cfi=(4)
cfn=(690) runtime.mstart0.abi0
calls=8 0 
* 2808013

fn=(872)
fi=(141)
482 21
+1 9
cfi=(31)
cfn=(3492)
calls=3 2149 
* 927
+2 6
+4 9
cfi=(2)
cfn=(134)
calls=3 +77 
* 93469
fi=(58)
1695 42
cfn=(2250)
calls=6 +55 
* 8336
fi=(31)
-28 9
+2 1
cfi=(13)
cfn=(2788)
calls=1 160 
* 2
* 2
+8 3
cfi=(14)
cfn=(2790)
calls=1 151 
* 31
+17 4
cfn=(2792)
calls=1 +36 
* 586
+1 2
cfi=(14)
cfn=(2802)
calls=1 260 
* 49
+1 3
cfi=(2)
cfn=(134)
calls=1 566 
* 450337421
fi=(76)
180 5
+1 3
cfn=(2644)
calls=1 +14 
* 34017
+1 3
cfi=(2)
cfn=(134)
calls=1 566 
* 212
fi=(275)
-87 6918
cfi=(104)
cfn=(3680)
calls=408 288 
* 1488190
cfi=(104)
cfn=(3612)
calls=168 288 
* 430817
cfi=(104)
cfn=(3666)
calls=1124 318 
* 21434330
cfi=(104)
cfn=(3576)
calls=606 318 
* 17272946
fi=(12)
463 9
cfi=(51)
cfn=(1044)
calls=1 300 
* 1749410
cfi=(44)
cfn=(952)
calls=1 -37 
* 665143
cfi=(5)
cfn=(2416)
calls=1 602 
* 1068388
fe=(2)
-5 5050
+8 2525
+5 2525
+1 2525
+1 2525
+1 2525
+1 2525
+3 2525
+1 2525
+3 2525
+1 2525
+1 2525
+1 2525
+3 2525
+1 2525
+2 2525
+1 2525
+1 2525
+1 2525
+1 2525
+1 2525
cfi=(275)
cfn=(3584) runtime.coroswitch_m
calls=2480 109 
* 494496
cfi=(12)
cfn=(874)
calls=16 4253 
* 38126
0 24
fi=(9)
1 48
cfi=(6)
cfn=(1134)
calls=24 1026 
* 465272
fe=(2)

fn=(873)
fi=(275)
69 252
+1 36
+1 36
+1 100
cfi=(2)
cfn=(2386)
calls=14 1886 
* 294
* 42
+2 84
+1 42
cfi=(104)
cfn=(3592)
calls=7 271 
* 163380
cfi=(104)
cfn=(3668)
calls=7 271 
* 108053
-3 44
+2 132
+1 66
cfi=(104)
cfn=(3593)
calls=2 271 
* 48384
cfi=(104)
cfn=(3592)
calls=20 271 
* 412940
fi=(141)
193 6
+7 1
+1 1
fi=(14)
-49 1
fi=(79)
24 2
cfi=(14)
cfn=(90)
calls=1 155 
* 21
fi=(141)
202 4
cfi=(2)
cfn=(2338)
calls=1 1889 
* 21
* 4
+1 1
fi=(14)
+58 1
fi=(79)
35 2
cfi=(14)
cfn=(98)
calls=1 267 
* 43
* 4
fi=(14)
152 1
fi=(79)
24 2
cfi=(14)
cfn=(90)
calls=1 155 
* 21
fi=(141)
207 1
+1 1
+1 2
+1 6
cfi=(12)
cfn=(871)
calls=1 445 
* 986
fi=(31)
1011 10
fi=(51)
459 1
fi=(40)
194 1
fi=(51)
+20 1
fi=(31)
1014 1
+3 2
cfn=(234)
calls=1 1224 
* 550
* 2
+1 3
cfi=(2)
cfn=(134)
calls=1 566 
* 20926
fi=(12)
5298 8
+1 4
cfn=(634)
calls=1 +14 
* 1050
+2 2
+1 5
cfn=(684)
calls=1 7478 
* 20
+2 2
+1 1
cfn=(826)
calls=1 3212 
* 506
+2 3
cfi=(2)
cfn=(134)
calls=1 566 
* 40226
7086 5
+1 4
cfi=(2)
cfn=(2338)
calls=1 1889 
* 21
* 4
+3 1
fi=(14)
152 1
fi=(79)
24 3
cfi=(14)
cfn=(90)
calls=1 155 
* 21
fi=(40)
124 1
+44 1
fi=(12)
7091 1
+3 1
fi=(40)
179 1
-48 3
fi=(12)
7095 1
468 6
cfn=(871)
calls=1 -23 
* 6973
fi=(275)
95 22422
cfi=(104)
cfn=(3680)
calls=782 288 
* 2870304
cfi=(104)
cfn=(3612)
calls=322 288 
* 825478
cfi=(104)
cfn=(3667)
calls=840 318 
* 793143
cfi=(104)
cfn=(3576)
calls=1824 318 
* 486324
cfi=(104)
cfn=(3666)
calls=3706 318 
* 1062536
fi=(12)
463 9
cfi=(107)
cfn=(2239)
calls=1 193 
* 658431
cfi=(107)
cfn=(2238)
calls=1 193 
* 1697
cfi=(44)
cfn=(952)
calls=1 -37 
* 4600
fe=(2)
-5 35180
+8 17590
+5 17590
+1 17590
+1 17590
+1 17590
+1 17590
+3 17590
+1 17590
+3 17590
+1 17590
+1 17590
+1 17590
+3 17590
+1 17590
+2 17590
+1 17590
+1 17590
+1 17590
+1 17590
+1 17590
cfi=(12)
cfn=(3940)
calls=1 4491 
* 13730
cfi=(275)
cfn=(3584)
calls=17369 109 
* 2217539
cfi=(201)
cfn=(3400)
calls=45 1296 
* 7605
cfi=(12)
cfn=(874)
calls=19 4253 
* 36893
0 78
fi=(9)
1 156
cfi=(6)
cfn=(1134)
calls=78 1026 
* 1394314
fe=(2)

fn=(1130) runtime.morestack.abi0
fi=(30)
996 3
cfn=(203)
calls=1 * 
* 524707
fi=(51)
-83 3
cfn=(211)
calls=1 * 
* 355991
fi=(12)
463 6
cfi=(107)
cfn=(2238)
calls=1 193 
* 998
cfn=(2892)
calls=1 +5 
* 33132
fe=(2)
631 360
+1 360
+3 360
+1 360
+1 360
+1 360
+1 360
+1 360
+2 360
+1 360
+1 360
+5 360
+1 360
+1 360
+7 360
+1 360
+1 360
+1 360
+1 360
+15 360
+1 360
+1 360
+1 360
+1 360
cfi=(4)
cfn=(1132) runtime.newstack.abi0
calls=251 0 
* 4204123
fi=(266)
86 6
cfn=(3361)
calls=1 * 
* 1290699
fi=(260)
258 378
cfn=(3545)
calls=54 * 
* 11975863
fe=(2)

fn=(1131) runtime.morestack.abi0'2
631 60
+1 60
+3 60
+1 60
+1 60
+1 60
+1 60
+1 60
+2 60
+1 60
+1 60
+5 60
+1 60
+1 60
+7 60
+1 60
+1 60
+1 60
+1 60
+15 60
+1 60
+1 60
+1 60
+1 60
cfi=(4)
cfn=(1132)
calls=60 0 
* 873575
fi=(260)
258 392
cfn=(3545)
calls=56 * 
* 9607018
fe=(2)

fn=(1184)
1297 822
+1 822
+1 822
+1 822
+1 822
cfn=(1186) aeshashbody
calls=822 +10 
* 19428

fn=(1186)
1311 822
+1 822
+1 822
+1 822
+1 822
+1 822
+2 822
+1 822
+1 210
+1 181
+1 181
+1 8
+1 8
+6 612
+1 612
+2 611
+1 611
+1 611
+4 608
+1 608
+1 608
+1 608
+2 608
+1 608
+1 608
+1 608
+1 608
+1 608
-5 32
+1 32
+1 32
+1 32
+1 32
+1 32
+6 3
+1 3
+1 3
+1 3
+1 3
+4 1
+1 1
+1 1
+3 29
+1 29
+4 173
+1 173
+3 173
+1 173
+3 173
+1 173
+3 173
+1 173
+1 173
+1 173
+1 173
+1 173
+3 173
+1 173
+1 173
+4 8
+1 8
+1 8
+1 8
+1 8
+1 8
+1 8
+1 8
+2 8
+1 8
+1 8
+1 8
+2 8
+1 8
+1 8
+1 8
+2 8
+1 8
+1 8
+1 8
+2 8
+1 8
+1 8
+1 8
+2 8
+1 8
+1 8
+1 8
+2 8
+1 8
+1 8
+1 8
+1 8

fn=(4)
177 1
+1 1
+1 1
+1 1
+1 1
+1 1
+8 1
+4 1
+1 1
+1 1
+1 1
+1 1
+1 1
+3 1
+1 1
+1 1
+1 1
+2 1
+1 1
+1 1
+1 1
+1 1
+1 1
+1 1
+4 1
+1 1
+1 1
+4 1
+1 1
+1 1
+57 1
+1 1
cfi=(3)
cfn=(6)
calls=1 649 
* 13
+4 1
+1 1
+1 1
+1 1
+5 1
+1 1
+1 1
+3 1
+2 1
+2 1
+61 1
cfi=(4)
cfn=(8) runtime.check.abi0
calls=1 0 
* 277
+2 1
+1 1
+1 1
+1 1
+1 1
cfi=(4)
cfn=(18) runtime.args.abi0
calls=1 0 
* 1388
+1 1
cfi=(4)
cfn=(32) runtime.osinit.abi0
calls=1 0 
* 1378
+1 1
cfi=(4)
cfn=(52) runtime.schedinit.abi0
calls=1 0 
* 448226
+3 1
+1 1
+1 1
cfi=(4)
cfn=(628) runtime.newproc.abi0
calls=1 0 
* 9054
+1 1
+3 1
cfn=(688)
calls=1 +43 
* 10153

fn=(752) gogo
fi=(14)
267 2
cfn=(98)
calls=1 * 
* 74
fi=(51)
162 4
cfn=(218)
calls=1 * 
* 487
fi=(12)
415 3
cfi=(51)
cfn=(1045)
calls=1 -94 
* 281698437
fi=(107)
207 12
cfn=(2404)
calls=3 * 
* 2954
fi=(275)
95 450
cfi=(104)
cfn=(3666)
calls=105 318 
* 20622
cfi=(104)
cfn=(3576)
calls=45 318 
* 9441
fi=(12)
463 93
cfi=(96)
cfn=(858)
calls=2 670 
* 22962
cfi=(51)
cfn=(1044)
calls=2 300 
* 8093
cfi=(22)
cfn=(3134)
calls=1 33 
* 25
cfi=(44)
cfn=(952)
calls=4 -37 
* 1380
cfi=(107)
cfn=(2239)
calls=4 193 
* 2046
cfi=(5)
cfn=(2416)
calls=18 602 
* 792
-18 7
cfn=(870)
calls=1 * 
* 56
fe=(2)
-2 20536
+1 20536
+1 20536
+1 20536
+1 20536
+1 20536
+1 20536
+1 20536
+1 20536
+1 20536
cfi=(222)
cfn=(3970)
calls=1 296 
* 265
cfi=(275)
cfn=(3591)
calls=79 69 
* 84164
cfi=(275)
cfn=(3590)
calls=24 69 
* 25752
cfi=(58)
cfn=(1042) runtime.gcenable.gowrap1
calls=1 214 
* 271
cfi=(12)
cfn=(1036)
calls=1 -86 
* 105
cfi=(58)
cfn=(926) runtime.gcenable.gowrap2
calls=1 215 
* 350

fn=(2340)
1813 10521
+3 3507
+1 3507
+4 3507
+1 3507
+2 3507
+1 3507
+2 3507
+1 3507
-7 9
+1 9
+2 9
+1 9
+2 9
+1 9
+2 3507
+2 3507
+1 3507
+2 3507
+1 3507
+1 10521
cfi=(275)
cfn=(3583)
calls=1 93 
* 170
cfi=(269)
cfn=(3511)
calls=1 102 
* 4686
+15 9
+1 9
+1 9
+1 9
+1 9
+2 9
+1 9
+1 9
+1 9
+1 9
+1 9
+4 9
+2 9
cfi=(4)
cfn=(3784) runtime.wbBufFlush.abi0
calls=9 0 
* 230974
+2 9
+1 9
+1 9
+1 9
+1 9
+1 9
+1 9
+1 9
+1 9
+1 9
+1 9
+1 9
+1 9

fn=(2341)
1813 54
+3 18
+1 18
+4 18
+1 18
+2 18
+1 18
+2 18
+1 18
+2 18
+2 18
+1 18
+2 18
+1 18
+1 54

fn=(2408)
1895 335
+1 335
cfn=(2341)
calls=1 -83 
* 19
cfn=(2340)
calls=334 -83 
* 71258

fn=(1128)
687 360
+1 360
cfn=(1130)
calls=360 -57 
* 18394549

fn=(1129)
687 60
+1 60
cfn=(1131)
calls=60 -57 
* 10482425

fn=(2844)
864 46
+1 46
+1 46
+2 1180
+1 1180
+1 1180
+2 46

fn=(16)
1714 1
+1 1
+1 1
+1 1
+1 1
+1 1

fn=(96) runtime.cputicks.abi0
1256 8
+1 8
+4 7
+2 7
+1 7
+1 7
+1 7
-3 1
+1 1
+1 1
+1 1
+10 1
+1 1
+1 1
+1 1

fn=(750)
436 20536
+1 20536
+1 20536
+1 20536
cfn=(752)
calls=20536 +4 
* 282084207

fl=(219)
fn=(1926)
137 800
+2 640
-1 160
cfi=(10)
cfn=(84)
calls=160 +33 
* 19248
+1 320
+3 800

fl=(275)
fn=(3582)
91 50005
+1 20002
+1 10987
cfi=(2)
cfn=(2338)
calls=493 1889 
* 10353
* 1972
+1 986
cfi=(2)
cfn=(873)
calls=342 458 
* 499299
cfi=(2)
cfn=(872)
calls=151 458 
* 140163
-1 19016
+1 19016
cfi=(2)
cfn=(872)
calls=2048 458 
* 3093439
cfi=(2)
cfn=(873)
calls=7460 458 
* 8344331
+1 29007

fn=(3583)
109 6
+1 1
+1 4
cfi=(2)
cfn=(2386)
calls=1 1886 
* 21
* 1
-1 1
+1 1
+1 1
+1 1
+10 1
-9 2
+8 2
+1 2
-1 1
+1 2
-11 1
+10 1
fi=(13)
+30 1
+37 3
fe=(275)
-51 3
+3 2
+1 2
-20 1
+20 1
+8 1
-38 1
+44 1
+11 1
-25 1
+26 1
-45 1
fi=(40)
236 5
fe=(275)
-68 1
fi=(62)
292 1
fe=(275)
175 1
fi=(62)
292 1
+8 1
fe=(275)
192 1
fi=(62)
+53 1
fe=(275)
-52 2
-1 1
fi=(62)
+56 1
fe=(275)
-51 1
fi=(62)
+55 3
fe=(275)
-54 1
fi=(62)
+47 1
fe=(275)
-46 1
+9 2
fi=(62)
+37 1
fi=(13)
+6 1
fe=(275)
-36 1
fi=(62)
+33 1
fe=(275)
-26 1
fi=(62)
+44 1
-18 1
+44 1
fe=(275)
-69 1
fi=(62)
+77 1
-8 1
fe=(275)
-60 2
-90 1
+90 1
+4 1
fi=(62)
+9 1
fi=(40)
-9 6
fe=(275)
122 1
236 1
+8 1
fi=(13)
+7 1
fe=(275)
+8 1
-9 1
142 1
254 1
+5 3
cfi=(2)
cfn=(750)
calls=1 436 
* 14
91 47995
+1 19198
+1 10543
cfi=(2)
cfn=(2338)
calls=472 1889 
* 44625
* 1888
+1 944
cfi=(2)
cfn=(873)
calls=472 458 
* 56960
-1 18254
+1 18254
cfi=(2)
cfn=(873)
calls=9127 458 
* 1277780

fn=(3584)
109 119970
+1 19995
+1 41950
cfi=(2)
cfn=(2386)
calls=980 1886 
* 85043
* 980
-1 980
+1 980
+1 980
+1 980
+10 980
-9 1960
+8 1960
+1 1960
-13 19015
+1 19015
+1 19015
+1 19015
+10 19015
-9 38030
+8 38030
+1 38030
-1 19995
+1 39990
-11 19995
+10 19995
fi=(13)
+30 19995
+37 59985
fe=(275)
-51 59985
+3 39990
+1 39990
-20 19995
+20 19995
+8 19995
-38 19995
+44 19995
+11 19595
-25 19595
+26 19595
-45 19595
fi=(40)
236 97975
fe=(275)
-68 19595
fi=(62)
292 19595
fe=(275)
175 19595
fi=(62)
292 19595
+8 19595
fe=(275)
162 400
cfi=(12)
cfn=(3658)
calls=400 4503 
* 125413
+54 400
-24 400
fi=(13)
+59 400
fe=(275)
-35 400
-74 400
fi=(62)
248 400
fe=(275)
122 1200
+41 400
+29 19995
fi=(62)
+53 19995
fe=(275)
-52 39990
-1 19995
fi=(62)
+56 19995
fe=(275)
-51 19995
fi=(62)
+55 59985
fe=(275)
-54 19995
fi=(62)
+47 19995
fe=(275)
-46 19995
+9 39990
fi=(62)
+37 19995
fi=(13)
+6 19995
fe=(275)
-36 19995
fi=(62)
+33 19995
fe=(275)
-26 19995
fi=(62)
+44 19995
-18 19995
+44 19995
fe=(275)
-69 19995
fi=(62)
+77 19995
-8 19995
fe=(275)
-60 39990
-90 19995
+90 19995
+4 19995
fi=(62)
+9 19995
fi=(40)
-9 119970
fe=(275)
122 19995
236 19995
+8 19995
fi=(13)
+7 19995
fe=(275)
+8 19995
-9 19995
142 19995
254 19995
+5 59985
cfi=(2)
cfn=(750)
calls=19995 436 
* 420359

fn=(3562)
47 3136
+1 392
-1 784
+1 784
+3 1568
cfi=(12)
cfn=(634)
calls=392 5313 
* 190116
* 1582
cfi=(2)
cfn=(2338)
calls=14 1889 
* 294
* 42
+4 70
-4 378
+4 1890
+5 1176

fn=(3590)
69 392
+1 56
+1 56
+1 118
cfi=(2)
cfn=(2386)
calls=3 1886 
* 63
* 9
+2 18
+1 9
cfi=(104)
cfn=(3668)
calls=3 271 
* 799171
-3 106
+2 318
+1 159
cfi=(104)
cfn=(3592)
calls=12 271 
* 20208
cfi=(104)
cfn=(3668)
calls=41 271 
* 5422683
cfi=(104)
cfn=(3592)
calls=5 305 
* 504013525
+1 1096
cfn=(3656) runtime.corostart.deferwrap1
calls=274 -2 
* 37424177
fi=(13)
+76 1
+37 3
fi=(50)
88 1
fi=(13)
251 1
fi=(50)
89 1
+21 2
+3 1
-47 11
+48 1
cfi=(52)
cfn=(214)
calls=1 +36 
* 18
* 3
fi=(51)
+35 1
fi=(50)
+29 3
fi=(13)
-26 1
+37 3
fi=(50)
-10 1
fi=(13)
+72 1
fi=(50)
-71 1
+5 2
+1 5
+3 1
+1 1
+2 1
cfi=(49)
cfn=(352)
calls=1 1096 
* 7
+4 7
+2 3
fi=(51)
-48 1
fi=(40)
+44 1
fi=(51)
-43 5
+1 1
fi=(50)
-34 2
+1 1
fi=(13)
+33 1
+37 3
fi=(50)
-26 2
fi=(13)
+88 1
fi=(50)
-87 1
+7 2
cfn=(220)
calls=1 +80 
* 734
+1 2
fi=(13)
+79 3
fi=(50)
-79 1
fi=(51)
913 3
cfn=(210)
calls=1 * 
* 54
fi=(12)
463 3
fe=(275)

fn=(3591)
69 721
+1 103
+1 103
+1 412
+2 618
+1 309
cfi=(104)
cfn=(3592)
calls=39 271 
* 65706
cfi=(104)
cfn=(3668)
calls=64 271 
* 4232557
+1 504
cfn=(3657) runtime.corostart.deferwrap1'2
calls=94 -2 
* 625401
cfn=(3656)
calls=32 -2 
* 1134348

fn=(3656)
74 1836
+7 306
+1 958
cfi=(2)
cfn=(2338)
calls=20 1889 
* 420
* 80
+1 20
+1 40
cfi=(2)
cfn=(872)
calls=20 458 
* 2577900
-2 572
+1 286
+1 572
cfi=(2)
cfn=(873)
calls=24 458 
* 10733
cfi=(2)
cfn=(872)
calls=262 458 
* 35964802

fn=(3657)
74 564
+7 94
+1 470
+1 94
+1 188
cfi=(2)
cfn=(873)
calls=94 458 
* 623991

fn=(3560)
42 1980
+21 396
-20 1188
cfi=(30)
cfn=(190)
calls=392 2156 
* 107810
cfi=(30)
cfn=(191)
calls=4 2156 
* 1272
+1 1566
cfi=(2)
cfn=(2386)
calls=18 1886 
* 378
* 36
-1 18
+1 18
+2 36
+1 180
cfi=(2)
cfn=(134)
calls=14 520 
* 9472
cfi=(2)
cfn=(135)
calls=4 520 
* 112
-4 378
+1 378
+2 756
+1 3780
cfi=(2)
cfn=(134)
calls=378 520 
* 207636
* 792
+14 2376
cfi=(2)
cfn=(2338)
calls=18 1889 
* 378
* 72
+1 18
fi=(62)
248 18
fe=(275)
63 72
cfi=(104)
cfn=(3558)
calls=3 271 
* 51457
cfi=(104)
cfn=(3559)
calls=1 271 
* 8178
-2 378
+1 378
fi=(62)
248 378
fe=(275)
63 1512

fn=(3561)
42 20
+21 4
-20 12
cfi=(30)
cfn=(190)
calls=2 2156 
* 732
cfi=(30)
cfn=(191)
calls=2 2156 
* 732
+1 12
cfi=(2)
cfn=(2386)
calls=4 1886 
* 84
* 8
-1 4
+1 4
+2 8
+1 40
cfi=(2)
cfn=(135)
calls=4 520 
* 112
* 8
+14 24
cfi=(2)
cfn=(2338)
calls=4 1889 
* 84
* 16
+1 4
fi=(62)
248 4
fe=(275)
63 16
cfi=(104)
cfn=(3566)
calls=3 271 
* 3543
cfi=(104)
cfn=(3567)
calls=1 271 
* 1181

fl=(127) /usr/local/go/src/time/format.go
fn=(1272) time.map.init.0
1615 6
cfi=(123)
cfn=(1256)
calls=1 43 
* 285
* 1
+1 5
cfi=(19)
cfn=(1182)
calls=1 263 
* 1681
* 1
+1 5
cfi=(19)
cfn=(1182)
calls=1 263 
* 133
* 1
+1 5
cfi=(19)
cfn=(1182)
calls=1 263 
* 133
* 1
+1 6
cfi=(19)
cfn=(1182)
calls=1 263 
* 148
* 1
+1 5
cfi=(19)
cfn=(1182)
calls=1 263 
* 133
* 1
+1 5
cfi=(19)
cfn=(1182)
calls=1 263 
* 133
* 1
+1 5
cfi=(19)
cfn=(1182)
calls=1 263 
* 133
* 2
+1 5
cfi=(19)
cfn=(1182)
calls=1 263 
* 133
* 2
-8 5
+8 3

fl=(39)
fn=(150)
22 252
+1 72
fi=(40)
168 36
-44 36
fe=(39)
18 36
+5 36
+4 216
+1 72
+1 288
-6 72
+6 144
cfi=(29)
cfn=(120)
calls=36 +10 
* 714
+2 432
cfi=(41)
cfn=(154)
calls=36 -1 
* 360
+1 72
+4 108

fl=(217) /usr/local/go/src/testing/internal/testdeps/deps.go
fn=(1986) testing/internal/testdeps.TestDeps.MatchString
39 210
+1 475
cfi=(20)
cfn=(80)
calls=33 -26 
* 192
* 33
fi=(227)
514 33
fe=(217)
41 33
fi=(227)
514 33
fe=(217)
40 33
+1 33
-1 104
+1 8
fi=(195)
+90 6
cfn=(1646)
calls=2 +36 
* 22327
fe=(217)
-89 6
+1 4
fi=(227)
514 4
fe=(217)
47 37
fi=(195)
507 35
fi=(227)
+7 385
cfn=(1990)
calls=35 +7 
* 26790
* 70
fe=(217)
47 175

fl=(232)
fn=(2144)
103 65
-70 13
+71 13
-71 38
+7 24
-1 3
-6 1
+72 5
fi=(198)
412 2
fe=(232)
33 12
+72 60
fi=(198)
412 24
+1 39
fe=(232)
33 2
fi=(198)
413 10
cfi=(60)
cfn=(378)
calls=2 178 
* 500
fe=(232)
107 2
-1 6
fi=(198)
413 4
fe=(232)
106 2
fi=(198)
413 11
fe=(232)
106 37
+1 13
-1 39
+1 78

fn=(3978) strings.(*Builder).Write
87 12
-54 2
+55 4
-55 4
+7 2
-1 3
-6 2
+56 6
-56 2
+56 8
-56 2
+56 12
cfi=(60)
cfn=(378)
calls=2 +89 
* 434
* 24
cfi=(29)
cfn=(120)
calls=2 -50 
* 36
* 20
+1 12

fl=(281)
fn=(3860)
20 3
+5 7
+4 1
+3 8
+8 70
+1 138
-1 1
+2 1
+5 9
+1 1
+4 5

fl=(52)
fn=(2304)
252 5440
+1 1088
379 1088
fi=(40)
-70 1088
fe=(52)
+50 2176
253 1088
369 1088
254 2176
+4 1088
fi=(40)
359 1088
fe=(52)
259 2176
+6 148
+39 148
fi=(40)
466 296
fe=(52)
266 148
fi=(40)
526 148
-60 148
fe=(52)
267 296
fi=(40)
-73 148
fe=(52)
+75 296
fi=(40)
-75 148
fe=(52)
+81 296
-21 148
+29 148
fi=(40)
539 148
-60 296
fe=(52)
286 148
+57 148
fi=(40)
214 296
fe=(52)
344 296
cfi=(77)
cfn=(2256)
calls=148 24 
* 8584
fi=(40)
-28 148
fe=(52)
-27 148
410 148
fi=(40)
-94 296
fe=(52)
-26 148
fi=(40)
+89 296
fe=(52)
-88 444
-2 940
410 940
fi=(40)
-94 1880
fe=(52)
-26 940
fi=(40)
+89 1880
fe=(52)
-88 2820

fn=(214)
150 12050
+9 2410
379 2410
fi=(40)
-70 2410
fe=(52)
+50 4820
160 2410
369 2410
161 4820
+7 1582
-1 791
fi=(40)
359 791
fe=(52)
168 1582
359 791
181 3164
+1 791
354 2373
+30 791
157 791
fi=(40)
325 3164
fe=(52)
182 1582
-19 6476
+37 1582
+11 791
-6 791
+99 791
fi=(40)
466 1582
fe=(52)
210 791
fi=(40)
526 791
-60 791
fe=(52)
211 791
fi=(40)
466 1582
fe=(52)
-46 791
fi=(40)
+46 791
fe=(52)
212 2373
+9 791
425 791
fi=(40)
+54 1582
291 3164
fe=(52)
-56 1582
+7 3164

fn=(596)
334 1460
+1 584
cfi=(77)
cfn=(598)
calls=292 42 
* 3456
* 584
+1 568
+2 1050
cfi=(30)
cfn=(133)
calls=1 2329 
* 43
cfi=(30)
cfn=(132)
calls=149 2329 
* 27419
* 450
cfn=(591)
calls=1 134 
* 450253555

fn=(597)
334 30
+1 12
cfi=(77)
cfn=(598)
calls=6 42 
* 36
* 12
+3 42
cfi=(30)
cfn=(133)
calls=6 2329 
* 258
* 18
cfn=(591)
calls=6 134 
* 2701430101

fn=(590)
fi=(30)
2331 10
+1 1
cfn=(138)
calls=1 +9 
* 114
* 2
+1 3
cfi=(2)
cfn=(135)
calls=1 566 
* 450253574
fe=(52)
83 5140
+8 2056
-6 3084
cfn=(592)
calls=1028 398 
* 39682
* 2056
+1 3084
+3 1028
fi=(40)
359 2056
fe=(52)
91 1028
+1 2056
+5 291
fi=(14)
+55 291
fi=(79)
24 291
cfi=(14)
cfn=(91)
calls=58 155 
* 1218
cfi=(14)
cfn=(90)
calls=233 155 
* 4893
fe=(52)
+76 291
fi=(40)
359 873
fe=(52)
101 873
+5 291
304 291
fi=(40)
466 291
fe=(52)
107 873
fi=(40)
466 164
fe=(52)
109 164
+4 164
-3 164
+3 1312
cfi=(30)
cfn=(132)
calls=164 2329 
* 29238
+1 492
-4 164
+12 164
311 164
fi=(40)
479 328
fe=(52)
123 328
+11 492
cfn=(596)
calls=164 334 
* 30337
* 381
cfn=(596)
calls=127 334 
* 5060
* 290
+5 580
fi=(40)
479 870
fe=(52)
138 290
fi=(40)
539 290
-60 290
379 580
fe=(52)
140 290
fi=(79)
35 290
cfi=(14)
cfn=(98)
calls=290 267 
* 11362
fe=(52)
+51 290
+59 290
fi=(14)
261 290
fe=(52)
93 737
304 737
fi=(40)
466 1474
fe=(52)
93 737
fi=(40)
526 737
-60 737
fe=(52)
145 737
-59 737
fi=(40)
479 1474
fe=(52)
-54 737
fi=(40)
+54 1474
fe=(52)
146 2211
cfi=(50)
cfn=(588) runtime.(*mcentral).uncacheSpan
calls=1 +99 
* 134239
-1 290
-59 290
fi=(40)
479 580
fe=(52)
-54 290
fi=(40)
+54 580
fe=(52)
146 870

fn=(591)
83 130
+8 52
-6 78
cfn=(592)
calls=25 398 
* 350
cfn=(593) runtime.(*atomicHeadTailIndex).incTail'2
calls=1 398 
* 14
* 52
+1 78
+3 26
fi=(40)
359 52
fe=(52)
91 26
+1 52
+5 7
fi=(14)
+55 7
fi=(79)
24 7
cfi=(14)
cfn=(90)
calls=7 155 
* 147
fe=(52)
+76 7
fi=(40)
359 21
fe=(52)
101 21
+5 7
304 7
fi=(40)
466 7
fe=(52)
107 21
fi=(40)
466 1
fe=(52)
109 1
+4 1
-3 1
+3 8
cfi=(30)
cfn=(132)
calls=1 2329 
* 189
+1 3
-4 1
+12 1
311 1
fi=(40)
479 2
fe=(52)
123 2
+11 3
cfn=(596)
calls=1 334 
* 214
* 18
cfn=(597)
calls=6 334 
* 390
* 8
+5 16
fi=(40)
479 24
fe=(52)
138 8
fi=(40)
539 8
-60 8
379 16
fe=(52)
140 8
fi=(79)
35 8
cfi=(14)
cfn=(98)
calls=8 267 
* 312
fe=(52)
+51 8
+59 8
fi=(14)
261 8
fe=(52)
93 19
304 19
fi=(40)
466 38
fe=(52)
93 19
fi=(40)
526 19
-60 19
fe=(52)
145 19
-59 19
fi=(40)
479 38
fe=(52)
-54 19
fi=(40)
+54 38
fe=(52)
146 57
-1 8
-59 8
fi=(40)
479 16
fe=(52)
-54 8
fi=(40)
+54 16
fe=(52)
146 24
cfi=(51)
cfn=(2773)
calls=2 793 
* 900464559
cfi=(51)
cfn=(2773)
calls=4 795 
* 1800965152
cfi=(51)
cfn=(2772)
calls=1 795 
* 450253490

fn=(592)
398 5267
+1 1053
fi=(40)
-55 3159
fe=(52)
+57 2106
+4 3159
cfn=(590)
calls=1 85 
* 134267
-7 2
cfi=(2)
cfn=(1128)
calls=1 687 
* 25300

fn=(593)
398 5
+1 1
fi=(40)
-55 3
fe=(52)
+57 2
+4 3

fl=(86)
fn=(3136)
572 7
+1 3
+3 2
-3 7
fi=(40)
21 2
fe=(86)
579 1
+2 3
255 1
585 1
fi=(14)
152 2
fi=(79)
24 1
cfi=(14)
cfn=(91)
calls=1 155 
* 21
fe=(86)
579 2
+7 1
+4 2
+1 2
+1 3
+7 2
+1 2
+1 4
+10 1
+73 7
-85 2
+85 1
-85 1
+85 1
-62 3
-43 1
+43 1
+62 1
-64 1
+28 3
+14 1
264 1
fi=(40)
131 2
fe=(86)
265 1
fi=(14)
-4 1
fi=(79)
35 1
cfi=(14)
cfn=(98)
calls=1 267 
* 39
fe=(86)
579 2
+84 4
+21 2
-14 1
-7 1
+7 2
+1 2
cfn=(3138) runtime.(*timer).maybeAdd
calls=1 +40 
* 750
+6 1
-57 2
+53 1
+4 4
cfi=(44)
cfn=(3132)
calls=1 503 
* 26960

fn=(3140) runtime.(*timers).cleanHead
770 5
+4 1
-2 1
+1 2
+1 1
+1 3
+1 3

fn=(3742) runtime.(*timers).deleteMin
545 5
+1 1
+1 3
+1 2
+3 5
cfi=(2)
cfn=(2386)
calls=1 1886 
* 21
* 2
+1 2
+1 2
+3 13
cfi=(2)
cfn=(2386)
calls=1 1886 
* 21
* 2
+1 5
-4 1
+5 1
+3 1
1298 2
fi=(40)
81 2
fe=(86)
1299 1
562 2
+2 1
fi=(40)
81 2
fe=(86)
566 3

fn=(738)
1009 1320
-18 264
fi=(40)
74 264
fe=(86)
992 264
fi=(40)
74 528
fe=(86)
993 546
+20 9
+1 528
-21 18
+26 18
-6 4
+7 4
fi=(22)
33 4
cfi=(3)
cfn=(94)
calls=4 223 
* 152
* 12
fi=(40)
-12 4
fe=(86)
1042 4
-10 4
fi=(40)
21 8
fe=(86)
1027 8
fi=(40)
21 10
fe=(86)
1027 10
+3 66
fi=(40)
194 3
fe=(86)
1030 21
-4 6
+6 12
-6 3
+6 6
-2 9
+2 9
+2 48
+3 1
183 1
fi=(14)
-31 2
fi=(79)
24 1
cfi=(14)
cfn=(90)
calls=1 155 
* 21
fe=(86)
1038 3
+1 3
cfn=(3734) runtime.(*timers).adjust
calls=1 861 
* 16
* 1
+1 1
-24 1530
+24 4
+2 4
cfn=(3736) runtime.(*timers).run
calls=1 +32 
* 236
* 3
+4 2
+15 1
-5 2
-13 1
+13 6
fi=(40)
21 1
fe=(86)
1056 1
fi=(40)
194 1
fe=(86)
1056 3
+1 1
194 1
1061 3
194 1
fi=(40)
+20 1
fe=(86)
-18 1
fi=(14)
+65 1
fi=(79)
35 1
cfi=(14)
cfn=(98)
calls=1 267 
* 43
fe=(86)
1063 6

fn=(1302)
17 28
+1 21
+11 7
cfi=(130)
cfn=(1304)
calls=7 -15 
* 322
* 14

fn=(2120)
43 9

fn=(2294)
1322 40
+4 8
fi=(14)
152 8
fi=(79)
24 24
cfi=(14)
cfn=(90)
calls=8 155 
* 168
fe=(86)
1327 256
+1 96
991 48
fi=(40)
74 48
fe=(86)
992 48
fi=(40)
74 48
fe=(86)
993 100
1334 4
+1 6
-1 52
+1 138
-1 138
-7 8
+11 8
fi=(14)
261 8
fi=(79)
35 16
cfi=(14)
cfn=(98)
calls=8 267 
* 312
fe=(86)
1340 32

fn=(3138)
711 5
+12 1
fi=(5)
601 1
fe=(86)
721 1
fi=(5)
602 1
+1 2
fe=(86)
723 2
+7 3
+2 1
183 1
fi=(14)
-31 1
fi=(79)
24 2
cfi=(14)
cfn=(91)
calls=1 155 
* 21
fe=(86)
733 2
cfn=(3140)
calls=1 +37 
* 16
+1 1
255 1
fi=(14)
152 1
fi=(79)
24 2
cfi=(14)
cfn=(91)
calls=1 155 
* 21
fe=(86)
684 12
+54 1
+1 2
+6 4
+1 1
991 1
fi=(40)
74 2
fe=(86)
992 1
fi=(40)
74 2
fe=(86)
993 2
746 1
+2 5
+1 1
cfn=(3142)
calls=1 450 
* 629
264 1
751 2
-2 1
+2 2
264 1
fi=(40)
131 2
fe=(86)
265 1
fi=(14)
-4 1
fi=(79)
35 2
cfi=(14)
cfn=(98)
calls=1 267 
* 39
fe=(86)
194 2
752 1
fi=(40)
214 1
fe=(86)
-18 1
fi=(14)
+65 1
fi=(79)
35 1
cfi=(14)
cfn=(98)
calls=1 267 
* 39
fi=(5)
609 3
fe=(86)
753 1
fi=(5)
609 1
+1 2
fe=(86)
751 2
+3 1
+1 2
cfi=(12)
cfn=(3156)
calls=1 4002 
* 100
fi=(3)
277 1
+1 1
+1 1
+6 1
+1 1
+1 1
+1 1
+3 1
+1 1
+1 1
+1 3
cfi=(22)
cfn=(838)
calls=1 33 
* 27371
+2 1
+1 1
+1 1
fe=(86)

fn=(3139)
757 3
cfn=(3136)
calls=1 -80 
* 26968

fn=(3142)
450 5
+4 2
-3 1
fi=(40)
194 1
fe=(86)
454 2
+1 1
cfi=(91)
cfn=(3144)
calls=1 218 
* 166
+6 1
-3 4
+3 3
+1 13
cfi=(60)
cfn=(378)
calls=1 178 
* 430
* 6
+1 2
-1 9
+1 3
cfn=(3152) runtime.(*timers).siftUp
calls=1 1355 
* 28
+1 7
1301 1
465 1
fi=(40)
81 1
fe=(86)
467 3
cfn=(3138)
calls=1 264 
* 27597

fn=(1284)
33 20
+1 4
+1 8
fi=(22)
-2 4
cfi=(3)
cfn=(94)
calls=4 223 
* 144
* 9
fe=(86)
+5 12

fn=(3152)
1355 5
+1 1
+1 3
+3 1
-4 1
+4 4
+1 2
+3 2
+8 6
+3 3

fn=(3710)
497 5
+2 1
fi=(40)
21 2
fe=(86)
498 1
+1 3
255 1
503 1
fi=(14)
152 2
fi=(79)
24 1
cfi=(14)
cfn=(90)
calls=1 155 
* 21
fe=(86)
498 2
+7 1
+3 4
+1 3
+1 2
+1 2
+1 1
fi=(40)
56 2
fe=(86)
515 1
+1 1
-1 1
-17 1
+20 3
+14 1
264 1
fi=(40)
131 2
fe=(86)
265 1
fi=(14)
-4 1
fi=(79)
35 1
cfi=(14)
cfn=(98)
calls=1 267 
* 39
fe=(86)
498 2
+35 4
+7 1
-7 1
+7 4

fn=(3736)
1074 5
+2 5
264 2
fi=(40)
131 1
fe=(86)
1094 1
fi=(40)
131 1
fe=(86)
265 1
fi=(14)
-4 1
fi=(79)
35 1
cfi=(14)
cfn=(98)
calls=1 267 
* 39
fe=(86)
1078 1
+30 1
-21 1
-9 5
+3 2
+2 2
fi=(40)
124 1
fe=(86)
1087 2
-6 1
+11 1
255 1
fi=(14)
152 1
fi=(79)
24 2
cfi=(14)
cfn=(90)
calls=1 155 
* 21
fe=(86)
1093 2
cfn=(3740) runtime.(*timer).updateHeap
calls=1 287 
* 129
* 2
-14 4

fn=(3740)
287 5
+1 1
+3 7
+4 4
+2 2
+1 1
fi=(40)
56 2
fe=(86)
299 3
cfn=(3742)
calls=1 545 
* 100
+1 4

fn=(3734)
861 5
+2 1
+6 2
+1 1
fi=(40)
74 2
fe=(86)
871 2
+4 3

fl=(100)
fn=(1086)
21 2
+1 2
+1 2
+1 2
+1 2
+2 2
+1 2
+2 2
+1 2
+1 2
+1 2
+1 2
+1 2
+1 2
+1 2
+1 2
+2 2
+1 2
+1 2
+1 2
+1 2
+1 2
+1 2
+1 2
+1 3

fl=(207)
fn=(2214) regexp.freeBitState
57 10
+1 2
fi=(227)
+18 2
+2 4
+3 8
fe=(207)
-22 8
cfi=(105)
cfn=(2020)
calls=2 +40 
* 116
+1 6

fn=(2192)
305 14
+1 2
+1 10
-1 2
+1 10
+3 4
50 4
cfi=(105)
cfn=(1994)
calls=2 +81 
* 3236
* 6
+2 2
cfi=(30)
cfn=(190)
calls=1 2156 
* 241
315 1
+1 1
fi=(227)
89 3
fe=(207)
316 1
fi=(227)
89 3
+3 2
-30 14
+1 4
fe=(207)
316 4
-1 2
+1 6
+1 14
cfn=(2196) regexp.(*bitState).reset
calls=2 80 
* 3321
-7 4
+10 2
+17 4
-17 2
+17 12
+1 6
-1 2
+3 10
cfi=(195)
cfn=(2210)
calls=2 +60 
* 144
+1 4
+4 4
-8 2
+14 2
-3 8
+3 16
cfn=(2212) regexp.(*Regexp).tryBacktrack
calls=2 138 
* 2568
* 4
+11 36
cfi=(29)
cfn=(120)
calls=2 39 
* 12
+1 4
cfn=(2214)
calls=2 57 
* 156
+1 12

fn=(2196)
80 10
+3 4
-2 2
+2 4
+3 2
-3 2
+1 4
cfi=(60)
cfn=(448)
calls=1 +18 
* 1365
* 6
+6 1
-1 2
+8 1
-8 9
+1 3
-1 9
+1 4
+3 2
+1 5
cfi=(54)
cfn=(304)
calls=1 -76 
* 18
+3 2
-3 1
-5 1
+2 3
cfi=(60)
cfn=(448)
calls=1 +11 
* 1800
* 7
+6 10
+3 6
+2 10
+4 6
+3 6
+2 10
+3 6

fn=(2212)
138 16
+1 2
-7 4
+7 2
+2 4
-9 8
+7 2
-7 16
-13 8
+1 20
+3 6
-3 2
+12 2
+1 28
+9 10
+1 2
+2 6
+1 2
+1 2
+1 2
+9 2
+7 248
+2 56
-2 56
+2 56
-2 168
+2 56
+50 104
cfi=(195)
cfn=(2012)
calls=26 385 
* 702
+1 234
+3 52
+1 26
+37 26
119 26
258 26
139 26
+20 26
+63 26
119 130
+1 234
+3 78
-3 26
+39 26
272 6
+1 8

fl=(274)
fn=(3596)
36 1188
+1 198
-1 1188
+1 4824
+8 2016
+5 2016
-12 2016
+6 2016
-7 8514
+1 6210
cfi=(4)
cfn=(3598) github.com/ollama/ollama/fs/gguf.(*File).readKeyValue-fm
calls=2070 -38 
* 20177474
cfi=(9)
cfn=(3610)
calls=4 -37 
* 503397670
+1 4032
+5 14112
-6 2880
+6 5040
cfi=(60)
cfn=(378)
calls=720 178 
* 417427
cfi=(60)
cfn=(378)
calls=1 286 
* 403740
* 2942
cfi=(2)
cfn=(2338)
calls=31 1889 
* 651
* 186
+1 62
-1 3035
+1 1378
-1 15453
+1 180
-1 90
cfi=(2)
cfn=(2408)
calls=90 1895 
* 1890
* 630
+1 270
cfi=(104)
cfn=(3612)
calls=90 277 
* 118864
-1 3852
+1 5778
cfi=(104)
cfn=(3613)
calls=455 277 
* 82810
cfi=(104)
cfn=(3612)
calls=1471 277 
* 662570
* 4032
+5 432
+6 432
cfi=(104)
cfn=(3592)
calls=139 303 
* 23527

fn=(3597)
36 12
+1 2
-1 12
+1 1576
+8 784
+5 784
-12 784
+6 784
-7 3086
+1 2190
cfi=(4)
cfn=(3599) github.com/ollama/ollama/fs/gguf.(*File).readKeyValue-fm'2
calls=730 -38 
* 1750063
+1 1568
+5 5488
-6 1120
+6 1960
cfi=(60)
cfn=(378)
calls=280 178 
* 157511
* 1150
cfi=(2)
cfn=(2338)
calls=15 1889 
* 315
* 90
+1 30
-1 1195
+1 530
-1 5997
+1 84
-1 42
cfi=(2)
cfn=(2408)
calls=42 1895 
* 882
* 294
+1 126
cfi=(104)
cfn=(3612)
calls=42 277 
* 58064
-1 1484
+1 2226
cfi=(104)
cfn=(3612)
calls=742 277 
* 339165
* 1568
+5 168
+6 168
cfi=(104)
cfn=(3593)
calls=56 303 
* 10493189

fn=(3664)
62 918
+1 153
-1 612
+1 11016
+3 5202
-1 5202
+18 5202
-20 21114
+2 20808
+5 15606
cfi=(104)
cfn=(3667)
calls=4653 306 
* 883643
cfi=(104)
cfn=(3666)
calls=549 306 
* 2219178
* 93636
+1 5202
+4 57222
cfi=(242)
cfn=(3682)
calls=5202 388 
* 83232
* 10404
+8 459
cfn=(3684)
calls=153 +4 
* 41007
+1 459
cfi=(242)
cfn=(2994)
calls=141 389 
* 21160726

fn=(3665)
62 282
+1 47
-1 188
+1 3384
+3 1598
-1 1598
+18 1598
-20 6486
+2 6392
+5 4794
cfi=(104)
cfn=(3667)
calls=1598 306 
* 3602913
* 28764
+1 1598
+4 17578
cfi=(242)
cfn=(3682)
calls=1598 388 
* 25568
* 3196
+8 141
cfn=(3685)
calls=47 +4 
* 30717
+1 141
cfi=(242)
cfn=(2995)
calls=24 389 
* 568479

fn=(3684)
87 765
+1 459
+1 612
cfi=(104)
cfn=(3666)
calls=12 306 
* 13361
cfi=(104)
cfn=(3667)
calls=141 306 
* 25726
+1 306
-1 153
+2 153
+5 459
cfn=(3664)
calls=141 -12 
* 21161149

fn=(3685)
87 235
+1 141
+1 188
cfi=(104)
cfn=(3667)
calls=47 306 
* 29992
+1 94
-1 47
+2 47
+5 141
cfn=(3665)
calls=24 -12 
* 568551

fn=(3564)
20 1000
+2 600
-1 400
cfi=(30)
cfn=(190)
calls=197 2156 
* 55563
cfi=(30)
cfn=(191)
calls=3 2156 
* 1031
* 200
+1 800
+6 1600
cfi=(260)
cfn=(3545)
calls=57 258 
* 21354
cfi=(260)
cfn=(3544)
calls=143 258 
* 53183
* 600
+3 1000
+4 633
cfi=(2)
cfn=(2386)
calls=11 1886 
* 231
* 33
+1 22
cfi=(30)
cfn=(190)
calls=9 2156 
* 3592
cfi=(30)
cfn=(191)
calls=2 2156 
* 732
-1 378
+1 378
cfi=(30)
cfn=(190)
calls=188 2156 
* 48414
cfi=(30)
cfn=(191)
calls=1 2156 
* 270
* 1567
cfi=(2)
cfn=(2690)
calls=11 1892 
* 231
* 154
cfi=(104)
cfn=(3566)
calls=11 261 
* 57230
* 1512
cfi=(104)
cfn=(3566)
calls=189 261 
* 372210
* 822
cfi=(2)
cfn=(2408)
calls=11 1895 
* 231
* 66
+22 66
cfi=(269)
cfn=(3511)
calls=4 +54 
* 1312
-22 378
+22 1134

fn=(3670)
36 1200
+1 200
-1 1200
+1 10592
+8 4896
+5 4896
-12 4896
+6 4896
-7 20040
+1 14856
cfi=(4)
cfn=(3672) github.com/ollama/ollama/fs/gguf.(*File).readTensor-fm
calls=4952 -38 
* 27812200
* 83232
+1 9792
+5 39456
cfi=(60)
cfn=(378)
calls=864 178 
* 692907
* 3582
cfi=(2)
cfn=(2338)
calls=42 1889 
* 882
* 126
-6 42
+6 1116
-6 822
+6 30660
cfi=(75)
cfn=(3756)
calls=238 192 
* 84025
-6 238
+6 2142
+1 2380
cfi=(104)
cfn=(3680)
calls=238 277 
* 292609
-1 37264
+1 46580
cfi=(104)
cfn=(3681)
calls=1155 277 
* 220605
cfi=(104)
cfn=(3680)
calls=3503 277 
* 1672039
* 9792
+5 432
+1 432
cfi=(269)
cfn=(3686)
calls=144 +51 
* 50256
* 288
+5 432
cfi=(104)
cfn=(3668)
calls=144 303 
* 25186

fn=(3671)
37 3808
+8 1904
+5 1904
-12 1904
+6 1904
-7 7560
+1 5544
cfi=(4)
cfn=(3673) github.com/ollama/ollama/fs/gguf.(*File).readTensor-fm'2
calls=1848 -38 
* 6266004
* 32368
+1 3808
+5 15344
cfi=(60)
cfn=(378)
calls=336 178 
* 219334
* 1398
cfi=(2)
cfn=(2338)
calls=18 1889 
* 378
* 54
-6 18
+6 444
-6 318
+6 11940
cfi=(75)
cfn=(3756)
calls=102 192 
* 53509
-6 102
+6 918
+1 1020
cfi=(104)
cfn=(3680)
calls=102 277 
* 148777
-1 14416
+1 18020
cfi=(104)
cfn=(3680)
calls=1802 277 
* 865331
* 3808
+5 168
+1 168
cfi=(269)
cfn=(3686)
calls=56 +51 
* 19544
* 112
+5 168
cfi=(104)
cfn=(3669)
calls=56 303 
* 1718632

fn=(3552)
fi=(31)
1011 10
fi=(51)
459 1
fi=(40)
194 1
fi=(51)
+20 1
fi=(31)
1014 1
+3 2
cfn=(234)
calls=1 1224 
* 592
* 2
+1 3
cfi=(2)
cfn=(135)
calls=1 566 
* 15360
fe=(274)
20 1000
+2 600
-1 400
cfi=(30)
cfn=(190)
calls=197 2156 
* 61465
cfi=(30)
cfn=(191)
calls=3 2156 
* 1529
* 200
+1 800
+6 1600
cfi=(260)
cfn=(3545)
calls=57 258 
* 24842
cfi=(260)
cfn=(3544)
calls=143 258 
* 62824
* 600
+3 1000
+4 633
cfi=(2)
cfn=(2386)
calls=11 1886 
* 231
* 33
+1 22
cfi=(30)
cfn=(190)
calls=9 2156 
* 3497
cfi=(30)
cfn=(191)
calls=2 2156 
* 706
-1 378
+1 378
cfi=(30)
cfn=(190)
calls=188 2156 
* 52506
cfi=(30)
cfn=(191)
calls=1 2156 
* 813
* 1562
cfi=(2)
cfn=(2690)
calls=10 1892 
* 210
* 140
cfi=(104)
cfn=(3558)
calls=10 261 
* 23582
* 1512
cfi=(104)
cfn=(3558)
calls=189 261 
* 376081
* 816
cfi=(2)
cfn=(2408)
calls=10 1895 
* 210
* 60
+22 60
cfi=(269)
cfn=(3511)
calls=3 +39 
* 48898
-22 378
+22 1134

fn=(3553)
fi=(31)
1011 10
fi=(51)
459 1
fi=(40)
194 1
fi=(51)
+20 1
fi=(31)
1014 1
+3 2
cfn=(234)
calls=1 1224 
* 592
* 2
+1 3
cfi=(2)
cfn=(135)
calls=1 566 
* 13627
fe=(274)
36 5
cfi=(2)
cfn=(2690)
calls=1 1892 
* 21
* 14
cfi=(104)
cfn=(3558)
calls=1 261 
* 349
* 6
cfi=(2)
cfn=(2408)
calls=1 1895 
* 21
* 6
+22 6
cfi=(269)
cfn=(3511)
calls=1 +39 
* 7325

fn=(3644)
89 8580
cfi=(104)
cfn=(3577)
calls=2145 306 
* 380154
* 2310
+2 2310
fi=(269)
491 495
fe=(274)
62 330
cfi=(30)
cfn=(190)
calls=165 2156 
* 44067
* 980
cfi=(2)
cfn=(2386)
calls=10 1886 
* 210
* 50
fi=(269)
491 30
cfi=(242)
cfn=(2994)
calls=10 388 
* 1668977
fe=(274)
62 465
fi=(269)
491 465
cfi=(242)
cfn=(2995)
calls=24 388 
* 5112
cfi=(242)
cfn=(2994)
calls=131 388 
* 15441085
fe=(274)

fl=(172)
fn=(1548)
14 5
+1 4
cfi=(161)
cfn=(1502)
calls=1 +22 
* 499
+32 3

fl=(4)
fn=(1940) testing/internal/testdeps.(*TestDeps).ModulePath
0 1
fi=(9)
1 7
fe=(4)

fn=(1966)
0 16
fi=(9)
1 56
cfi=(224)
cfn=(1970)
calls=4 137 
* 29792
* 16
fe=(4)

fn=(1090)
0 4
fi=(9)
1 1
fi=(102) /usr/local/go/src/errors/wrap.go
152 3
fi=(103) /usr/local/go/src/internal/reflectlite/type.go
387 1
fi=(102)
152 2
cfi=(103)
cfn=(1094) internal/reflectlite.rtype.Elem
calls=1 313 
* 36
* 7
fe=(4)

fn=(1308)
0 4
fi=(9)
1 1
fi=(135) /home/lemon/go/pkg/mod/github.com/google/go-cmp@v0.7.0/cmp/internal/diff/diff.go
122 1
cfi=(128)
cfn=(1300)
calls=1 1347 
* 80
fi=(128)
1433 1
182 2
+1 4
+6 3
fi=(132) /usr/local/go/src/math/rand/rand.go
52 1
+4 2
cfi=(30)
cfn=(190)
calls=1 2156 
* 1406
* 1
+1 3
cfi=(133) /usr/local/go/src/math/rand/rng.go
cfn=(1314) math/rand.(*rngSource).Seed
calls=1 205 
* 36279
+22 17
cfi=(64)
cfn=(1316)
calls=1 467 
* 2231
* 1
+1 10
fi=(135)
+42 3
cfi=(132)
cfn=(1342) math/rand.(*Rand).Intn
calls=1 +56 
* 65
* 5
fe=(4)

fn=(1350)
0 4
fi=(9)
1 1
fi=(121)
+47 2
cfi=(30)
cfn=(190)
calls=1 2156 
* 241
* 8
+9 2
cfi=(30)
cfn=(190)
calls=1 2156 
* 241
* 9
fi=(306) /usr/local/go/src/internal/poll/copy_file_range_linux.go
-44 4
fe=(4)

fn=(1358)
0 4
fi=(9)
1 1
fi=(137)
+18 6
+2 6
+1 7
+1 6
+1 6
+2 6
+1 6
fi=(142)
+45 1
+62 3
cfi=(138)
cfn=(1362)
calls=1 -46 
* 2472
-62 3
+1 1
+61 3
cfi=(138)
cfn=(1362)
calls=1 -46 
* 1199
-61 3
+1 1
+60 3
cfi=(138)
cfn=(1362)
calls=1 -46 
* 1208
-60 3
fi=(121)
-26 2
cfi=(30)
cfn=(190)
calls=1 2156 
* 241
* 9
+9 3
cfi=(30)
cfn=(190)
calls=1 2156 
* 241
* 9
fi=(307) /usr/local/go/src/os/pidfd_linux.go
+88 4
fe=(4)

fn=(1404)
0 4
fi=(9)
1 1
fi=(145)
+50 1
cfn=(1406)
calls=1 * 
* 10175
-42 1
cfn=(1424)
calls=1 * 
* 7553
* 1
5192 1
cfn=(1426)
calls=1 * 
* 30065
7389 1
cfi=(147)
cfn=(1430)
calls=1 14 
* 1
9440 1
cfi=(123)
cfn=(1256)
calls=1 43 
* 285
* 6
cfi=(19)
cfn=(1182)
calls=1 263 
* 411
* 9
cfi=(19)
cfn=(1182)
calls=1 263 
* 133
* 9
cfi=(19)
cfn=(1182)
calls=1 263 
* 133
* 9
cfi=(19)
cfn=(1182)
calls=1 263 
* 133
* 9
cfi=(19)
cfn=(1182)
calls=1 263 
* 133
* 9
cfi=(19)
cfn=(1182)
calls=1 263 
* 133
* 7
9740 1
cfi=(123)
cfn=(1256)
calls=1 43 
* 285
* 6
cfi=(19)
cfn=(1182)
calls=1 263 
* 430
* 9
cfi=(19)
cfn=(1182)
calls=1 263 
* 133
* 9
cfi=(19)
cfn=(1182)
calls=1 263 
* 133
* 10
fe=(4)

fn=(1596)
0 4
fi=(9)
1 1
fi=(187)
430 1
cfn=(1598)
calls=1 * 
* 4084
+17 1
cfi=(123)
cfn=(1256)
calls=1 43 
* 285
* 1
+1 4
cfi=(188)
cfn=(1600)
calls=1 196 
* 303
* 1
+1 4
cfi=(188)
cfn=(1600)
calls=1 196 
* 99
* 1
+1 4
cfi=(188)
cfn=(1600)
calls=1 196 
* 99
* 1
+1 5
cfi=(188)
cfn=(1600)
calls=1 196 
* 99
* 1
-4 5
+7 1
cfi=(123)
cfn=(1256)
calls=1 43 
* 285
* 1
+1 4
cfi=(188)
cfn=(1600)
calls=1 196 
* 303
* 1
+1 4
cfi=(188)
cfn=(1600)
calls=1 196 
* 99
* 1
+1 4
cfi=(188)
cfn=(1600)
calls=1 196 
* 99
* 1
+1 5
cfi=(188)
cfn=(1600)
calls=1 196 
* 99
* 1
+1 4
cfi=(188)
cfn=(1600)
calls=1 196 
* 99
* 1
+1 4
cfi=(188)
cfn=(1600)
calls=1 196 
* 112
* 1
-6 5
fi=(189) /usr/local/go/src/go/parser/resolver.go
190 2
cfi=(30)
cfn=(190)
calls=1 2156 
* 1515
* 6
fe=(4)

fn=(1794)
0 4
fi=(9)
1 1
fi=(212)
165 4
cfi=(123)
cfn=(1408)
calls=1 62 
* 1134
* 1
+1 1
fi=(150)
1390 1
fi=(212)
165 8
cfi=(213)
cfn=(1798)
calls=1 +41 
* 231
* 1
+2 1
fi=(150)
1390 1
fi=(212)
165 8
cfi=(213)
cfn=(1798)
calls=1 +41 
* 231
* 1
+3 1
fi=(150)
1390 1
fi=(212)
165 8
cfi=(213)
cfn=(1798)
calls=1 +41 
* 231
* 1
+4 1
fi=(150)
1390 1
fi=(212)
165 8
cfi=(213)
cfn=(1798)
calls=1 +41 
* 231
* 1
+5 1
fi=(150)
1390 1
fi=(212)
165 9
cfi=(213)
cfn=(1798)
calls=1 +41 
* 231
* 1
+6 1
fi=(150)
1390 1
fi=(212)
165 8
cfi=(213)
cfn=(1798)
calls=1 +41 
* 231
* 1
+7 1
fi=(150)
1390 1
fi=(212)
165 8
cfi=(213)
cfn=(1798)
calls=1 +41 
* 231
* 1
+8 1
fi=(150)
1390 1
fi=(212)
165 8
cfi=(213)
cfn=(1798)
calls=1 +41 
* 231
* 1
+9 1
fi=(150)
1390 1
fi=(212)
165 8
cfi=(213)
cfn=(1798)
calls=1 +41 
* 231
* 1
+10 1
fi=(150)
1390 1
fi=(212)
165 9
cfi=(213)
cfn=(1798)
calls=1 +41 
* 231
* 1
+11 1
-11 8
cfi=(213)
cfn=(1798)
calls=1 +41 
* 257
* 1
+12 1
fi=(150)
1390 1
fi=(212)
165 8
cfi=(213)
cfn=(1798)
calls=1 +41 
* 231
* 1
+13 1
fi=(150)
1390 1
fi=(212)
165 8
cfi=(213)
cfn=(1798)
calls=1 +41 
* 231
* 1
+14 1
-14 8
cfi=(213)
cfn=(1798)
calls=1 +41 
* 257
* 1
+15 1
fi=(150)
1390 1
fi=(212)
165 9
cfi=(213)
cfn=(1798)
calls=1 +41 
* 231
* 1
+16 1
fi=(150)
1390 1
fi=(212)
165 8
cfi=(213)
cfn=(1798)
calls=1 +41 
* 231
* 1
+17 1
fi=(150)
1390 1
fi=(212)
165 8
cfi=(213)
cfn=(1798)
calls=1 +41 
* 231
* 9
fe=(4)

fn=(3262) encoding/binary.(*littleEndian).PutUint64
0 158
fi=(9)
1 632
fi=(260)
123 316
+1 158
fi=(9)
1 316
fe=(4)

fn=(3784)
0 9
fi=(9)
1 18
cfi=(76)
cfn=(2640)
calls=9 166 
* 230947
fe=(4)

fn=(52)
0 1
fi=(9)
1 2
cfi=(12)
cfn=(54)
calls=1 831 
* 448223
fe=(4)

fn=(1236)
0 4
fi=(9)
1 1
fi=(118) /usr/local/go/src/crypto/crypto.go
123 5
cfi=(60)
cfn=(448)
calls=1 -21 
* 251
* 8
fe=(4)

fn=(1556)
0 4
fi=(9)
1 1
fi=(175)
+64 2
cfi=(30)
cfn=(190)
calls=1 2156 
* 241
* 3
fi=(176) /usr/local/go/src/crypto/internal/fips140/aes/gcm/gcm.go
+26 5
fi=(177)
-57 11
fi=(178) /usr/local/go/src/crypto/internal/fips140/aes/gcm/ghash.go
+70 2
cfi=(30)
cfn=(190)
calls=1 2156 
* 167
+1 4
+1 4
-2 5
+2 3
fe=(4)

fn=(3554) encoding/binary.(*littleEndian).Uint64
0 31600
fi=(9)
1 126400
fi=(260)
116 63200
+1 31600
fi=(9)
1 63200
fe=(4)

fn=(3598)
0 8280
fi=(9)
1 6210
cfi=(269)
cfn=(3601)
calls=1360 181 
* 3148603
cfi=(269)
cfn=(3600)
calls=710 181 
* 17008765
* 5616
fe=(4)

fn=(3599)
0 2920
fi=(9)
1 2190
cfi=(269)
cfn=(3601)
calls=730 181 
* 1742769
* 2184
fe=(4)

fn=(18)
0 2
fi=(9)
1 7
cfi=(5)
cfn=(20)
calls=1 +66 
* 1376
* 3
fe=(4)

fn=(1100)
0 4
fi=(9)
1 1
fi=(104)
473 2
cfi=(30)
cfn=(190)
calls=1 2156 
* 155
* 6
fe=(4)

fn=(1168) sync/atomic.StoreUintptr
0 66

fn=(1432)
0 3
fi=(9)
1 1
fi=(148) /usr/local/go/src/reflect/map.go
133 4
fi=(149)
293 4
1396 6
fe=(4)

fn=(1478)
0 4
fi=(9)
1 1
fi=(108)
+93 2
cfi=(30)
cfn=(190)
calls=1 2156 
* 241
* 3
fi=(158) /usr/local/go/src/crypto/internal/fips140deps/godebug/godebug.go
-72 1
cfi=(108)
cfn=(1482) internal/godebug.(*Setting).Value
calls=1 157 
* 1694
* 8
fe=(4)

fn=(2218)
0 8
fi=(9)
1 22
fi=(224)
151 10
+1 4
fi=(9)
1 6
fe=(4)

fn=(3258) encoding/binary.(*littleEndian).PutUint32
0 101
fi=(9)
1 404
fi=(260)
+96 202
+1 101
fi=(9)
-97 202
fe=(4)

fn=(3934)
0 1
fi=(9)
1 2
cfi=(12)
cfn=(3936)
calls=1 4475 
* 55594
fe=(4)

fn=(3935)
0 1
fi=(9)
1 2
cfi=(12)
cfn=(3937)
calls=1 4475 
* 37
fe=(4)

fn=(1944) testing/internal/testdeps.(*TestDeps).ImportPath
0 2
fi=(9)
1 14
fe=(4)

fn=(1438)
0 4
fi=(9)
1 1
fi=(151) /home/lemon/go/pkg/mod/github.com/google/go-cmp@v0.7.0/cmp/internal/value/name.go
+11 3
fi=(150)
1384 1
356 2
769 1
cfn=(1442)
calls=1 -9 
* 20
2806 3
769 1
fi=(151)
12 7
fe=(4)

fn=(1590)
0 3
fi=(9)
1 1
fi=(185) /usr/local/go/src/path/filepath/path.go
260 6
+5 9
fe=(4)

fn=(1630)
0 3
fi=(9)
1 1
fi=(194)
+25 1
cfn=(1632)
calls=1 * 
* 2775
+78 1
cfn=(1636)
calls=1 * 
* 6259
* 2
fe=(4)

fn=(1640)
0 4
fi=(9)
1 1
fi=(196) /home/lemon/go/pkg/mod/github.com/google/go-cmp@v0.7.0/cmp/internal/function/func.go
+36 6
+1 5
+37 3
cfi=(195)
cfn=(1644)
calls=1 310 
* 904983
* 6
fe=(4)

fn=(3008)
0 1
fi=(9)
1 1
cfi=(216)
cfn=(3010) testing.(*common).TempDir
calls=1 1422 
* 108365
fe=(4)

fn=(3452) sync/atomic.SwapUintptr
0 205
fi=(9)
1 410
fe=(4)

fn=(3548) encoding/binary.(*littleEndian).Uint32
0 20200
fi=(9)
1 80800
fi=(260)
+90 40400
+1 20200
fi=(9)
-91 40400
fe=(4)

fn=(1240)
0 4
fi=(9)
1 1
fi=(119) /usr/local/go/src/hash/crc32/crc32_generic.go
+20 2
cfi=(30)
cfn=(190)
calls=1 2156 
* 1351
+1 1
+7 1
+9 256
-9 1282
+2 8960
+1 4096
+1 3072
+2 2048
fi=(120) /usr/local/go/src/hash/crc32/crc32.go
+66 3
fi=(121)
-88 2
cfi=(30)
cfn=(190)
calls=1 2156 
* 241
* 9
+8 2
cfi=(30)
cfn=(190)
calls=1 2156 
* 241
* 7
fi=(120)
+62 1
fi=(121)
-70 2
cfi=(30)
cfn=(190)
calls=1 2156 
* 241
* 8
+8 2
cfi=(30)
cfn=(190)
calls=1 2156 
* 241
* 7
fi=(120)
+86 4
fe=(4)

fn=(1248)
0 4
fi=(9)
1 1
fi=(122)
+25 1
cfi=(21)
cfn=(1250) syscall.runtime_envs
calls=1 +96 
* 550
* 5
fi=(121)
-13 2
cfi=(30)
cfn=(190)
calls=1 2156 
* 241
* 8
+8 2
cfi=(30)
cfn=(190)
calls=1 2156 
* 241
* 7
fi=(122)
+10 1
fi=(124)
1273 1
cfi=(123)
cfn=(1256)
calls=1 43 
* 285
* 7
fe=(4)

fn=(1574)
0 4
fi=(9)
1 1
fi=(150)
1390 17
fi=(181) /usr/local/go/src/encoding/json/encode.go
606 2
cfi=(30)
cfn=(190)
calls=1 2156 
* 167
* 6
+1 2
cfi=(30)
cfn=(190)
calls=1 2156 
* 167
* 6
fi=(150)
1390 7
fe=(4)

fn=(2090) sync/atomic.CompareAndSwapUintptr
0 8
fi=(9)
1 32
fe=(4)

fn=(2998)
0 1
fi=(9)
1 1
cfi=(216)
cfn=(3000)
calls=1 1272 
* 17878
fe=(4)

fn=(628)
0 2
fi=(9)
1 5
cfi=(12)
cfn=(630)
calls=1 5295 
* 9044
* 3
fe=(4)

fn=(690)
0 8
fi=(9)
1 16
cfi=(12)
cfn=(692)
calls=8 1862 
* 2807989
fe=(4)

fn=(798)
0 4
fi=(9)
1 1
fi=(278)
+14 2
fi=(64)
318 4
+1 4
+1 4
+1 4
+1 4
fi=(91)
732 4
fi=(83)
1258 1
+25 1
-25 1
+5 2
-6 2
fi=(308) /usr/local/go/src/runtime/select.go
26 2
+1 5
fe=(4)

fn=(1288)
0 4
fi=(9)
1 1
fi=(129)
423 3
cfi=(96)
cfn=(850)
calls=1 75 
* 202
* 6
fe=(4)

fn=(1450)
0 4
fi=(9)
1 1
fi=(153)
+86 6
cfn=(1452) log.New
calls=1 -16 
* 590
* 6
fe=(4)

fn=(1534)
0 4
fi=(9)
1 1
fi=(108)
+93 2
cfi=(30)
cfn=(190)
calls=1 2156 
* 241
* 3
fi=(170) /usr/local/go/src/crypto/fips140/enforcement.go
-63 1
cfi=(108)
cfn=(1482)
calls=1 157 
* 360
* 7
fe=(4)

fn=(1550)
0 3
fi=(9)
1 1
fi=(173) /usr/local/go/src/crypto/internal/fips140/drbg/rand.go
+24 6
fe=(4)

fn=(1582)
0 4
fi=(9)
1 1
fi=(121)
+47 2
cfi=(30)
cfn=(190)
calls=1 2156 
* 241
* 9
+9 3
cfi=(30)
cfn=(190)
calls=1 2156 
* 241
* 9
fi=(289)
-43 4
fe=(4)

fn=(1760)
0 4
fi=(9)
1 1
fi=(209)
265 4
cfi=(195)
cfn=(1644)
calls=1 +45 
* 1857192
fe=(4)

fn=(1954)
0 6
fi=(9)
1 12
fe=(4)

fn=(8)
0 1
fi=(9)
1 2
cfi=(5)
cfn=(10)
calls=1 143 
* 274
fe=(4)

fn=(1298)
0 3
fi=(9)
1 1
fi=(131) /usr/local/go/src/crypto/internal/fips140deps/time/time.go
+10 1
cfi=(128)
cfn=(1300)
calls=1 1347 
* 80
* 7
fe=(4)

fn=(1354)
0 3
fi=(9)
1 1
fi=(136)
154 6
+1 6
+1 6
+1 6
+1 8
fe=(4)

fn=(32)
0 1
fi=(9)
1 2
cfi=(7)
cfn=(34) runtime.osinit
calls=1 353 
* 1375
fe=(4)

fn=(1464)
0 4
fi=(9)
1 1
fi=(154)
103 1
cfn=(1466)
calls=1 -39 
* 10634
* 4
-8 1
-35 4
cfi=(60)
cfn=(448)
calls=1 +42 
* 177
* 4
cfi=(30)
cfn=(190)
calls=1 2156 
* 241
* 8
+37 1
+1 90
344 60
fi=(298)
240 120
fi=(154)
98 60
-1 92
+7 6
fe=(4)

fn=(3672)
0 19808
fi=(9)
1 39616
cfi=(269)
cfn=(3675)
calls=3597 137 
* 12048712
cfi=(269)
cfn=(3674)
calls=1355 137 
* 15575760
* 128304
fe=(4)

fn=(3673)
0 7392
fi=(9)
1 14784
cfi=(269)
cfn=(3675)
calls=1848 137 
* 6193932
* 49896
fe=(4)

fn=(1232)
0 4
fi=(9)
1 1
fi=(117) /usr/local/go/src/encoding/base64/base64.go
+68 2
cfi=(30)
cfn=(190)
calls=1 2156 
* 1378
* 1
+1 1
+1 6
cfi=(29)
cfn=(120)
calls=1 -32 
* 28
+1 1
-1 1
+1 9
cfi=(29)
cfn=(120)
calls=1 -33 
* 57
+9 1
-10 1
+3 2
+10 64
-10 194
+5 384
+2 192
+38 3
-50 2
cfi=(30)
cfn=(190)
calls=1 2156 
* 167
* 1
+1 1
+1 6
cfi=(29)
cfn=(120)
calls=1 -32 
* 28
+1 1
-1 1
+1 8
cfi=(29)
cfn=(120)
calls=1 -33 
* 57
+9 1
-10 1
+3 2
+10 64
-10 194
+5 384
+2 192
+42 3
+5 2
cfi=(30)
cfn=(190)
calls=1 2156 
* 167
* 65
-25 1
+25 3
+5 2
cfi=(30)
cfn=(190)
calls=1 2156 
* 167
* 65
-30 1
+30 6
fe=(4)

fn=(1270)
0 3
fi=(9)
1 1
fi=(127)
1615 1
cfn=(1272)
calls=1 * 
* 2978
fi=(128)
1341 1
cfi=(86)
cfn=(1284)
calls=1 33 
* 56
* 5
fe=(4)

fn=(1616)
0 4
fi=(9)
1 1
fi=(190) /usr/local/go/src/internal/fuzz/counters_supported.go
+18 3
+1 6
fi=(191)
+74 1
fi=(190)
-75 3
+1 6
-1 1
fi=(191)
+76 3
cfi=(60)
cfn=(448)
calls=1 +7 
* 35
* 6
fi=(108)
-1 2
cfi=(30)
cfn=(190)
calls=1 2156 
* 241
* 3
fi=(192) /usr/local/go/src/internal/fuzz/fuzz.go
1093 1
cfi=(108)
cfn=(1482)
calls=1 157 
* 1662
* 7
fe=(4)

fn=(2062)
0 124
fi=(9)
1 341
fi=(224)
126 72
+4 4
-3 2
-1 66
+1 62
-1 124
+4 248
cfi=(4)
cfn=(1980)
calls=31 0 
* 26914
* 120
fi=(9)
1 29
fi=(224)
134 6
fi=(9)
1 155
fe=(4)

fn=(1132)
0 311
fi=(9)
1 622
cfi=(6)
cfn=(1134)
calls=311 1026 
* 5076765
fe=(4)

fn=(1822) testing/internal/testdeps.(*TestDeps).InitRuntimeCoverage
0 1
fi=(9)
1 3
fi=(217)
225 8
fi=(9)
1 7
fe=(4)

fn=(1980)
0 140
fi=(9)
1 420
cfi=(4)
cfn=(1982) testing/internal/testdeps.(*TestDeps).MatchString
calls=35 -1 
* 51621
* 105
fe=(4)

fn=(1982)
0 140
fi=(9)
1 350
cfi=(217)
cfn=(1986)
calls=35 +38 
* 51026
* 105
fe=(4)

fl=(68)
fn=(528)
45 5
+1 4
cfi=(69)
cfn=(530)
calls=1 +8 
* 34937
+1 2
+2 3

fn=(570)
85 10
+12 4
+1 1
cfi=(7)
cfn=(36) runtime.getCPUCount
calls=1 +3 
* 1168
+2 6
+2 6

fl=(101)
fn=(1088)
11 6

fl=(160)
fn=(1500)
13 5
+1 4
cfi=(161)
cfn=(1502)
calls=1 +23 
* 195
+18 3

fl=(289)
fn=(3956)
14 4
+1 1
cfi=(47)
cfn=(3958)
calls=1 239 
* 730
* 2
+1 2

fl=(45)
fn=(2204)
242 1005
+1 1206
+3 402
fi=(42)
403 402
fe=(45)
247 402
+7 1407
cfi=(51)
cfn=(211)
calls=1 913 
* 13
cfi=(51)
cfn=(210)
calls=200 913 
* 8031
+2 201
fi=(31)
590 201
fe=(45)
257 804
cfi=(31)
cfn=(223)
calls=2 1006 
* 94
cfi=(31)
cfn=(222)
calls=199 1006 
* 709467
* 201
+1 201
-11 201
+10 201
+6 402
cfi=(36)
cfn=(254)
calls=201 776 
* 5025
+1 402
+1 402
+1 402
cfi=(36)
cfn=(258)
calls=201 805 
* 3216
+10 603
-7 201
fi=(40)
+75 603
fe=(45)
-72 1206
cfi=(56)
cfn=(354) runtime.(*gcControllerState).update
calls=201 954 
* 7549
+4 1407
fi=(50)
78 2010
fe=(45)
276 402
cfi=(52)
cfn=(590)
calls=201 83 
* 11203
fi=(31)
519 402
fe=(45)
285 804
+1 201
cfi=(49)
cfn=(342)
calls=201 508 
* 3819
+1 804
cfi=(30)
cfn=(2198)
calls=3 1704 
* 68789

fn=(206)
160 3140
+2 3768
+2 3140
+6 1256
+1 74
+2 1884
-11 1256
+15 2512
+2 1324
-17 662
+20 1986
cfi=(50)
cfn=(588)
calls=331 +23 
* 74632
+3 662
cfi=(36)
cfn=(254)
calls=331 776 
* 8385
+2 331
-1 1655
fi=(31)
595 993
fe=(45)
187 1655
-17 331
+20 331
+1 186
+1 62
+2 124
cfi=(36)
cfn=(258)
calls=62 805 
* 992
* 538
cfi=(36)
cfn=(258)
calls=269 805 
* 4489
+3 1324
+1 331
fi=(40)
344 662
fe=(45)
201 331
+4 1986
cfi=(50)
cfn=(208) runtime.(*mcentral).cacheSpan
calls=331 82 
* 407230
* 1485
cfi=(50)
cfn=(208)
calls=297 82 
* 794691
cfi=(242)
cfn=(2994)
calls=1 -9 
* 454933376
cfi=(104)
cfn=(3592)
calls=1 -9 
* 31372632
cfi=(275)
cfn=(3590)
calls=1 -9 
* 9256022
cfi=(58)
cfn=(2250)
calls=1 -9 
* 7827548
+1 1254
+4 1881
-5 627
+11 1881
+3 1254
+15 1881
+1 5016
cfi=(56)
cfn=(354)
calls=627 954 
* 25871
+1 1254
+2 1881
+1 1881
cfi=(30)
cfn=(202)
calls=9 1008 
* 1911941

fn=(207)
160 125
+2 150
+2 125
+6 50
+1 1
+2 75
-11 50
+15 100
+2 4
-17 2
+20 6
cfi=(50)
cfn=(589) runtime.(*mcentral).uncacheSpan'2
calls=1 +23 
* 602
+3 2
cfi=(36)
cfn=(254)
calls=1 776 
* 25
+2 1
-1 5
fi=(31)
595 3
fe=(45)
187 5
-17 1
+20 1
+4 2
cfi=(36)
cfn=(258)
calls=1 805 
* 16
+3 4
+1 1
fi=(40)
344 2
fe=(45)
201 1
+4 6
cfi=(50)
cfn=(208)
calls=1 82 
* 2901
* 120
cfi=(50)
cfn=(209) runtime.(*mcentral).cacheSpan'2
calls=24 82 
* 12121
+1 52
+4 78
-5 26
+11 78
+3 52
+15 78
+1 208
cfi=(56)
cfn=(354)
calls=26 954 
* 4886
+1 52
+2 78
+1 78
cfi=(30)
cfn=(203)
calls=10 1008 
* 609723

fn=(168)
97 30
+1 6
+1 42
cfi=(2)
cfn=(134)
calls=6 520 
* 1011
* 18
+6 6
+1 3264
-1 2460
fi=(30)
2256 18
+4 12
+4 6
cfn=(176)
calls=6 +9 
* 366
* 6
fe=(45)
108 12
+2 24

fn=(2200) runtime.mallocgcLarge
143 2
fi=(30)
1761 4
fi=(5)
602 1
fi=(30)
1774 1
fi=(5)
602 1
+1 2
fi=(30)
1703 2
+72 1
fi=(48)
203 1
fi=(30)
1775 1
+9 1
cfi=(2)
cfn=(338)
calls=1 878 
* 1
fi=(5)
609 3
fi=(30)
1785 1
fi=(5)
609 1
+1 4
fi=(30)
1786 5
cfn=(193)
calls=1 1189 
* 2492
fe=(45)

fn=(2770) runtime.(*mcache).releaseAll
290 270
+7 54
-5 108
+1 54
+2 216
+2 29592
+1 7344
+1 22032
-2 321
+1 321
+2 642
+1 321
-1 642
+4 642
cfi=(36)
cfn=(254)
calls=321 776 
* 8025
+1 321
+7 963
fi=(31)
595 642
fe=(45)
305 1605
+1 642
cfi=(36)
cfn=(258)
calls=321 805 
* 5136
+4 1284
fi=(40)
+34 642
fe=(45)
-32 963
+6 1044
+4 1640
cfi=(50)
cfn=(588)
calls=205 205 
* 208799
* 812
cfi=(50)
cfn=(588)
calls=116 205 
* 12867
+1 1284
-25 321
+14 321
-15 963
+47 642
-21 321
+4 54
+4 108
cfi=(36)
cfn=(254)
calls=54 776 
* 1350
+1 162
+1 54
+1 108
cfi=(36)
cfn=(258)
calls=54 805 
* 864
+7 6588
+3 216
cfi=(56)
cfn=(354)
calls=54 954 
* 964
+1 162

fn=(170)
99 42
+1 6
fi=(14)
+52 6
fi=(79)
24 12
cfi=(14)
cfn=(90)
calls=6 155 
* 126
fe=(45)
+77 12
cfi=(32)
cfn=(172)
calls=6 -27 
* 419
* 12
+1 6
fi=(40)
214 6
fe=(45)
103 6
fi=(14)
261 6
fi=(79)
35 12
cfi=(14)
cfn=(98)
calls=6 267 
* 238
fe=(45)
+69 18

fn=(606)
350 850
+8 170
+1 170
fi=(40)
194 340
fe=(45)
360 340
+2 72
-2 24
+6 24
cfn=(2770)
calls=24 -76 
* 258835
+1 48
cfi=(6)
cfn=(2812)
calls=24 -47 
* 16089
+1 24
fi=(40)
214 48
fe=(45)
369 72
-8 438

fl=(62)
fn=(3070)
1512 3626
+1 1813
cfi=(2)
cfn=(3072)
calls=1813 2174 
* 3626
+1 3626
+1 1813
+1 1813
+2 3626

fl=(50)
fn=(208)
82 3145
+2 629
fi=(31)
595 629
fe=(50)
84 5032
+1 1258
cfi=(51)
cfn=(210)
calls=629 913 
* 481476
fi=(13)
+67 623
+37 1869
fe=(50)
88 623
fi=(13)
251 623
fe=(50)
89 623
+21 1246
+3 623
-47 6853
+48 623
cfi=(52)
cfn=(214)
calls=623 +36 
* 19986
* 1869
fi=(51)
+35 623
fe=(50)
+29 1869
fi=(13)
-26 623
+37 1869
fe=(50)
-10 623
fi=(13)
+72 623
fe=(50)
-71 623
+5 1246
+1 3115
+3 623
+1 623
+2 623
cfi=(49)
cfn=(352)
calls=623 1096 
* 4361
+4 4361
+2 1869
cfi=(45)
cfn=(206)
calls=7 +8 
* 1865754
fi=(51)
-48 451
fi=(40)
+44 451
fi=(51)
-43 2255
+3 32
fi=(40)
+82 128
fi=(51)
-82 32
+1 32
-4 32
fe=(50)
-33 32
fi=(51)
+34 419
fe=(50)
-34 838
+1 419
-1 64
+1 32
-53 128
+53 32
+2 96
-61 288
+62 32
cfi=(52)
cfn=(214)
calls=32 +28 
* 576
+1 64
+18 32
-69 32
+52 32
+17 84
-69 84
+69 222
-69 666
+70 74
cfi=(52)
cfn=(214)
calls=74 +8 
* 3933
+1 148
-1 51
+4 153
cfi=(51)
cfn=(2900)
calls=51 342 
* 978
* 153
+2 30
cfi=(51)
cfn=(2772)
calls=10 505 
* 2921
+2 20
cfi=(49)
cfn=(204)
calls=10 1113 
* 379
+1 30
-73 4
+79 1
cfi=(52)
cfn=(590)
calls=1 -74 
* 52
* 1
-5 9
+1 36
cfi=(51)
cfn=(218)
calls=9 +9 
* 234
* 9
+25 9
-24 9
+7 92
cfi=(51)
cfn=(218)
calls=23 +1 
* 598
fi=(13)
-9 442
+37 1326
fe=(50)
-26 884
fi=(13)
+88 442
fe=(50)
-87 442
+7 884
cfn=(220)
calls=442 +80 
* 629138
+1 884
fi=(13)
+79 1326
fe=(50)
-79 442

fn=(209)
82 120
+2 24
fi=(31)
595 24
fe=(50)
84 192
+1 48
cfi=(51)
cfn=(211)
calls=12 913 
* 156
cfi=(51)
cfn=(210)
calls=12 913 
* 238
fi=(13)
+67 24
+37 72
fe=(50)
88 24
fi=(13)
251 24
fe=(50)
89 24
+21 48
+3 24
-47 264
+48 24
cfi=(52)
cfn=(214)
calls=24 +36 
* 636
* 72
fi=(51)
+35 24
fe=(50)
+29 72
fi=(13)
-26 24
+37 72
fe=(50)
-10 24
fi=(13)
+72 24
fe=(50)
-71 24
+5 48
+1 120
+3 24
+1 24
+2 24
cfi=(49)
cfn=(352)
calls=24 1096 
* 168
+4 168
+2 72
cfi=(45)
cfn=(207)
calls=9 +8 
* 256729
fi=(51)
-48 20
fi=(40)
+44 20
fi=(51)
-43 100
+1 20
fe=(50)
-34 40
+1 20
fi=(13)
+33 20
+37 60
fe=(50)
-26 40
fi=(13)
+88 20
fe=(50)
-87 20
+7 40
cfn=(220)
calls=11 +80 
* 7750
cfn=(221)
calls=9 +80 
* 1268
+1 40
fi=(13)
+79 60
fe=(50)
-79 20

fn=(220)
251 2290
+1 458
fi=(31)
595 916
fe=(50)
252 2290
+1 916
cfi=(31)
cfn=(222)
calls=458 1006 
* 609135
+1 916
-1 458
+4 458
cfi=(49)
cfn=(342)
calls=458 508 
* 21551
+1 1832
cfn=(209)
calls=1 -86 
* 53540
cfn=(208)
calls=7 -86 
* 1866055

fn=(221)
251 45
+1 9
fi=(31)
595 18
fe=(50)
252 45
+1 18
cfi=(31)
cfn=(223)
calls=9 1006 
* 1028
+1 18
-1 9
+4 9
cfi=(49)
cfn=(342)
calls=9 508 
* 835
+1 36
cfn=(209)
calls=8 -86 
* 203576

fn=(588)
205 3260
+1 1304
+4 652
+1 1956
+3 652
+7 410
-10 205
+10 205
+3 894
66 894
228 652
+11 2235
66 1008
241 112
cfi=(52)
cfn=(590)
calls=112 83 
* 8479
* 112
78 3015
245 335
cfi=(52)
cfn=(590)
calls=335 83 
* 62598
* 670
-9 205
+1 615
cfi=(51)
cfn=(2773)
calls=20 505 
* 25419
cfi=(51)
cfn=(2772)
calls=185 505 
* 178460
+11 1956
cfi=(45)
cfn=(206)
calls=1 -63 
* 134234

fn=(589)
205 5
+1 2
+4 1
+1 3
+3 1
+10 2
66 2
228 1
+11 5
78 9
245 1
cfi=(52)
cfn=(591)
calls=1 83 
* 565
* 2
+3 3

fl=(108)
fn=(1482)
157 20
+1 16
fi=(110)
19 8
fi=(157)
+48 8
fe=(108)
+91 4
fi=(157)
-89 8
cfn=(1486)
calls=4 +4 
* 5223
fe=(108)
+95 8
fi=(110)
58 4
fe=(108)
164 12
+1 8
+3 16

fn=(1118) internal/godebug.update
233 7
fi=(296)
63 4
fe=(108)
233 1
+1 1
fi=(297)
46 1
fi=(296)
+17 7
fe=(108)
235 7
+6 33
cfi=(25)
cfn=(426)
calls=1 -81 
* 21
* 1
+1 4
fi=(111) /usr/local/go/src/sync/map.go
114 5
cfi=(109)
cfn=(1120)
calls=1 493 
* 22300
cfi=(110)
cfn=(1172) internal/sync.(*HashTrieMap[go.shape.interface {},go.shape.interface {}]).Range
calls=1 496 
* 530417
fe=(108)
248 5
cfn=(1178) internal/godebug.parse
calls=1 +20 
* 2285
+1 5
cfn=(1178)
calls=1 +19 
* 29
+3 4
fi=(111)
114 4
cfi=(109)
cfn=(1120)
calls=1 493 
* 344
fe=(108)
258 4
cfn=(1228) internal/godebug.update.deferwrap1
calls=1 -23 
* 15
* 3

fn=(1112)
217 5
+1 2
cfi=(21)
cfn=(1114) internal/godebug.setUpdate
calls=1 -76 
* 22619
cfi=(21)
cfn=(1114)
calls=1 -71 
* 533121
+1 2
cfi=(21)
cfn=(1230) internal/godebug.setNewIncNonDefault
calls=1 -69 
* 205
+1 3

fn=(1228)
235 6
fi=(297)
65 1
fi=(296)
194 4
+1 1
fe=(108)
+40 3

fn=(1178)
268 10
+8 113
+1 70
+1 4
+1 19
-3 1
+3 3
-3 2
+4 5
cfi=(19)
cfn=(78)
calls=1 101 
* 15
-1 11
+1 3
-1 3
+2 5
cfi=(19)
cfn=(1182)
calls=1 -18 
* 133
* 1
+1 2
cfi=(30)
cfn=(190)
calls=1 2156 
* 241
* 9
+1 1
+12 34
-19 1
+20 1
-20 48
+19 16
+4 6
-16 5
+1 3
+6 3
cfn=(1192) internal/godebug.lookup
calls=1 172 
* 1518
* 1
fi=(110)
61 2
cfi=(63)
cfn=(1166)
calls=1 +24 
* 12
fe=(108)
277 1
+3 2
-3 1
+2 1
-3 3
+18 1
-18 3
+18 1

fn=(1488) internal/godebug.(*Setting).Value.func1
158 28
-59 24
+1 18
+59 9
cfn=(1192)
calls=3 +13 
* 4564
* 3
cfn=(1192)
calls=1 +13 
* 233
* 20
+1 8
-53 10
+53 2
+3 12

fn=(1192)
172 25
+1 20
fi=(111)
48 25
cfi=(109)
cfn=(1194)
calls=5 +16 
* 709
* 5
fe=(108)
173 5
+3 8
cfi=(30)
cfn=(190)
calls=4 2156 
* 964
* 4
fi=(114) /usr/local/go/src/internal/godebugs/table.go
-76 8
+1 4
fe=(108)
+73 8
fi=(114)
-73 22
fe=(108)
+76 44
fi=(114)
-76 52
+1 46
+1 92
-2 46
+1 23
+1 92
+1 69
-1 6
+1 6
cfi=(20)
cfn=(80)
calls=2 -90 
* 45
* 4
+3 8
cfi=(115)
cfn=(1208)
calls=1 -82 
* 29
* 105
cfi=(115)
cfn=(1208)
calls=21 -82 
* 645
* 76
+1 16
+2 24
-5 8
fe=(108)
+72 17
+1 4
fi=(110)
61 8
cfi=(63)
cfn=(1166)
calls=4 +24 
* 48
fe=(108)
179 16
cfi=(64)
cfn=(1212)
calls=4 419 
* 1008
fi=(111)
65 28
cfi=(109)
cfn=(1214)
calls=4 +23 
* 1919
* 4
fe=(108)
179 4
+5 16

fn=(1222)
252 9
+1 5
-1 1
+1 5
cfi=(19)
cfn=(78)
calls=1 101 
* 113
* 2
+3 4

fl=(286)
fn=(3892)
69 10
+1 4
+3 4
cfi=(287)
cfn=(3894)
calls=2 -26 
* 10073
* 4
+1 4
+6 12
-6 6

fl=(162)
fn=(1512)
127 320
+3 80
-10 40
fi=(18)
-95 160
cfi=(17)
cfn=(66)
calls=40 -7 
* 963
* 120
fe=(162)
131 120

fn=(1934) strings.TrimSpace
1091 6
+2 7
+24 5

fn=(2058)
291 248
+1 62
+3 62
-3 186
+6 31
+1 31
cfn=(1960)
calls=31 42 
* 2186
* 31
+3 93
+3 186
cfi=(60)
cfn=(448)
calls=31 102 
* 8442
* 31
+1 124
+2 186
+9 248
+1 124

fn=(3016) strings.Map
532 6
+9 3
-2 3
+2 1
+1 13
-1 184
+1 52
cfi=(216)
cfn=(3018) testing.removeSymbolsExcept.func1
calls=13 1404 
* 299
* 13
+1 65
-2 26
+3 13
fi=(232)
56 1
fe=(162)
568 1
+1 5

fn=(1960)
42 312
+2 78
+3 78
+1 234
cfi=(74)
cfn=(1962)
calls=39 -25 
* 1674
* 234

fn=(1504)
201 56
+1 14
+4 14
+8 14
+1 12
965 3
202 20
+22 35
+1 31
-1 31
+1 31
-1 349
+1 124
cfn=(1512)
calls=31 -98 
* 1364
* 62
+4 16
970 72
-5 42
+1 24
+1 24
215 24
+1 102
+1 32
977 160
217 32
+4 12

fl=(180)
fn=(1570)
16 4
fi=(118)
149 1
fe=(180)
17 1
fi=(118)
149 8
fe=(180)
18 1
fi=(118)
149 8
fe=(180)
19 2

fl=(205)
fn=(1774) regexp.makeOnePass.func1
308 40
+2 15
-2 20
+2 15
-2 15
118 20
+3 25
-3 5
354 5
-40 5
118 5
+3 25
-3 5
354 5
126 5
+5 5
+3 20
+1 35
+1 5
310 10
+5 15
-5 25
+5 10
-7 2
+2 2
+7 8
cfn=(1775) regexp.makeOnePass.func1'2
calls=2 -9 
* 18532
* 24
cfn=(1775)
calls=2 -9 
* 4669
+2 14
+1 2
-1 6
+1 6
-1 2
+2 2
-1 2
+6 2
+1 4
+3 6
+1 10
+1 4
+5 20
-20 2
+20 4
-1 4
cfn=(1776) regexp.mergeRuneSets
calls=2 158 
* 166228
* 34
+2 8
+95 4
-95 2
+14 8
cfn=(1775)
calls=2 -44 
* 8707
+1 24
+1 8
-2 2
+2 24
cfi=(60)
cfn=(378)
calls=1 178 
* 282
* 12
cfi=(29)
cfn=(120)
calls=1 39 
* 544
* 7
cfi=(29)
cfn=(120)
calls=1 39 
* 6
* 30
+1 12
cfi=(60)
cfn=(448)
calls=2 102 
* 283
* 18
+1 2
+6 3
+1 3
+3 1
118 5
+3 11
+4 1
-7 1
+7 1
+1 1
+5 1
+3 4
+1 6
+1 1
367 6
+6 2
-6 1
+14 5
cfi=(60)
cfn=(378)
calls=1 178 
* 282
* 7
cfi=(29)
cfn=(120)
calls=1 39 
* 544
+2 3
-2 1
+52 15
-50 12
+1 6
cfi=(60)
cfn=(448)
calls=1 102 
* 178
* 9
+1 1
+1 661
-1 1985
+1 3305
+2 3
-31 662
-1 1990
+1 3310
+76 2
-77 2

fn=(1775)
308 128
+2 48
-2 64
+2 48
-2 48
118 64
+3 178
311 14
118 14
354 28
-43 14
118 2
354 2
-40 2
118 2
314 14
118 14
+3 178
+4 14
-7 14
354 28
125 14
-7 2
354 2
126 2
+5 2
-5 14
+5 14
+3 64
+1 112
+1 16
310 32
+5 48
-5 80
+5 32
-7 2
+2 2
+7 8
cfn=(1775)
calls=2 -9 
* 1509
* 24
cfn=(1775)
calls=2 -9 
* 1034
+2 14
+1 2
-1 6
+1 6
-1 2
+2 2
-1 1
+1 1
-1 1
+6 1
+1 2
+3 6
+1 10
+1 4
+5 20
-20 2
+20 4
-1 4
cfn=(1776)
calls=2 158 
* 1218
* 34
+2 8
+95 4
-95 2
+14 12
cfn=(1775)
calls=3 -44 
* 271
+1 36
+1 12
-2 3
+2 51
cfi=(29)
cfn=(120)
calls=3 39 
* 18
* 45
+1 18
cfi=(60)
cfn=(448)
calls=3 102 
* 377
* 27
+1 3
+4 21
-17 12
cfn=(1775)
calls=3 -35 
* 2489
+1 36
+2 15
-3 3
+3 39
cfi=(60)
cfn=(378)
calls=3 178 
* 555
* 36
cfi=(29)
cfn=(120)
calls=3 39 
* 48
* 45
+1 18
cfi=(60)
cfn=(448)
calls=3 102 
* 495
* 27
+1 3
+14 12
+1 12
+3 3
118 15
+3 33
+4 3
-7 1
+7 1
+1 1
+5 1
+3 4
+1 6
+1 1
367 18
+6 6
-6 3
+14 15
cfi=(60)
cfn=(378)
calls=3 178 
* 2133
* 21
cfi=(29)
cfn=(120)
calls=3 39 
* 1776
+2 9
-2 3
-11 1
-6 1
+26 3
+1 4
+3 1
118 5
+3 11
+4 1
-7 1
+7 1
+1 1
+5 1
+3 4
+1 6
+1 1
397 3
+8 12
cfi=(60)
cfn=(378)
calls=1 178 
* 185
* 5
+28 48
-26 12
+1 6
cfi=(60)
cfn=(448)
calls=1 102 
* 165
* 9
+1 1
+1 2
-1 8
+1 10
+2 3
-29 36
+1 18
cfi=(60)
cfn=(448)
calls=3 102 
* 2988
* 27
+1 3
+1 2159
-1 6483
+1 10795
+2 9
-39 6
-1 24
+1 30
+84 3
-85 3
+9 3
-1 15
+1 15
+76 3
-77 3

fn=(1770) regexp.onePassCopy
222 12
+6 2
-2 10
cfi=(60)
cfn=(448)
calls=2 102 
* 1686
* 2
-3 4
cfi=(30)
cfn=(190)
calls=2 2156 
* 501
+1 6
+1 4
+1 14
-3 2
+3 2
+2 10
+1 144
-1 220
+1 378
+8 64
+1 162
+3 18
+5 3
-3 6
+1 6
+2 39
+1 12
+2 30
+1 8
+4 17
+2 4
+6 8
+1 2
+2 2
+2 5
+4 4
+6 3
+5 8

fn=(1750)
459 24
+1 16
+4 32
+1 6
+4 4
-3 8
+3 99
+1 45
+7 228
+1 126
+1 18
-1 18
+6 36
+1 27
+3 30
+1 8
+1 6
-9 22
-21 2
+39 2
cfn=(1770)
calls=2 222 
* 3398
+3 2
cfn=(1772) regexp.makeOnePass
calls=2 293 
* 216784
+2 4
-2 2
209 4
505 2
209 8
507 6
209 220
+1 36
+2 18
-1 26
+2 150
-2 10
-2 7
+2 7
+3 2
+1 12
+1 27
-7 1
+7 1

fn=(1772)
293 14
+2 8
+5 4
141 13
cfi=(60)
cfn=(448)
calls=1 -39 
* 177
* 2
+1 11
cfi=(60)
cfn=(448)
calls=1 -40 
* 177
-1 1
-1 1
+1 1
-1 5
+1 3
+1 3
301 3
141 2
-1 5
+1 3
+1 3
301 3
141 10
cfi=(60)
cfn=(448)
calls=1 -39 
* 177
* 2
-1 1
+2 11
cfi=(60)
cfn=(448)
calls=1 -40 
* 177
-1 1
-1 2
+1 1
-1 5
+1 3
+1 3
302 1
+1 6
140 5
+1 3
+1 3
302 1
+1 12
cfi=(60)
cfn=(448)
calls=2 102 
* 2051
+5 2
140 4
308 26
436 2
113 2
437 4
118 2
+7 2
-7 4
+3 8
-3 2
308 2
126 2
+5 2
+3 8
-16 2
+16 2
+1 12
+1 2
438 14
cfi=(60)
cfn=(448)
calls=2 102 
* 274
* 2
+1 2
+3 5
103 10
439 5
103 4
439 2
+1 5
113 5
-6 10
441 5
107 20
+1 10
442 35
cfn=(1774)
calls=5 308 
* 212938
* 10
+5 6
+1 10
+4 8
-3 18
-1 76
+1 306

fn=(1780)
41 10
+1 14
+1 14
+3 2
+1 10
+1 8
+41 6
-36 8
+1 14

fn=(1778) regexp.mergeRuneSets.func1
170 20
+1 8
+4 8

fn=(1776)
158 48
+1 4
+1 4
+1 32
-1 4
-1 4
+6 8
+2 12
+1 8
+1 4
+1 48
+19 10518
+2 4500
-2 1500
+4 2998
-14 20948
+3 24160
cfi=(60)
cfn=(378)
calls=24 -4 
* 15164
* 48
+3 24
-1 24
+1 24
+4 48
-7 48
+1 48
-4 24
+16 24
-13 72
+1 24
+2 144
-3 4422
+1 1474
+2 8964
cfi=(60)
cfn=(378)
calls=20 -7 
* 58704
* 60
-1 20
+1 20
+4 40
+5 40
-15 20
+16 20
-10 40
-1 40
+10 40
-9 2956
-1 2956
+10 2956
+1 26
-16 4
+3 20
+13 2
-13 14
cfi=(60)
cfn=(378)
calls=2 -4 
* 432
* 4
+3 2
-1 2
+1 2
+4 4
-7 2
+1 4
-1 8
+1 2
+2 22
cfi=(60)
cfn=(378)
calls=2 -7 
* 444
* 6
-1 2
+1 2
+4 4
-4 4
-1 4
+14 2
-19 2
+16 2
+5 3000
+4 64
cfn=(1778)
calls=4 -34 
* 36
* 36

fl=(267)
fn=(3440)
51 816
+1 680
-23 340
+8 136
-8 816
+1 544
+4 272
-5 136
+5 136
-5 136
+5 544
+18 204
+1 68
-1 68
+5 136
cfn=(3442) github.com/ollama/ollama/fs/gguf.TensorType.typeSize
calls=68 161 
* 476
+1 68
232 68
+20 68
-20 68
+15 68
-14 68
+1 68
+6 68
58 68
+1 136
+5 204
+1 272
-8 68
+13 340
+4 272
+1 340
+4 408

fn=(3442)
161 340
+2 136

fl=(58)
fn=(2482)
1944 130
+1 104
+1 78
+4 26
fi=(77)
66 36
fi=(55)
1166 18
fi=(40)
194 36
fi=(55)
1169 36
+3 42
fi=(12)
7338 18
fe=(58)
1950 126
fi=(12)
7338 84
+1 56
fi=(55)
1172 14
fe=(58)
1950 28

fn=(2228)
522 10
+27 2
fi=(40)
194 4
fe=(58)
550 4
cfn=(2230)
calls=2 +95 
* 182
+5 12
cfn=(2232)
calls=2 733 
* 85593
+3 6
cfn=(2230)
calls=2 +87 
* 1070590
+6 2
fi=(40)
194 2
fe=(58)
564 10
cfi=(51)
cfn=(2236)
calls=2 359 
* 52
* 4
+15 2
-15 6
fi=(40)
194 2
fe=(58)
579 4
fi=(51)
459 2
214 2
fi=(40)
-20 2
fe=(58)
579 10
fi=(5)
+23 2
fe=(58)
-16 2
fi=(5)
+16 2
fe=(58)
-15 2
fi=(5)
+16 4
fi=(40)
194 2
fe=(58)
588 4
+1 2
cfi=(23)
cfn=(2926)
calls=2 420 
* 592
fi=(5)
+20 6
fe=(58)
-18 2
fi=(5)
+18 4
+1 8
fe=(58)
-18 6
cfi=(222)
cfn=(2226)
calls=1 208 
* 1659014

fn=(2320) runtime.clearpools
2159 20
+2 12
+1 8
cfi=(105)
cfn=(2322) sync.poolCleanup
calls=4 257 
* 260
+4 32
+8 4
fi=(14)
152 4
fi=(79)
24 8
cfi=(14)
cfn=(90)
calls=4 155 
* 84
fe=(58)
2176 16
+4 12
+1 4
fi=(14)
261 4
fi=(79)
35 8
cfi=(14)
cfn=(98)
calls=4 267 
* 172
fe=(58)
2185 4
fi=(14)
152 4
fi=(79)
24 8
cfi=(14)
cfn=(90)
calls=4 155 
* 84
fe=(58)
2189 16
+4 12
+1 4
fi=(14)
261 4
fi=(79)
35 8
cfi=(14)
cfn=(98)
calls=4 267 
* 172
fe=(58)
2195 12

fn=(2730)
1344 24
259 16
1346 4
258 12
+1 24
fi=(40)
+50 4
fe=(58)
1348 4
+1 4
fi=(22)
33 4
cfi=(3)
cfn=(94)
calls=4 223 
* 128
* 4
fi=(5)
602 2
fe=(58)
1351 2
fi=(22)
33 4
fi=(5)
602 2
+1 2
fe=(58)
1352 12
cfi=(2)
cfn=(2386)
calls=2 1886 
* 42
* 2
fi=(5)
603 2
fe=(58)
1352 4
+1 2
+1 4
+4 8
cfi=(12)
cfn=(2274)
calls=2 +43 
* 151
+7 14
cfi=(2)
cfn=(134)
calls=2 520 
* 1348
* 8
+11 4
+1 28
cfi=(2)
cfn=(135)
calls=2 520 
* 56
cfi=(2)
cfn=(134)
calls=2 520 
* 1038
* 4
+14 4
+1 8
cfi=(12)
cfn=(660)
calls=2 1277 
* 117
fi=(13)
152 2
+37 6
fe=(58)
1394 2
fi=(13)
192 2
+59 2
fe=(58)
1395 2
+6 12
+2 4
fi=(36)
651 2
fe=(58)
1408 2
+4 6
cfi=(2)
cfn=(134)
calls=2 520 
* 665
* 4
+3 2
fi=(22)
33 2
cfi=(3)
cfn=(94)
calls=2 223 
* 80
* 8
fe=(58)
1416 2
cfi=(130)
cfn=(1304)
calls=2 14 
* 92
+1 6
+1 10
+1 2
+1 6
+1 6
+1 8
+1 6
+1 4
+10 8
fi=(36)
927 2
+1 2
+1 2
fe=(58)
1435 6
cfi=(36)
cfn=(2762) runtime.(*cpuStats).accumulate
calls=2 946 
* 84
+4 18
+6 2
fi=(40)
81 6
fe=(58)
1446 2
fi=(40)
81 6
fe=(58)
1449 2
fi=(40)
81 6
fe=(58)
1451 4
+1 2
+4 2
fi=(14)
152 2
fi=(79)
24 4
cfi=(14)
cfn=(90)
calls=2 155 
* 42
fe=(58)
1457 2
+1 4
cfi=(12)
cfn=(2310)
calls=2 4045 
* 38183
cfi=(12)
cfn=(2310)
calls=1 4131 
* 6050808
+1 2
fi=(14)
261 2
fi=(79)
35 4
cfi=(14)
cfn=(98)
calls=2 267 
* 78
fe=(58)
1465 4
cfi=(44)
cfn=(2764)
calls=2 1174 
* 33
+3 6
cfi=(78)
cfn=(2400)
calls=2 122 
* 110
+5 2
fi=(23)
373 2
217 2
fi=(40)
-23 2
fi=(23)
+24 4
+1 14
+1 4
fi=(40)
+16 8
fi=(23)
-15 2
fi=(51)
-71 2
fi=(40)
+44 2
fi=(51)
-43 8
+3 2
fi=(40)
+82 8
fi=(51)
-82 2
+1 2
fe=(58)
1487 2
+1 6
fi=(51)
151 2
fe=(58)
1488 4
+2 2
fi=(51)
151 2
fe=(58)
1487 2
+7 4
+5 2
+1 36
cfi=(2)
cfn=(134)
calls=2 520 
* 91261
* 4
+21 2
cfi=(23)
cfn=(2820)
calls=2 383 
* 606
+4 2
cfi=(237)
cfn=(2826) runtime.prepareFreeWorkbufs
calls=2 525 
* 198
+3 6
cfi=(2)
cfn=(134)
calls=2 520 
* 1974
* 4
+14 4
+3 2
fi=(12)
2112 16
cfi=(2)
cfn=(134)
calls=2 520 
* 67533
* 4
fi=(51)
151 6
fe=(58)
1559 2
-72 2
+79 6
cfi=(51)
cfn=(218)
calls=2 162 
* 156
+6 4
+56 6
+11 2
fi=(14)
152 2
fi=(79)
24 4
cfi=(14)
cfn=(90)
calls=1 155 
* 21
cfi=(14)
cfn=(91)
calls=1 155 
* 21
fe=(58)
1640 8
+1 8
+1 2
fi=(14)
261 2
fi=(79)
35 6
cfi=(14)
cfn=(98)
calls=2 267 
* 78
fe=(58)
1643 12
fi=(56)
994 4
cfn=(1082)
calls=2 +8 
* 148
* 2
fe=(58)
1648 4
+6 2
fi=(107)
204 8
cfn=(2404)
calls=2 +3 
* 60
fe=(58)
1655 2
fi=(107)
204 8
cfn=(2404)
calls=2 +3 
* 60
fi=(5)
609 6
fe=(58)
1658 2
fi=(5)
609 4
+1 8
+2 1
fe=(58)
1666 4
cfn=(2658)
calls=1 1174 
* 41804
* 4
1377 10
+1 2
-1 4
+1 2
+1 4
+3 4
+5 2
258 6
+1 12
1388 4
cfn=(2744) runtime.gcSweep
calls=2 2049 
* 902
* 4
+1 6
cfi=(2)
cfn=(135)
calls=2 566 
* 233700

fn=(2731)
1377 4
+14 4
+1 8
cfi=(12)
cfn=(660)
calls=2 1277 
* 70
fi=(13)
152 2
+37 6
fe=(58)
1394 2
fi=(13)
192 2
+59 2
fe=(58)
1395 2
+6 12
+2 4
fi=(36)
651 2
fe=(58)
1408 2
+4 6
cfi=(2)
cfn=(135)
calls=2 520 
* 56
* 4
+3 2
fi=(22)
33 2
cfi=(3)
cfn=(94)
calls=2 223 
* 48
fe=(58)
1417 6
+1 10
+1 2
+1 6
+1 6
+1 8
+1 6
+1 4
+10 8
fi=(36)
927 2
+1 2
+1 2
fe=(58)
1435 6
cfi=(36)
cfn=(2762)
calls=2 946 
* 84
+4 18
+6 2
fi=(40)
81 6
fe=(58)
1446 2
fi=(40)
81 6
fe=(58)
1449 2
fi=(40)
81 6
fe=(58)
1451 4
+5 2
fi=(14)
152 2
fi=(79)
24 4
cfi=(14)
cfn=(90)
calls=2 155 
* 42
fe=(58)
1457 2
+1 4
cfi=(12)
cfn=(2310)
calls=2 4045 
* 20
+1 2
fi=(14)
261 2
fi=(79)
35 4
cfi=(14)
cfn=(98)
calls=2 267 
* 78
fe=(58)
1465 4
cfi=(44)
cfn=(2764)
calls=2 1174 
* 33
+3 6
cfi=(78)
cfn=(2400)
calls=2 122 
* 110
+5 2
fi=(23)
373 2
217 2
fi=(40)
-23 2
fi=(23)
+24 4
+1 14
+1 4
fi=(40)
+16 8
fi=(23)
-15 2
fi=(51)
-71 2
fi=(40)
+44 2
fi=(51)
-43 8
+3 2
fi=(40)
+82 8
fi=(51)
-82 2
+1 2
fe=(58)
1487 2
+1 6
fi=(51)
151 2
fe=(58)
1488 4
+2 2
fi=(51)
151 2
fe=(58)
1487 2
+7 4
+5 2
+1 36
cfi=(2)
cfn=(135)
calls=2 520 
* 56
* 4
+21 2
cfi=(23)
cfn=(2820)
calls=2 383 
* 879
+4 2
cfi=(237)
cfn=(2826)
calls=2 525 
* 198
+3 6
cfi=(2)
cfn=(135)
calls=2 520 
* 56
* 4
+14 4
+3 2
fi=(12)
2112 16
cfi=(2)
cfn=(135)
calls=2 520 
* 56
fe=(58)
1572 2
+56 3
+11 1
fi=(14)
152 1
fi=(79)
24 2
cfi=(14)
cfn=(90)
calls=1 155 
* 21
fe=(58)
1640 4
+1 4
+1 1
fi=(14)
261 1
fi=(79)
35 3
cfi=(14)
cfn=(98)
calls=1 267 
* 39
fe=(58)
1643 6
fi=(56)
994 2
cfn=(1082)
calls=1 +8 
* 74
* 1
fe=(58)
1648 2
+6 1
fi=(107)
204 4
cfn=(2405)
calls=1 +3 
* 30
fe=(58)
1655 1
fi=(107)
204 4
cfn=(2405)
calls=1 +3 
* 30
fi=(5)
609 3
fe=(58)
1658 1
fi=(5)
609 2
+1 4
+2 1
fe=(58)
1666 4
cfn=(2659)
calls=1 1174 
* 45
fi=(12)
2112 16
+1 6
+12 4
cfn=(2274)
calls=2 1401 
* 132
+1 4
cfn=(2670)
calls=2 +14 
* 60010
+1 8
cfn=(660)
calls=2 1277 
* 70
+1 6
cfi=(2)
cfn=(135)
calls=2 566 
* 135211
fe=(58)
1500 22
+2 2
+1 4
+1 2
+11 4
cfi=(12)
cfn=(2354)
calls=2 1760 
* 33321
+1 6
cfi=(2)
cfn=(135)
calls=2 566 
* 198640
fi=(56)
+2 10
fi=(51)
459 2
fi=(40)
194 2
fi=(51)
+20 4
fi=(56)
1521 4
cfn=(520) runtime.(*gcControllerState).commit
calls=2 1277 
* 100
+3 4
fi=(13)
152 2
+37 6
fi=(56)
1530 2
fi=(13)
251 2
fi=(56)
1531 2
+5 6
cfn=(1080) runtime.(*gcControllerState).trigger
calls=2 1190 
* 238
* 2
+1 2
cfi=(51)
cfn=(2754)
calls=2 982 
* 58
fi=(40)
74 2
fi=(56)
1538 6
cfi=(44)
cfn=(2758)
calls=2 175 
* 128
+1 6
cfi=(2)
cfn=(135)
calls=2 566 
* 232908
fi=(6)
1309 12
+2 2
+13 8
fi=(14)
261 8
fi=(79)
35 24
cfi=(14)
cfn=(98)
calls=8 267 
* 312
fi=(6)
1311 44
+1 40
+1 24
fi=(14)
152 8
fi=(79)
24 16
cfi=(14)
cfn=(90)
calls=8 155 
* 168
fi=(6)
1314 78
+1 10
+1 20
+12 2
fi=(79)
24 6
cfi=(14)
cfn=(90)
calls=2 155 
* 42
* 2
fi=(14)
152 2
fi=(6)
1329 284
+1 700
+8 2
fi=(14)
261 2
fi=(79)
35 4
cfi=(14)
cfn=(98)
calls=2 267 
* 78
fi=(6)
1339 6
cfi=(2)
cfn=(135)
calls=2 566 
* 195569
fi=(3)
277 2
+1 2
+1 2
+6 2
+1 2
+1 2
+1 2
+3 2
+1 2
+1 2
+1 6
cfi=(22)
cfn=(2733)
calls=2 33 
* 232800
+2 2
+1 2
+1 2
fe=(58)

fn=(2742)
1377 10
+1 2
-1 4
+1 2
+1 4
+3 4
+5 2
258 6
+1 12
1388 4
cfn=(2744)
calls=2 2049 
* 902
* 4
+1 6

fn=(2244) runtime.gcBgMarkStartWorkers
1672 20
+6 16
fi=(5)
602 1
fe=(58)
1689 1
fi=(5)
602 1
+1 2
fe=(58)
1690 3
cfi=(96)
cfn=(850)
calls=1 75 
* 199
fi=(5)
609 3
fe=(58)
1691 1
fi=(5)
609 1
+1 4
fe=(58)
1690 2
+3 1
-14 9
+26 18
cfi=(96)
cfn=(856)
calls=6 508 
* 12980
+4 6
-14 6
-2 21
fi=(5)
602 6
fe=(58)
1694 6
fi=(5)
602 6
+1 12
fe=(58)
1695 12
cfi=(30)
cfn=(190)
calls=6 2156 
* 1434
* 54
cfi=(12)
cfn=(630)
calls=6 5295 
* 9958
fi=(5)
609 18
fe=(58)
1696 6
fi=(5)
609 12
+1 24
fe=(58)
1711 3

fn=(2260)
2113 20
+3 8
cfi=(12)
cfn=(2262)
calls=4 731 
* 1250
+7 4
fi=(14)
152 4
fi=(79)
24 8
cfi=(14)
cfn=(90)
calls=4 155 
* 84
fe=(58)
2124 16
+1 4
fi=(14)
261 4
fi=(79)
35 8
cfi=(14)
cfn=(98)
calls=4 267 
* 172
fe=(58)
2126 20
+1 8
+1 920
-2 40
+1 32
+4 4
fi=(40)
309 4
fe=(58)
2132 4
+1 12

fn=(2264)
2117 63
+1 63
+1 63

fn=(2422)
1933 130
+1 104
+1 78
+4 78

fn=(2736)
1956 20
+1 8
+3 4
fi=(40)
194 8
fe=(58)
1963 28
+5 8
+9 20
cfi=(2)
cfn=(2386)
calls=4 -91 
* 84
* 8
+8 24
+35 48
cfi=(237)
cfn=(2674) runtime.(*gcWork).dispose
calls=24 305 
* 860
-35 224
+6 48
+5 72
cfi=(76)
cfn=(584)
calls=24 79 
* 120
+3 96
+1 24
cfi=(237)
cfn=(2362) runtime.(*gcWork).empty
calls=24 384 
* 404
* 48
+29 120
+1 24
+1 48
+3 48
+4 12
cfi=(56)
cfn=(2738) runtime.(*gcControllerState).resetLive
calls=4 917 
* 124
+1 12

fn=(2838)
1548 98
+1 14
fi=(14)
152 14
fi=(79)
24 28
cfi=(14)
cfn=(90)
calls=10 155 
* 210
cfi=(14)
cfn=(91)
calls=4 155 
* 84
fe=(58)
1550 70
cfi=(80)
cfn=(2840)
calls=14 78 
* 51127
+1 14
fi=(14)
261 14
fi=(79)
35 28
cfi=(14)
cfn=(98)
calls=14 267 
* 546
fe=(58)
1552 42

fn=(374)
706 4945
+1 1978
fi=(40)
194 950
fe=(58)
707 6767
+1 484
+3 1736
+3 232
fi=(40)
21 112
fe=(58)
715 224
+3 224
+1 1120
+1 8
fi=(40)
194 4
fe=(58)
722 24
-10 1504
cfi=(56)
cfn=(1080)
calls=752 1190 
* 89488
fi=(40)
309 752
fe=(58)
713 3760

fn=(926)
215 7
cfi=(44)
cfn=(928)
calls=1 649 
* 343

fn=(2232)
733 32
fi=(5)
602 4
fe=(58)
738 4
fi=(5)
602 4
+1 4
fe=(58)
739 36
fi=(5)
609 4
fe=(58)
743 4
fi=(5)
609 4
fe=(58)
739 4
fi=(5)
610 16
fe=(58)
746 16
-7 12
+28 12
cfn=(374)
calls=4 -61 
* 344
* 12
cfi=(51)
cfn=(2236)
calls=4 359 
* 104
* 16
-21 16
+26 4
fi=(107)
143 24
cfn=(2238)
calls=4 +3 
* 100
fe=(58)
774 20
cfn=(374)
calls=4 -68 
* 344
* 8
+10 12
+2 16
+5 4
fi=(107)
143 24
cfn=(2238)
calls=4 +3 
* 100
fe=(58)
792 4
fi=(107)
143 24
cfn=(2238)
calls=4 +3 
* 100
fe=(58)
796 12
fi=(13)
152 8
+37 12
fe=(58)
798 4
fi=(13)
251 4
fe=(58)
799 4
+6 156
+2 24
fi=(40)
194 24
fe=(58)
807 96
+5 48
-7 12
+8 24
cfi=(30)
cfn=(132)
calls=6 2329 
* 1152
* 30
-8 6
+76 6
-76 12
+8 6
+4 4
cfn=(2244)
calls=4 1672 
* 24846
+2 12
cfi=(2)
cfn=(134)
calls=4 520 
* 2778
* 8
+2 12
+1 12
fi=(40)
309 4
fe=(58)
827 4
+1 4
+1 8
fi=(22)
33 4
cfi=(3)
cfn=(94)
calls=4 223 
* 160
* 12
fe=(58)
831 4
+1 4
+1 12
+1 28
cfi=(2)
cfn=(134)
calls=4 520 
* 6834
* 8
+5 4
fi=(36)
+89 4
+1 4
fe=(58)
-60 12
cfi=(2)
cfn=(134)
calls=4 520 
* 60833
* 8
+6 4
cfn=(2320)
calls=4 2159 
* 976
+2 4
fi=(40)
291 12
fe=(58)
881 28
cfi=(56)
cfn=(2324) runtime.(*gcControllerState).startCycle
calls=4 386 
* 1268
+3 16
cfi=(78)
cfn=(2332)
calls=4 100 
* 1323
+5 12
fi=(40)
124 4
+44 4
fe=(58)
894 4
+22 4
258 12
+1 24
918 4
1725 4
+1 4
919 4
cfi=(236)
cfn=(2334) runtime.gcPrepareMarkRoots
calls=4 109 
* 572
+7 4
cfi=(236)
cfn=(2344) runtime.gcMarkTinyAllocs
calls=4 1778 
* 764
+7 12
fi=(5)
602 4
fe=(58)
937 4
fi=(5)
602 4
+1 8
fi=(22)
33 4
cfi=(3)
cfn=(94)
calls=4 223 
* 160
* 8
fe=(58)
944 4
fi=(22)
33 4
fe=(58)
944 4
fi=(36)
-17 4
+1 4
+1 4
fe=(58)
+18 36
cfi=(2)
cfn=(134)
calls=4 520 
* 50925
* 8
+13 4
fi=(107)
204 16
cfn=(2404)
calls=4 +3 
* 328
fi=(5)
609 12
fe=(58)
961 4
fi=(5)
609 4
+1 16
+2 2
fe=(58)
889 4
fi=(5)
612 2
fe=(58)
889 4
fi=(5)
610 2
fe=(58)
965 4
+4 4
fi=(107)
204 16
cfn=(2404)
calls=4 +3 
* 46373
fe=(58)
970 24
cfi=(45)
cfn=(2200)
calls=1 143 
* 2524

fn=(2250)
fi=(13)
152 1
+37 3
fi=(50)
88 1
fi=(13)
251 1
fi=(50)
89 1
+21 2
+3 1
-47 11
+48 1
cfi=(52)
cfn=(214)
calls=1 +36 
* 69
* 3
fi=(51)
+35 1
fi=(50)
+29 3
fi=(13)
-26 1
+37 3
fi=(50)
-10 1
fi=(13)
+72 1
fi=(50)
-71 1
+5 2
+1 5
+3 1
+1 1
+2 1
cfi=(49)
cfn=(352)
calls=1 1096 
* 7
+4 7
+2 3
fe=(58)
1750 30
+38 6
-37 12
+5 30
+7 18
cfi=(30)
cfn=(190)
calls=6 2156 
* 2906
+1 30
-1 6
+1 6
+2 6
fi=(62)
248 6
fi=(5)
602 6
fe=(58)
1768 6
fi=(5)
602 6
+1 6
fe=(58)
1768 6
fi=(62)
292 6
fe=(58)
1770 18
cfi=(96)
cfn=(934)
calls=6 160 
* 2100
+21 66
cfi=(12)
cfn=(870)
calls=2 445 
* 1750431
cfi=(12)
cfn=(871)
calls=9 445 
* 705136
+56 14
+40 7
fi=(22)
33 7
cfi=(3)
cfn=(94)
calls=7 223 
* 168
fe=(58)
cfi=(58)
cfn=(2658)
calls=1 1174 
1912 6077430
fe=(58)
1912 5
fi=(51)
913 3
cfn=(210)
calls=1 * 
* 54
fi=(3)
277 7
+1 7
+1 7
+6 7
+1 7
+1 7
+1 7
+3 7
+1 7
+1 7
+1 21
cfi=(22)
cfn=(2420)
calls=5 33 
* 2230567
cfi=(22)
cfn=(2421)
calls=2 33 
* 132870
+2 7
+1 7
+1 7
fe=(58)

fn=(2251)
1791 42
cfi=(12)
cfn=(871)
calls=3 445 
* 4545
cfi=(12)
cfn=(870)
calls=4 445 
* 203
fi=(5)
602 1
fe=(58)
1826 1
fi=(5)
602 1
+1 1
fe=(58)
1826 1
fi=(62)
292 2
fe=(58)
1827 3
+2 3
+5 3
fi=(62)
272 1
fe=(58)
1838 1
fi=(22)
33 2
cfi=(3)
cfn=(94)
calls=1 223 
* 40
* 4
fe=(58)
1839 2
+2 2
fi=(40)
309 1
fi=(78)
+80 2
+19 2
-38 3
+41 2
fi=(40)
-95 1
fi=(78)
+92 1
fe=(58)
1842 2
+3 2
cfn=(2422)
calls=1 +88 
* 15
+2 9
cfi=(2)
cfn=(134)
calls=1 520 
* 620772
* 24
+40 12
fi=(22)
33 12
cfi=(3)
cfn=(94)
calls=12 223 
* 304
* 2
fe=(58)
1889 2
fi=(22)
33 2
fe=(58)
1888 4
+1 3
cfi=(56)
cfn=(2478)
calls=1 939 
* 43
-44 2
+45 1
+1 5
cfi=(78)
cfn=(840)
calls=1 447 
* 41
+2 3
+8 1
+4 2
cfn=(2482)
calls=1 +39 
* 42
* 2
+4 2
fi=(5)
609 3
+1 4
fi=(62)
292 1
fe=(58)
1910 1
fi=(62)
292 1
fe=(58)
1912 1
cfn=(2659)
calls=1 1015 
* 32041
* 7
fi=(31)
1667 9
+2 1
cfi=(13)
cfn=(2788)
calls=1 160 
* 2
* 2
+8 3
cfi=(14)
cfn=(2790)
calls=1 151 
* 31
+17 4
cfn=(2792)
calls=1 +36 
* 586
+1 2
cfi=(14)
cfn=(2802)
calls=1 260 
* 49
+1 3
cfi=(2)
cfn=(135)
calls=1 566 
* 126978
fi=(12)
4253 15
fi=(13)
189 3
fi=(12)
4254 6
fi=(13)
152 3
+37 9
fi=(12)
4256 9
+6 6
+1 9
fi=(13)
251 3
fi=(12)
4267 3
+8 9
cfn=(660)
calls=3 1277 
* 141
fi=(13)
251 6
fi=(12)
4276 3
-33 6
fi=(62)
292 3
fi=(12)
4280 3
fi=(62)
300 3
-8 3
fi=(12)
4244 3
fi=(62)
248 3
+18 3
-18 3
fi=(12)
4282 12
+1 12
cfi=(58)
cfn=(2252)
calls=3 1791 
* 216
+1 15
-1 3
+3 3
-23 6
+23 3
+14 3
+4 3
cfn=(730)
calls=3 4135 
* 9310
463 3
cfi=(107)
cfn=(2239)
calls=1 193 
* 656868
fi=(3)
277 11
+1 11
+1 11
+6 11
+1 11
+1 11
+1 11
+3 11
+1 11
+1 11
+1 33
cfi=(22)
cfn=(2421)
calls=11 33 
* 3207529
+2 11
+1 11
+1 11
fe=(58)
0 1
fi=(9)
1 2
cfi=(6)
cfn=(1135)
calls=1 1026 
* 24071
fe=(58)

fn=(2270)
834 28
+1 12
cfi=(12)
cfn=(2272)
calls=4 1628 
* 6610
* 20
+1 12

fn=(2300)
869 16
+1 4
cfi=(51)
cfn=(2302)
calls=4 231 
* 60653
+1 8

fn=(2360)
1919 625
+1 544
cfi=(237)
cfn=(2362)
calls=98 384 
* 1654
* 196
fi=(77)
66 214
fi=(55)
1166 107
fi=(40)
194 210
fi=(55)
1169 210
+3 255
fi=(12)
7338 105
fe=(58)
1923 24
-2 72
+2 321
fi=(12)
7338 425
+1 340
fi=(55)
1172 85
fe=(58)
1923 170

fn=(2672)
1042 300
+13 60
-10 60
cfi=(76)
cfn=(2644)
calls=60 195 
* 30190
+7 240
cfi=(237)
cfn=(2674)
calls=60 305 
* 6599
+3 180
+1 21
+1 7
+2 180

fn=(1042)
214 7
cfi=(51)
cfn=(1044)
calls=1 +58 
* 264

fn=(2658)
1015 78
+3 13
fi=(107)
143 78
cfn=(2239)
calls=4 +3 
* 4505
cfn=(2238)
calls=9 +3 
* 450374391
cfn=(2238)
calls=1 +58 
* 24153413
fe=(58)
1027 29
1928 24
fi=(77)
66 12
fi=(55)
1166 6
fi=(40)
194 12
fi=(55)
1169 12
+3 12
fi=(12)
7338 6
fe=(58)
1928 2
1027 12
+7 4
fi=(107)
143 24
cfn=(2239)
calls=1 +3 
* 25
cfn=(2238)
calls=3 +3 
* 75
fe=(58)
1038 4
+3 4
+1 4
fi=(12)
2112 32
cfi=(2)
cfn=(135)
calls=2 520 
* 56
cfi=(2)
cfn=(134)
calls=2 520 
* 8662
* 4
fe=(58)
1061 4
+6 1
fi=(107)
204 4
cfn=(2404)
calls=1 +3 
* 30
* 1
fe=(58)
1068 1
fi=(40)
124 1
+44 1
fe=(58)
1072 1
+7 1
fi=(22)
33 1
cfi=(3)
cfn=(94)
calls=1 223 
* 40
* 4
fe=(58)
1080 1
+1 6
cfi=(2)
cfn=(2386)
calls=1 1886 
* 21
* 3
+1 3
+1 7
cfi=(2)
cfn=(134)
calls=1 520 
* 1723
* 6
+8 3
fi=(36)
928 3
+1 3
fe=(58)
1102 3
+1 21
cfi=(2)
cfn=(135)
calls=2 520 
* 56
cfi=(2)
cfn=(134)
calls=1 520 
* 762
* 2
+12 5
-87 6
fi=(107)
204 24
cfn=(2405)
calls=1 +3 
* 387
cfn=(2404)
calls=5 +3 
* 1607
fe=(58)
1029 18
cfn=(2250)
calls=3 1912 
* 660782
cfn=(2251)
calls=2 1912 
* 6804
1140 1
cfi=(6)
cfn=(2702)
calls=1 1393 
* 199
+4 3
+3 4
cfi=(78)
cfn=(2332)
calls=1 100 
* 336
+4 1
cfi=(236)
cfn=(2704) runtime.gcWakeAllAssists
calls=1 784 
* 98
+4 1
+1 1
cfi=(31)
cfn=(2708)
calls=1 2508 
* 98
+5 1
fi=(107)
204 4
cfn=(2404)
calls=1 +3 
* 773
fe=(58)
1165 3
cfi=(12)
cfn=(2724)
calls=1 7163 
* 85
+5 6
cfi=(56)
cfn=(2726) runtime.(*gcControllerState).endCycle
calls=1 600 
* 217
+3 5
cfn=(2730)
calls=1 1344 
* 19360
cfn=(2730)
calls=1 1666 
* 6077427
+1 6
cfn=(2250)
calls=1 1912 
* 41801
1928 12
fi=(12)
7338 20
+1 20
fi=(55)
1172 4
fe=(58)
1928 8
1103 14
+1 36
+3 12
-3 88
+1 12
cfi=(76)
cfn=(2644)
calls=12 195 
* 1016
+1 48
cfi=(237)
cfn=(2362)
calls=12 384 
* 212
* 24
+5 6
cfi=(2)
cfn=(135)
calls=2 566 
* 240248

fn=(2659)
1015 6
+3 1
fi=(107)
143 6
cfn=(2239)
calls=1 +3 
* 25
fe=(58)
1027 17
1928 16
fi=(77)
66 8
fi=(55)
1166 4
fi=(40)
194 8
fi=(55)
1169 8
+3 6
fi=(12)
7338 4
fe=(58)
1928 2
1027 8
+7 2
fi=(107)
143 12
cfn=(2239)
calls=2 +3 
* 50
fe=(58)
1038 2
+3 2
+1 2
fi=(12)
2112 16
cfi=(2)
cfn=(134)
calls=2 520 
* 4662
* 4
fe=(58)
1061 4
+6 1
fi=(107)
204 4
cfn=(2404)
calls=1 +3 
* 30
* 1
fe=(58)
1068 1
fi=(40)
124 1
+44 1
fe=(58)
1072 1
+7 1
fi=(22)
33 1
cfi=(3)
cfn=(94)
calls=1 223 
* 40
* 4
fe=(58)
1080 1
+1 6
cfi=(2)
cfn=(2386)
calls=1 1886 
* 21
* 3
+1 3
+1 7
cfi=(2)
cfn=(134)
calls=1 520 
* 1723
* 2
+8 1
fi=(36)
928 1
+1 1
fe=(58)
1102 1
+1 7
cfi=(2)
cfn=(134)
calls=1 520 
* 667
* 6
+12 15
-87 4
fi=(107)
204 16
cfn=(2405)
calls=1 +3 
* 30
cfn=(2404)
calls=3 +3 
* 754
fe=(58)
1029 12
cfi=(236)
cfn=(2379) runtime.gcAssistAlloc'2
calls=1 650 
* 1049
cfn=(2251)
calls=3 1912 
* 1340359
1140 3
cfi=(6)
cfn=(2702)
calls=3 1393 
* 597
+4 9
+3 12
cfi=(78)
cfn=(2332)
calls=3 100 
* 1011
+4 3
cfi=(236)
cfn=(2704)
calls=3 784 
* 294
+4 3
+1 3
cfi=(31)
cfn=(2708)
calls=3 2508 
* 294
+5 3
fi=(107)
204 12
cfn=(2404)
calls=3 +3 
* 1651
fe=(58)
1165 9
cfi=(12)
cfn=(2724)
calls=3 7163 
* 255
+5 18
cfi=(56)
cfn=(2726)
calls=3 600 
* 653
+3 15
cfn=(2730)
calls=3 1344 
* 22996
+1 6
cfn=(2251)
calls=2 1912 
* 129223
1928 8
fi=(12)
7338 10
+1 10
fi=(55)
1172 2
fe=(58)
1928 4
fi=(12)
482 14
+1 6
cfn=(944)
calls=2 1120 
* 550
+1 6
cfi=(2)
cfn=(135)
calls=2 +82 
* 237166
fi=(3)
277 2
+1 2
+1 2
+6 2
+1 2
+1 2
+1 2
+3 2
+1 2
+1 2
+1 6
cfi=(22)
cfn=(2732)
calls=2 33 
* 236364
+2 2
+1 2
+1 2
fe=(58)

fn=(2734)
1365 12
+1 2
cfn=(2736)
calls=2 1956 
* 1252
+8 6

fn=(2744)
2049 20
+3 12
+4 4
fi=(14)
152 4
fi=(79)
24 8
cfi=(14)
cfn=(90)
calls=4 155 
* 84
fe=(58)
2057 4
+1 4
fi=(51)
222 4
fi=(40)
-8 12
fe=(58)
2059 4
fi=(40)
316 12
fe=(58)
2060 32
+1 4
fi=(40)
316 12
fe=(58)
2062 4
fi=(40)
379 12
fe=(58)
2063 4
fi=(14)
261 4
fi=(79)
35 12
cfi=(14)
cfn=(98)
calls=4 267 
* 156
fe=(58)
2065 4
fi=(51)
82 12
fe=(58)
2067 12
+27 4
fi=(14)
152 4
fi=(79)
24 8
cfi=(14)
cfn=(90)
calls=4 155 
* 84
fe=(58)
2095 8
+1 4
+1 16
cfi=(12)
cfn=(944)
calls=4 1120 
* 1044
+2 4
fi=(14)
261 4
fi=(79)
35 12
cfi=(14)
cfn=(98)
calls=4 267 
* 156
fe=(58)
2100 16

fn=(512)
179 5
+5 1
fi=(40)
+30 3
fe=(58)
-25 1
cfi=(56)
cfn=(514) runtime.readGOGC
calls=1 1370 
* 1843
* 2
cfi=(56)
cfn=(516) runtime.readGOMEMLIMIT
calls=1 1416 
* 1943
* 5
cfi=(56)
cfn=(518) runtime.(*gcControllerState).init
calls=1 371 
* 86
* 1
+3 1
+1 16
-1 26
+4 2
+2 1
fi=(95)
33 1
+1 1
fe=(58)
205 3

fn=(2432) runtime.pollFractionalWorkerExit
310 100
+3 20
fi=(22)
33 20
cfi=(3)
cfn=(94)
calls=20 223 
* 760
* 40
fe=(58)
314 20
fi=(22)
33 20
fe=(58)
314 40
+1 40
+3 40
+4 40
-3 20
fi=(40)
74 20
fe=(58)
319 60
+3 200

fn=(2700)
1103 14
+1 36
+3 12
-3 88
+1 12
cfi=(76)
cfn=(2644)
calls=12 195 
* 921
+1 48
cfi=(237)
cfn=(2362)
calls=12 384 
* 192
* 24
+5 6

fn=(2836)
1545 120
+2 24
-1 72
cfi=(45)
cfn=(606)
calls=24 350 
* 69568
+1 72
+1 84
cfi=(2)
cfn=(135)
calls=14 520 
* 52485
* 28
fi=(55)
1152 14
fe=(58)
1554 48
+3 72
+1 72

fn=(1106) sync.runtime_registerPoolCleanup
2150 4
+1 3
+1 2

fn=(2230)
645 20
+1 8
fi=(12)
7835 2
fe=(58)
662 2
fi=(12)
7835 2
fi=(62)
248 2
fi=(12)
7836 2
fi=(62)
248 2
fi=(12)
7837 2
fe=(58)
663 2
fi=(12)
468 12
cfn=(870)
calls=2 -23 
* 1070396
fe=(58)
648 6
fi=(14)
152 6
fi=(79)
24 12
cfi=(14)
cfn=(90)
calls=6 155 
* 126
fe=(58)
649 6
fi=(40)
194 6
fe=(58)
650 12
+4 24
-4 6
+6 4
fi=(14)
261 4
fi=(79)
35 8
cfi=(14)
cfn=(98)
calls=4 267 
* 172
fe=(58)
657 12
cfn=(2228)
calls=1 -93 
* 1659383

fn=(2424)
1847 54
+10 18
cfi=(12)
cfn=(2274)
calls=6 1401 
* 434
+1 18
+3 12
+17 12
+2 4
+1 2
fi=(236)
1168 4
cfn=(2426)
calls=2 +71 
* 1200338
fe=(58)
1881 2
-2 4
fi=(236)
1184 8
cfn=(2426)
calls=4 +55 
* 531275
* 4
fe=(58)
1879 4
+4 30
cfi=(12)
cfn=(660)
calls=6 1277 
* 304
+1 18

fn=(2768)
1500 22
+2 2
+1 4
+1 2
+11 4
cfi=(12)
cfn=(2354)
calls=2 1760 
* 91145
+1 6

fn=(848)
211 5
+2 4
cfi=(96)
cfn=(850)
calls=1 75 
* 206
* 1
+1 2
cfi=(30)
cfn=(190)
calls=1 2156 
* 241
* 8
cfi=(12)
cfn=(630)
calls=1 5295 
* 2695
+1 2
cfi=(30)
cfn=(190)
calls=1 2156 
* 241
* 9
cfi=(12)
cfn=(630)
calls=1 5295 
* 1272
+1 3
cfi=(96)
cfn=(856)
calls=1 508 
* 7139
+1 3
cfi=(96)
cfn=(856)
calls=1 508 
* 170
+1 1
+1 3

fn=(2252)
1791 150
+3 90
fi=(5)
609 36
fe=(58)
1810 18
fi=(5)
609 18
+1 72
fe=(58)
1814 60
cfi=(77)
cfn=(2256)
calls=30 24 
* 1740
+3 120

fn=(2352)
947 36
+1 24
cfi=(12)
cfn=(2354)
calls=4 1760 
* 50437
* 8
+1 16
+1 8
+3 12
cfi=(78)
cfn=(2400)
calls=4 122 
* 220
+1 12

fn=(2698)
1083 14
+1 6
cfi=(12)
cfn=(2272)
calls=2 1628 
* 3334
* 10
+1 6

fl=(163)
fn=(1508)
14 7
+1 7

fn=(1516)
17 5
+1 6
cfi=(165)
cfn=(1518)
calls=1 +11 
* 436
+1 6
cfi=(165)
cfn=(1518)
calls=1 +10 
* 478
+1 3

fl=(53)
fn=(302)
72 1230
+1 1476
+1 492
+6 432
+1 864
+4 2
+2 5
+1 9
-15 1
+7 1
+1 1
+7 4
cfi=(54)
cfn=(304)
calls=1 -70 
* 22
+2 12
+1 3
-9 2150
+1 645
-15 60
+8 30
-8 30
+9 90

fn=(292)
136 17174
+1 13296
+1 8864
+1 756
+1 756
+3 3676
-1 3676
+4 3676
+1 3676
+3 7352
+2 3676
fi=(241)
+1 18380
fe=(53)
-6 3676
+7 1108
+5 551
+2 1102
-2 781
+2 551
fi=(33)
1040 642
+3 321
+1 642
-1 321
+2 642
-1 321
fe=(53)
163 642
-6 6
+11 5980
+1 3680
+8 5520
-9 1840
+9 3680
+1 7996
+8 1402
+2 82
+14 1456
+3 1456
-17 7008
+1 5538
+9 7371
+1 8372
-11 312
+3 1248
+1 1089
+17 35
+1 7
+1 14
+1 7
+2 7
-1 7
+1 14
-5 664
+1 166
+1 332
+1 166
+2 166
-1 166
+1 514
fi=(33)
1040 460
+3 230
+1 460
-1 230
+2 460
-1 230
fe=(53)
220 460

fn=(312)
232 605
+1 242
+14 62
+1 124
-12 118
+1 59
cfn=(440) runtime.(*pallocBits).findSmallN
calls=59 +33 
* 4550
* 177
+11 216
+1 85
+1 255
+3 186
-19 62
+1 310

fn=(316)
106 415
+1 166
+3 295
+1 118
+1 295
+1 59
-6 59
+6 1180
-5 264

fn=(440)
270 489
+1 208
+1 416
-2 36
+4 18
+4 172
+3 295
+4 27
-2 81
+1 81
-1 177
+1 177
388 162
+2 81
+11 50
+3 50
-14 443
+1 262
+6 222
+1 172
288 24
393 228
+16 114
289 162
fi=(241)
153 135
fe=(53)
292 27
-7 25
+5 216

fn=(288)
30 692
+1 1730
+1 692
+6 136
+1 272
+4 10
+2 20
+1 10
-6 567
+1 126
-15 556
+8 278
-8 278
+9 556
+12 30
-1 100
+4 45
+1 10

fn=(300)
426 445
+4 178
-2 89
+1 178
-85 89
cfn=(288)
calls=89 30 
* 2051
+85 356
cfn=(302)
calls=89 72 
* 2571
+1 267

fl=(174)
fn=(1554)
14 5
+4 4
cfi=(161)
cfn=(1502)
calls=1 +19 
* 564
+40 3

fl=(209)
fn=(1782)
cfi=(195)
cfn=(1644)
calls=1 315 
265 3712849
265 3
fi=(210) /home/lemon/go/pkg/mod/github.com/google/go-cmp@v0.7.0/cmp/report_reflect.go
20 3
fi=(150)
1384 1
356 2
769 1
cfn=(1442)
calls=1 -9 
* 20
2806 3
769 1
fi=(210)
20 4
+1 3
fi=(150)
1384 1
356 3
769 1
cfn=(1442)
calls=1 -9 
* 20
2806 3
769 1
fi=(210)
21 4
+1 3
fi=(150)
1384 1
356 3
769 1
cfn=(1442)
calls=1 -9 
* 20
2806 3
769 1
fi=(210)
22 4
+1 3
fi=(150)
1384 1
356 3
769 1
cfn=(1442)
calls=1 -9 
* 20
2806 3
769 1
fi=(210)
23 4
fi=(211) /home/lemon/go/pkg/mod/github.com/google/go-cmp@v0.7.0/cmp/report_text.go
-5 1
cfi=(128)
cfn=(1300)
calls=1 1347 
* 80
fi=(128)
1433 1
182 2
+1 4
+6 3
fi=(132)
52 1
+4 3
cfi=(30)
cfn=(190)
calls=1 2156 
* 1586
* 1
+1 2
cfi=(133)
cfn=(1314)
calls=1 205 
* 36279
+22 18
cfi=(64)
cfn=(1316)
calls=1 467 
* 79
* 1
+1 10
fi=(211)
-62 4
cfi=(132)
cfn=(1342)
calls=1 178 
* 65
* 5
fe=(209)

fl=(18)
fn=(1520)
28 294
+3 84
+2 84
+2 4
+1 8
cfi=(20)
cfn=(80)
calls=2 -22 
* 52
* 6
+1 8
-3 40
-9 160
cfi=(17)
cfn=(66)
calls=40 -7 
* 1023
* 120
+9 120

fl=(48)
fn=(1336)
659 88
+1 44
+3 44
-38 22
+2 44
-1 22
+1 242
+1 44
-31 22
259 44
664 198

fn=(1124)
181 4
+1 2
+6 2

fl=(56)
fn=(2324)
386 20
+17 16
+1 12
+1 24
-18 4
fi=(40)
81 8
fe=(56)
388 4
fi=(40)
81 8
fe=(56)
389 4
fi=(40)
81 8
fe=(56)
390 4
fi=(40)
81 8
fe=(56)
391 4
fi=(40)
81 8
fe=(56)
392 4
fi=(40)
81 8
fe=(56)
393 4
fi=(40)
81 8
fe=(56)
394 4
fi=(40)
81 8
fe=(56)
395 4
fi=(40)
-86 4
fe=(56)
+87 4
+11 24
+5 8
+4 28
-4 4
+10 8
+28 8
-22 44
+1 48
+1 24
fi=(40)
81 48
fe=(56)
428 80
-21 4
+21 4
+5 8
+17 12
cfn=(2326) runtime.(*gcControllerState).setMaxIdleMarkWorkers
calls=4 1494 
* 96
+5 4
fi=(40)
81 12
fe=(56)
456 4
cfn=(2328) runtime.(*gcControllerState).revise
calls=4 +36 
* 596
+2 8
+10 16

fn=(2358)
764 335
+1 268
+4 134
+4 201
cfi=(58)
cfn=(2360)
calls=67 1919 
* 3020
* 134
fi=(40)
74 72
fe=(56)
781 192
+12 72
cfi=(77)
cfn=(598)
calls=36 42 
* 624
+1 72
+16 68
-4 10
-28 155
+33 34
fi=(40)
74 34
fe=(56)
812 68
+4 6
-23 6
fi=(40)
90 24
fe=(56)
816 6
-4 6
+10 6
+23 28
-23 34
+4 112
+9 140
+1 168
fi=(40)
74 28
fe=(56)
836 168
+2 42
cfi=(77)
cfn=(2256)
calls=14 24 
* 812
+1 70
+3 42
-17 18
+20 6
+1 6
-1 100
cfi=(2)
cfn=(2338)
calls=20 1889 
* 420
* 60
+1 100

fn=(2520)
1439 12
+1 4
+1 4
fi=(40)
309 4
fe=(56)
1442 12
+1 8
+5 8
+4 20
-12 4
fi=(40)
325 16
fe=(56)
1453 4
+1 16

fn=(516)
1416 5
+1 4
cfi=(67)
cfn=(508)
calls=1 9 
* 1928
+1 2
+1 4

fn=(1080)
1190 3780
+8 756
-7 756
cfn=(1082)
calls=756 1002 
* 55944
+7 3024
+23 4536
+14 1512
-25 756
+11 756
+1 756
+13 756
+1 756
-26 756
+29 756
+4 756
fi=(40)
309 756
fe=(56)
1247 1512
-8 756
+3 756
+2 756
+5 1512
+1 1512
+1 1512
-12 756
+17 3780

fn=(354)
954 4540
+1 3542
fi=(13)
152 863
+37 2589
fe=(56)
956 863
+1 863
fi=(40)
344 3452
fi=(13)
-93 863
fe=(56)
958 863
+6 2724
+3 1680
+1 492
fi=(40)
344 984
fe=(56)
974 492
-2 68
cfn=(2328)
calls=68 492 
* 11668
+2 2724

fn=(2326)
1494 20
+1 4
+1 4
fi=(40)
309 8
fe=(56)
1498 8
+4 16
-7 4
fi=(40)
325 16
fe=(56)
1503 4
+1 12

fn=(2726)
600 20
+11 12
994 4
cfn=(1082)
calls=4 +8 
* 308
603 4
+3 12
+5 8
+1 20
fi=(40)
74 4
fe=(56)
612 24
fi=(40)
309 4
fe=(56)
615 16
-4 4
+16 4
+1 12
fi=(40)
74 4
fe=(56)
628 16
fi=(40)
74 8
fe=(56)
658 4
fi=(40)
74 4
fe=(56)
658 4
fi=(40)
309 4
fe=(56)
659 36
+1 20
-1 4
+7 4
+1 8
+1 76
+1 64
+1 2
-11 4
+7 4
-51 4
+58 20
cfi=(29)
cfn=(120)
calls=4 39 
* 88
+1 12
+2 12
+10 12

fn=(514)
1370 5
+1 3
cfi=(67)
cfn=(508)
calls=1 9 
* 1808
* 1
+1 2
+3 3
cfi=(10)
cfn=(84)
calls=1 171 
* 15
* 2
+3 4

fn=(520)
1277 10
+4 5
fi=(40)
316 2
fe=(56)
1284 1
fi=(40)
309 4
fe=(56)
1289 4
fi=(40)
316 4
21 8
fe=(56)
1296 8
fi=(40)
21 2
fe=(56)
1296 2
+1 5
fi=(40)
309 10
fe=(56)
1297 25
-20 5
+20 25
+4 10
+3 5
fi=(40)
316 5
-7 10
fe=(56)
1329 40
-28 5
+28 45
fi=(40)
316 5
fe=(56)
1330 5

fn=(2750)
1518 10
fi=(51)
459 2
fi=(40)
194 2
fi=(51)
+20 4
fe=(56)
1521 4
cfn=(520)
calls=2 1277 
* 100
+3 4
fi=(13)
152 2
+37 6
fe=(56)
1530 2
fi=(13)
251 2
fe=(56)
1531 2
+5 6
cfn=(1080)
calls=2 1190 
* 238
* 2
+1 2
cfi=(51)
cfn=(2754)
calls=2 982 
* 58
fi=(40)
74 2
fe=(56)
1538 6
cfi=(44)
cfn=(2758)
calls=2 175 
* 129
+1 6

fn=(1082)
1002 4205
+5 841
-3 841
fi=(40)
309 1682
fe=(56)
1007 1682
cfn=(1084) runtime.(*gcControllerState).memoryLimitHeapGoal
calls=841 +45 
* 38686
* 2523
+6 841
fi=(40)
309 1682
fe=(56)
1040 841
-26 841
+11 841
+15 841
-26 841
+26 1069
+4 4205

fn=(2328)
492 360
+2 72
-1 72
fi=(40)
21 144
309 144
fe=(56)
500 72
fi=(40)
309 144
74 144
fe=(56)
501 72
fi=(40)
74 72
fe=(56)
501 144
+4 72
994 72
cfn=(1082)
calls=72 +8 
* 5544
fi=(40)
309 216
fe=(56)
509 216
+6 72
fi=(40)
309 72
fe=(56)
516 144
fi=(40)
309 72
fe=(56)
516 72
-22 144
+5 144
+18 144
-23 72
+34 832
+10 640
+1 64
+3 64
-26 64
+23 64
+23 16
-18 224
+18 144
+14 72
+17 72
-30 72
+13 144
+15 144
-14 72
+14 144
+1 144
-1 144
+1 72
fi=(40)
445 72
316 72
445 72
fe=(56)
594 72
fi=(40)
316 72
fe=(56)
563 216

fn=(2614) runtime.(*gcControllerState).enlistWorker
697 50
fi=(40)
74 10
fe=(56)
705 10
1468 10
fi=(40)
309 10
fe=(56)
698 10
+11 10
1469 20
+1 10
709 10
fi=(40)
21 10
fe=(56)
716 20
fi=(40)
21 8
fe=(56)
716 16
-18 8
+18 8
-18 2
+26 10
+1 30

fn=(2410)
861 330
+5 330
+1 65
fi=(22)
33 65
cfi=(3)
cfn=(94)
calls=65 223 
* 2470
* 195
fe=(56)
875 65
-1 65
-5 65
fi=(40)
74 65
fi=(78)
+71 260
fe=(56)
869 66
fi=(40)
74 1
fi=(78)
+71 4
fe=(56)
869 1
+1 6
cfi=(78)
cfn=(2496)
calls=2 164 
* 673
+5 4
-1 200
+1 50
cfn=(2358)
calls=50 764 
* 5428
* 100
+1 50
+16 4
-11 8
+1 8
-1 16
+1 72
cfi=(2)
cfn=(2386)
calls=20 1886 
* 420
* 40
+3 20
fi=(62)
245 20
fi=(13)
-93 20
+37 60
fe=(56)
886 60
+1 60
cfi=(12)
cfn=(660)
calls=20 1277 
* 758
fi=(13)
251 60
fe=(56)
888 20
+4 100
-15 184

fn=(2654) runtime.(*gcControllerState).removeIdleMarkWorker
1474 20
+1 4
+1 4
fi=(40)
309 4
fe=(56)
1478 4
-1 8
+1 8
+4 16
-7 4
fi=(40)
325 16
fe=(56)
1483 4
+1 12

fn=(1084)
1052 841
fi=(36)
651 841
fi=(40)
309 1682
fe=(56)
1053 841
+2 841
-1 841
fi=(40)
309 841
fe=(56)
1055 1682
+67 2523
-3 841
fi=(40)
74 841
fe=(56)
1127 1682
-1 841
+4 3364
-4 841
+13 841
+5 1682
-93 841
+93 841
-5 841
+5 2523
+1 841
+5 2523
-5 841
+5 2523
+6 2523
+3 1682
-3 841

fn=(2478)
939 120
+2 48
+1 6
fi=(40)
109 18
fe=(56)
943 6
+1 36
fi=(40)
109 14
fe=(56)
945 14
+1 8
+1 4
fi=(40)
109 4
fe=(56)
948 4
cfn=(2654)
calls=4 1474 
* 104
+4 72

fn=(518)
371 5
+1 1
+1 1
+1 1
1341 1
fi=(40)
21 1
fe=(56)
1342 1
+3 5
-8 1
+8 4
+1 1
fi=(40)
28 1
fe=(56)
375 1
1390 1
fi=(40)
74 1
fe=(56)
1391 2
+1 1
fi=(40)
81 1
fe=(56)
376 3
cfn=(520)
calls=1 1277 
* 50
+5 3

fn=(2738)
917 20
+1 4
+1 4
fi=(40)
316 8
fe=(56)
920 4
fi=(40)
74 4
fe=(56)
920 4
fi=(40)
316 4
74 4
fe=(56)
921 4
+1 4
fi=(40)
74 4
fe=(56)
922 4
fi=(40)
316 4
fe=(56)
923 4
fi=(13)
152 4
+37 16
fe=(56)
926 4
fi=(13)
251 4
fe=(56)
927 4
+4 12

fn=(744)
901 705
+1 282
+1 282
+1 564

fl=(159)
fn=(1496)
17 5
+1 1
fi=(108)
+76 2
cfi=(30)
cfn=(190)
calls=1 2156 
* 241
* 3
fi=(158)
-72 1
cfi=(108)
cfn=(1482)
calls=1 157 
* 1619
fe=(159)
-3 1
+1 2
+5 2
+4 3

fl=(166)
fn=(1528)
16 5
+1 6
cfi=(165)
cfn=(1518)
calls=1 +12 
* 3849
+1 3

fn=(1524)
14 8

fl=(253)
fn=(3188)
105 2020
+2 808
-1 1616
cfi=(126)
cfn=(3190)
calls=404 431 
* 95748
+1 808
+3 2020
+4 808
+2 404
+2 2020
cfi=(126)
cfn=(3190)
calls=404 431 
* 95748
+1 808
-6 1212

fl=(132)
fn=(1342)
178 10
+1 4
+3 4
+1 4
cfn=(1344) math/rand.(*Rand).Int31n
calls=2 -46 
* 100
* 8

fn=(1344)
137 10
+1 4
+3 10
-45 8
cfi=(133)
cfn=(1346) math/rand.(*rngSource).Int63
calls=2 233 
* 56
+14 2
+32 10

fl=(157)
fn=(1490) sync.(*Once).doSlow.deferwrap2
77 9
fi=(110)
-55 18
fe=(157)
+55 9

fn=(3032)
52 15
fi=(110)
-33 6
fe=(157)
+48 3
+2 2
cfn=(1487) sync.(*Once).doSlow'2
calls=1 +4 
* 879
cfn=(1486)
calls=1 +4 
* 80015
+2 9

fn=(1492) sync.(*Once).doSlow.deferwrap1
75 54
fi=(297)
-10 9
fi=(296)
194 36
+1 9
fe=(157)
75 27

fn=(1486)
73 56
+1 8
fi=(296)
-11 56
fe=(157)
+12 56
fi=(110)
-56 16
fe=(157)
+57 8
+1 48
+1 24
cfi=(216)
cfn=(4026) testing.(*M).after.func1
calls=1 2684 
* 43
cfi=(222)
cfn=(3948)
calls=1 276 
* 9307
cfi=(91)
cfn=(3196)
calls=1 214 
* 18
cfi=(121)
cfn=(3034)
calls=1 -56 
* 79942
cfi=(108)
cfn=(1488)
calls=4 +80 
* 4931
-1 8
+3 64
cfn=(1490)
calls=8 -3 
* 32
* 64
cfn=(1492)
calls=8 -5 
* 120
* 24

fn=(1487)
73 7
+1 1
fi=(296)
-11 7
fe=(157)
+12 7
fi=(110)
-56 2
fe=(157)
+57 1
+1 6
+1 3
cfi=(121)
cfn=(3954)
calls=1 -20 
* 806
-1 1
+3 8
cfn=(1490)
calls=1 -3 
* 4
* 8
cfn=(1492)
calls=1 -5 
* 15
* 3

fl=(10)
fn=(48) internal/strconv.Atoi
214 6
+5 5
+3 5
+7 4
+1 1
+5 28
-5 30
+1 7
+1 14
+6 2
-16 1
+18 3
-3 3

fn=(86) internal/strconv.ParseUint
47 966
+3 483
+8 483
+27 644
-27 161
+27 324
+2 320
+8 322
+44 161
-32 322
-11 161
-46 161
+53 1610
+4 1461
+3 326
+3 652
+8 489
+4 326
+4 163
+2 326
+1 652
-25 161
+32 161
+4 966

fn=(84)
171 978
+3 489
+6 161
+1 322
+2 322
+2 161
-11 161
+15 161
+1 161
cfn=(86)
calls=161 47 
* 11801
+1 322
+1 161
+3 322
+4 1288
-10 322
+11 483
-11 161
+14 161
+5 322
-19 161
+21 483
-3 483
-32 12

fl=(46)
fn=(402) internal/cpu.processOptions
208 7
+1 2
+1 6
+2 1
+65 54
+1 52
-65 2
+5 3
-4 1
+4 4
+40 123
+1 23
+11 4

fn=(186)
180 5
+3 2
-2 1
cfi=(47)
cfn=(188)
calls=1 71 
* 22178
+1 3
cfn=(402)
calls=1 +26 
* 282
+1 3
+1 2
cfi=(47)
cfn=(404)
calls=1 +35 
* 5
+2 3

fl=(103)
fn=(1094)
313 5
+1 1
cfn=(1096) internal/reflectlite.elem
calls=1 -9 
* 20
639 4
314 6

fn=(1096)
305 5
fi=(48)
196 1
379 1
+4 1
+3 2
+3 2
+2 1
fe=(103)
-85 1
+1 2
+1 4

fl=(130)
fn=(1304)
14 33
+11 11
+2 11
+5 11
+1 11
+1 11
+1 11
+2 11
+1 11
+1 11
+1 11
+2 11
+1 11
+2 11
+1 11
+3 11
+1 11
+2 11
+1 11
+1 11
+1 11
+1 11
+9 9
+1 9
+1 9
+1 9
+1 9
+2 9
+7 9
+1 9
+1 9
+1 9
+3 9
+1 9
+1 27
+3 9
+1 9
+2 9
+1 9
+1 9
+1 9
+2 9

fl=(55)
fn=(2636) runtime.(*gcWork).tryGetSpan
322 370
+1 74
532 222
323 222
532 74
327 222
cfn=(2638) runtime.(*spanQueue).steal
calls=74 543 
* 962
* 148
+5 222
fi=(12)
7317 222
+2 148
fe=(55)
332 74
fi=(12)
7319 222
fe=(55)
332 74
+3 296

fn=(2650) runtime.(*gcWork).tryStealSpan
797 175
+1 70
fi=(25)
235 70
+1 70
fi=(12)
8024 35
fi=(25)
236 35
fe=(55)
798 35
fi=(25)
236 35
-1 35
fi=(12)
8023 35
fi=(25)
237 35
fi=(12)
8024 70
+1 175
-1 35
+1 210
-1 35
fi=(62)
272 35
fi=(12)
8025 140
fe=(55)
800 2355
fi=(12)
8034 340
+1 1530
-5 510
fe=(55)
800 170
fi=(12)
8030 105
fe=(55)
800 35
+1 179
fi=(12)
8039 179
7317 537
+2 358
fe=(55)
801 179
fi=(12)
7319 537
fe=(55)
801 179
+3 11
fi=(12)
8039 11
fe=(55)
804 55
+1 22
-5 11
+8 66
cfn=(2638)
calls=11 543 
* 1040
* 22
fi=(12)
8039 2
7332 20
fe=(55)
818 2
fi=(12)
7333 2
-1 4
+1 4
fe=(55)
818 2
fi=(12)
7333 6
fe=(55)
808 4
-3 4
-5 2
+9 27
+11 104

fn=(2448) runtime.(*spanInlineMarkBits).tryAcquire
147 820
-55 820
+56 1640
+2 163
-45 326
+1 326
+4 326
+38 163
-38 978
+40 326
+1 326
+6 1314
+3 184
-55 184
+1 184
+4 736
+50 276
+2 1130

fn=(2638)
543 425
+1 85
fi=(40)
-78 85
fe=(55)
+79 203
+1 296
+12 11
-3 11
fi=(40)
-89 22
fe=(55)
+92 22
cfn=(3754) runtime.(*spanQueue).refill
calls=11 +28 
* 779
* 22
+4 6
+3 8
-6 27

fn=(3750) runtime.newSpanSPMC
708 5
+8 1
-7 1
fi=(14)
152 1
fi=(79)
24 3
cfi=(14)
cfn=(90)
calls=1 155 
* 21
fe=(55)
710 2
cfi=(32)
cfn=(172)
calls=1 74 
* 200
* 1
+1 3
cfi=(95)
cfn=(970)
calls=1 79 
* 22
+1 1
fi=(14)
261 1
fi=(79)
35 2
cfi=(14)
cfn=(98)
calls=1 267 
* 39
fe=(55)
715 2
+1 2
+3 3
-3 1
+7 2
+1 6
cfi=(35)
cfn=(140)
calls=1 49 
* 178
+1 2
+1 4

fn=(2346) runtime.tryDeferToSpanScan
264 120090
+1 48036
fi=(31)
616 72054
767 24018
+3 48036
+9 24018
+4 48036
fe=(55)
271 48036
+3 28971
+1 28971
-10 9657
+10 28971
+1 28971
fi=(42)
382 17862
fe=(55)
181 8931
283 8931
fi=(31)
595 8931
fe=(55)
283 8931
-2 8931
+1 8931
+1 62517
+3 35724
+1 8931
-4 8931
+3 26793
+1 71448
+3 1424
+3 1424
fi=(31)
600 1424
fe=(55)
293 1424
+1 604
fi=(31)
595 604
fe=(55)
294 4228
+1 2416
-30 820
fi=(42)
382 820
fe=(55)
-99 820
+16 1640
cfn=(2448)
calls=820 147 
* 10222
* 2460
+1 489
831 652
300 163
cfn=(2450) runtime.(*spanQueue).put
calls=163 +77 
* 4247
* 326
+13 3280
-25 30028
-11 2904
-5 57444

fn=(2536)
1187 1404
+5 234
fi=(31)
733 468
616 702
fe=(55)
1199 234
fi=(31)
732 468
+1 1872
fe=(55)
1200 234
+1 468
+3 234
fi=(31)
600 234
fe=(55)
1204 234
fi=(31)
733 702
fe=(55)
1211 468
-11 234
+35 702
cfi=(49)
cfn=(2540)
calls=234 135 
* 9482
+3 468
+3 702
+9 23972
fi=(49)
214 23972
fe=(55)
1250 234
fi=(49)
214 2532
fe=(55)
1241 2064
fi=(49)
220 10156
+6 10156
+6 10156
fe=(55)
1241 26504
+1 4128
cfi=(49)
cfn=(2546)
calls=2064 243 
* 120022
* 4128
+16 1830
-8 3660
+4 3660
-4 1830
+8 3660
-4 20312
-4 10156
+8 38204
-8 4425
+4 4425
-4 17700
+18 13275
cfn=(2346)
calls=4425 264 
* 179641
* 8850
+1 14865
cfi=(49)
cfn=(1378)
calls=2973 +92 
* 84215
* 5946
+1 1392
cfi=(236)
cfn=(2452) runtime.greyobject
calls=232 1639 
* 14194
* 8850
-12 13275
-8 13275
+25 702
+1 468
+1 468
+3 702

fn=(2620) runtime.scanSpan
844 978
-9 326
181 163
847 163
-2 163
+1 163
fi=(31)
600 163
fe=(55)
848 163
fi=(31)
595 163
fe=(55)
851 489
174 163
851 326
174 326
854 326
-15 142
+19 142
-1 142
+1 213
+2 71
-1 142
-24 71
+24 213
+1 142
+3 71
+1 71
+1 142
+3 213
+1 284
cfn=(2632) runtime.scanObjectSmall
calls=71 980 
* 48431
+1 213
-22 92
-13 92
fi=(31)
595 92
fe=(55)
851 184
+23 184
+5 276
+3 828
+1 276
cfn=(2624) runtime.spanSetScans
calls=92 +53 
* 12652
+1 184
+3 460
+5 276
+5 92
-4 184
+4 276
cfn=(2628) runtime.scanObjectsSmall
calls=92 1015 
* 299667
+1 276

fn=(2780)
196 1680
+4 336
fi=(42)
391 336
fi=(31)
519 336
fe=(55)
181 336
+21 336
-1 336
fi=(42)
391 336
fe=(55)
225 336
-22 336
fi=(31)
2869 1093
fe=(55)
204 1093
+2 2186
-3 1093
+2 1093
+3 2186
-5 3951
+1 4372
+11 1344
cfn=(350)
calls=336 113 
* 7056
+1 1008

fn=(2630) runtime.extractHeapBitsSmall
1072 820
+1 3280
+1 820
+5 820
-7 1640
+7 1640
+2 264
+1 264
+1 132
-11 132
+11 264
+1 2112
+3 7568
+2 1640

fn=(2632)
980 355
fi=(49)
573 142
-1 71
+2 71
fe=(55)
259 142
981 71
+2 355
cfn=(2630)
calls=71 +89 
* 1782
+1 710
fi=(49)
573 71
fe=(55)
986 213
+1 213
+10 640
+1 640
-11 1422
+1 1920
-1 640
+2 1920
+1 640
+4 640
+3 1280
-8 3840
+8 1280
+5 355
-15 71
+15 3555
+1 640
+1 1280
-2 277
+1 277
+4 831
cfn=(2346)
calls=277 264 
* 13471
* 554
+1 600
cfi=(49)
cfn=(1378)
calls=150 1361 
* 4322
* 300
+1 96
cfi=(236)
cfn=(2452)
calls=16 1639 
* 1146
-7 831
+5 554
+6 213

fn=(2624)
936 460
fi=(31)
759 184
616 276
fe=(55)
937 92
fi=(31)
758 92
+1 276
fe=(55)
938 92
fi=(31)
760 276
fe=(55)
938 92
fi=(31)
761 184
-2 92
+2 276
fe=(55)
938 368
+1 59
fi=(31)
759 118
fe=(55)
948 59
-6 59
fi=(42)
391 413
fe=(55)
954 59
fi=(31)
759 66
fe=(55)
948 33
-6 33
fi=(42)
391 231
fe=(55)
954 33
+21 275
-21 1009
+1 1650
+9 275
-8 275
+4 550
+1 550
-2 275
+4 1100
+1 275
+3 550
+5 477
+3 1100
+2 368

fn=(3748) runtime.(*spanQueue).drain
460 10
+3 4
-2 2
+2 4
+4 2
cfn=(3750)
calls=1 708 
* 503
+1 2
+1 1
fi=(40)
+10 1
fe=(55)
-6 6
cfn=(3752) runtime.(*spanQueue).tryDrain
calls=1 +38 
* 212
* 4
cfn=(3752)
calls=1 +38 
* 277
* 4
+1 6

fn=(3754)
586 55
+1 33
+7 11
fi=(40)
194 11
fe=(55)
595 11
fi=(40)
194 11
fe=(55)
596 11
+1 33
+1 22
+3 18
+3 9
+1 27
-1 9
+2 33
752 99
+1 33
606 66
-1 117
+3 9
-21 9
fi=(40)
236 36
fe=(55)
608 18
-9 8
+15 9
+1 9
-83 18
+3 9
+1 9
+82 36

fn=(2450)
377 815
-11 1141
+3 326
+1 163
-4 163
+32 163
+2 489
+1 326
+2 1
+4 4
+1 3
-1 1
+6 652

fn=(2628)
1015 552
+2 2479
+1 1101
-1 367
+1 734
-1 275
+1 825
+3 1100
+1 275
fi=(49)
572 275
+2 275
fe=(55)
259 550
1022 275
+1 550
fi=(49)
573 275
fe=(55)
1024 1498
+4 749
-10 749
+10 1498
+2 749
-13 749
+7 749
+5 749
-5 1498
-7 749
+7 5793
+1 2996
+1 2247
+2 2996
+1 2996
cfn=(2630)
calls=749 +43 
* 19614
+1 1498
-4 5992
+4 5992
+2 2996
+1 2996
+10 3362
-10 3362
+11 6724
-11 8222
+1 10086
-1 3362
+2 10086
+1 3362
+4 3362
+3 6724
-8 16810
+8 6724
+7 14368
+1 3362
+1 6724
-2 1286
+1 1286
+4 3858
cfn=(2346)
calls=1286 264 
* 56340
* 2572
+1 4350
cfi=(49)
cfn=(1378)
calls=870 1361 
* 26567
* 1740
+1 1267
cfi=(236)
cfn=(2452)
calls=181 1639 
* 11294
-7 2572
+5 1286
-5 2572
+11 276

fn=(3752)
511 10
+1 8
+3 2
fi=(40)
194 2
fe=(55)
516 2
fi=(40)
194 2
fe=(55)
517 4
+1 12
+2 165
752 99
+1 33
520 33
-1 103
+3 2
fi=(40)
214 2
fe=(55)
523 2
+1 8

fn=(350)
113 2820
+1 1692
+20 564
+5 3352
+2 419
+1 1257
-1 145
+1 435

fn=(2916)
757 7190825
+18 1438165
fi=(14)
152 1438165
fi=(79)
24 4314495
cfi=(14)
cfn=(90)
calls=1438164 155 
* 30201444
cfi=(14)
cfn=(91)
calls=1 155 
* 21
fe=(55)
776 2876330
fi=(95)
70 2876330
fe=(55)
776 1438165
+4 1438163
+1 1438163
-4 2
fi=(14)
261 2
fi=(79)
35 4
cfi=(14)
cfn=(98)
calls=2 267 
* 86
fe=(55)
778 6
+3 7190815
+1 1438163
fi=(40)
124 1438163
+44 1438163
fe=(55)
783 1438163
+8 1438163
fi=(14)
261 1438163
fi=(79)
35 2876326
cfi=(14)
cfn=(98)
calls=1438163 267 
* 61841009
fe=(55)
792 4314489

fl=(61)
fn=(1196)
177 50
+2 10
+1 20
+3 30
fi=(48)
+24 20
fe=(61)
-20 10
+3 60
cfn=(1200) runtime.typehash
calls=10 +25 
* 490
* 50

fn=(548)
330 100
+1 40
+3 20
+1 40
+1 40
fi=(48)
207 40
fe=(61)
339 20
+2 55
+2 36
cfn=(3854) runtime.memequal64
calls=7 -59 
* 28
cfn=(552) runtime.strequal
calls=2 -42 
* 31
* 27

fn=(406)
392 5
+3 2
+1 2
+1 2
+1 1
+13 2
+3 17
+1 16
cfi=(25)
cfn=(180)
calls=16 121 
* 1504
* 48
-1 50
-15 3

fn=(552)
301 15
+1 17
cfi=(20)
cfn=(80)
calls=2 14 
* 28
* 9

fn=(1538)
314 5
+1 2
+3 2
+1 2
fi=(48)
207 2
fe=(61)
322 1
+6 4
cfn=(552)
calls=1 -27 
* 38
* 3

fn=(1200)
215 135
+1 81
fi=(48)
-20 10
fe=(61)
+31 30
-11 10
+11 30
+10 30
cfi=(2)
cfn=(1184)
calls=10 1297 
* 270
* 30
-19 17
+1 34
+2 34
+1 51
cfi=(2)
cfn=(1602)
calls=17 1664 
* 153
* 51

fn=(1800)
146 85
+2 17
+1 34
+3 17
+1 34
fi=(48)
+54 34
fe=(61)
-47 17
+1 102
cfn=(1200)
calls=17 +54 
* 476
* 85

fn=(1810)
304 10
+1 2
+1 2
+1 2
-2 2
+1 2
+1 6
cfn=(548)
calls=2 +23 
* 40
* 6

fn=(3854)
284 28

fl=(171)
fn=(1546)
27 5
+2 6
cfi=(165)
cfn=(1518)
calls=1 * 
* 100
+15 3

fn=(1544)
24 6
+1 1
-1 3

fl=(208) /usr/local/go/src/unicode/letter.go
fn=(1768) unicode.SimpleFold
354 28
+1 28
+4 42
+1 56

fl=(277)
fn=(3616)
26 1600
+1 200
fi=(149)
3120 400
+3 400
160 200
+1 400
fi=(48)
+35 200
fi=(149)
-30 400
fi=(48)
+41 200
fi=(149)
-43 200
fi=(48)
+43 200
fi=(149)
3123 200
165 200
1845 200
87 600
fi=(264)
+10 600
+1 800
+20 200
fe=(277)
-90 200
fi=(149)
3120 200
fe=(277)
29 400
fi=(150)
2806 600
1384 200
fe=(277)
29 1200
cfi=(149)
cfn=(3626)
calls=200 3221 
* 21200
fi=(149)
1490 400
cfn=(3638)
calls=200 +3 
* 10000
fe=(277)
29 1400
+2 1000

fl=(105)
fn=(1996) sync.(*Pool).pin
202 2540
+4 1524
+4 508
cfi=(12)
cfn=(1998)
calls=508 7912 
* 3048
+5 1016
+2 1016
-1 500
+85 1500
-83 1500
+2 16
cfn=(2000) sync.(*Pool).pinSlow
calls=8 +3 
* 8905
* 24

fn=(1994)
131 1270
+7 254
-3 254
cfn=(1996)
calls=254 +67 
* 15493
+1 508
+1 1016
+1 508
-3 8
+7 16
cfi=(228)
cfn=(2006)
calls=8 251 
* 120
+1 16
+1 24
cfn=(2008) sync.(*Pool).getSlow
calls=8 +16 
* 1876
+3 48
cfi=(12)
cfn=(2002)
calls=8 7918 
* 40
* 984
cfi=(12)
cfn=(2002)
calls=246 7918 
* 1230
+7 762
+3 247
-3 282
+3 2
-3 2
+1 10
cfi=(287)
cfn=(3898)
calls=1 33 
* 3183
cfi=(266)
cfn=(3342)
calls=1 379 
* 1564
cfi=(233)
cfn=(2166) fmt.init.func1
calls=3 -8 
* 1359
+2 762

fn=(1104)
296 5
+1 2
cfi=(58)
cfn=(1106)
calls=1 2150 
* 9
+1 4

fn=(2322)
257 16
+8 20
+1 6
+1 6
-2 32
+1 18
+5 16
+3 6
+1 6
-4 38
+1 24
+1 12
+1 12
+6 40
+1 8

fn=(2004) sync.(*Pool).pinSlow.deferwrap1
228 48
fi=(297)
65 8
fi=(296)
194 32
+1 8
fe=(105)
+33 24

fn=(2020)
99 2032
+1 1016
+11 254
cfn=(1996)
calls=254 +91 
* 6604
+1 508
+1 2032
+4 254
cfi=(12)
cfn=(2002)
calls=254 7918 
* 1270
+4 762

fn=(2008)
160 40
+5 16
-3 16
+1 24
+2 104
+10 48
-10 48
+2 48
-1 48
-1 160
+1 96
-3 48
+3 96
301 48
167 144
cfi=(228)
cfn=(2010)
calls=48 +97 
* 720
* 96
+8 8
+1 16
+3 1
301 2
181 1
-1 1
+1 3
+1 4
+1 5
-6 35

fn=(2000)
223 56
fi=(296)
63 8
fe=(105)
223 24
+3 8
cfi=(12)
cfn=(2002)
calls=8 7918 
* 40
+1 8
fi=(297)
46 8
fi=(296)
+17 64
fe=(105)
228 56
+1 8
cfi=(12)
cfn=(1998)
calls=8 7912 
* 48
+2 24
+2 8
-4 16
+7 16
+1 88
cfi=(60)
cfn=(378)
calls=8 -59 
* 2958
* 48
+7 8
-7 32
+3 24
cfi=(221)
cfn=(1900)
calls=8 70 
* 664
* 8
+1 32
cfi=(60)
cfn=(448)
calls=8 102 
* 4203
+1 24
-1 8
+1 24
cfi=(63)
cfn=(1166)
calls=8 85 
* 96
+1 32
+1 104
cfn=(2004)
calls=8 -16 
* 120
* 40

fl=(7)
fn=(784)
183 49
+1 63
cfi=(3)
cfn=(787)
calls=1 575 
* 21
cfi=(3)
cfn=(786)
calls=6 575 
* 126
* 21
+3 14
+1 28

fn=(34)
353 4
+1 1
cfn=(36)
calls=1 101 
* 1168
* 1
+1 1
cfn=(40) runtime.getHugePageSize
calls=1 -26 
* 186
* 1
+1 1
cfi=(11)
cfn=(50)
calls=1 26 
* 10
+2 2

fn=(698)
396 40
+1 8
cfi=(83)
cfn=(700) runtime.minitSignals
calls=8 1318 
* 10736
+5 8
cfi=(3)
cfn=(714)
calls=8 138 
* 32
* 40
+1 24

fn=(722) runtime.sysSigaction
534 342
+1 798
cfi=(3)
cfn=(724)
calls=114 313 
* 912
* 456
+12 7
+7 342

fn=(22)
237 5
+1 1
+3 1
+1 106
fi=(5)
64 318
fe=(7)
241 106
fi=(5)
64 3
fe=(7)
241 1
+5 1
+3 1
fi=(42)
25 2
fe=(7)
251 4
cfn=(26) runtime.sysauxv
calls=1 +47 
* 799
* 2
+1 10
+1 3

fn=(728) runtime.setsig
478 168
+1 56
+1 56
+1 56
fi=(84) /usr/local/go/src/runtime/os_linux_generic.go
36 56
fe=(7)
487 112
+2 168
+1 112
+3 112
+3 56
+1 168
cfi=(85) /usr/local/go/src/runtime/cgo_sigaction.go
cfn=(720) runtime.sigaction
calls=56 23 
* 1967
+1 168

fn=(780)
170 35
+24 7
-23 21
+10 7
+1 7
448 49
cfi=(3)
cfn=(490)
calls=7 301 
* 63
* 14
183 56
cfi=(88)
cfn=(782)
calls=7 14 
* 462
* 7
+9 7
448 42
cfi=(3)
cfn=(490)
calls=7 301 
* 63
* 14
194 21
+7 21

fn=(898)
66 300
+6 200
+1 402
cfi=(3)
cfn=(900)
calls=67 562 
* 610
* 122
+1 183
-2 33
fi=(309) /usr/local/go/src/runtime/defs_linux_amd64.go
+34 33
fe=(7)
-34 33
fi=(309)
+34 132
fe=(7)
-28 33
fi=(309)
+27 33
+1 33
fe=(7)
-27 264
cfi=(3)
cfn=(900)
calls=33 562 
* 320
* 64
+1 96

fn=(36)
101 16
+9 2056
+1 10
cfi=(3)
cfn=(38)
calls=2 671 
* 14
* 6
+1 4
+4 80
+1 16
+1 36
+1 12
-2 72
+5 2
+3 6
-3 6

fn=(504)
466 18
+1 60
cfi=(41)
cfn=(154)
calls=6 30 
* 60
+1 24

fn=(964)
85 267
+2 89
-1 534
cfi=(3)
cfn=(900)
calls=89 562 
* 890
* 267
+1 178
+1 267

fn=(26)
298 5
+4 5
+20 66
cfi=(8) /usr/local/go/src/runtime/vdso_linux.go
cfn=(28) runtime.vdsoauxv
calls=22 -50 
* 242
-20 203
+1 88
-1 22
+1 22
+11 44
+1 2
+2 42
+1 3
-13 40
+7 7
+10 2
-10 1
+12 5

fn=(40)
329 5
+1 3
+1 6
cfi=(3)
cfn=(42)
calls=1 71 
* 10
* 4
+1 2
-1 1
+5 5
cfi=(3)
cfn=(44)
calls=1 103 
* 7
* 4
+1 3
cfi=(3)
cfn=(46)
calls=1 84 
* 7
* 2
+1 3
+3 1
+1 3
cfi=(10)
cfn=(48)
calls=1 214 
* 109
+1 4
+3 4
+4 3

fl=(54)
fn=(304)
18 20318
+1 20318
+5 20318
+1 20318
-1 336
+1 336
+1 20299
+1 20299
+1 20084
+1 20084
+1 20070
+1 20070
+1 19458
+1 19254
+1 19254
+1 13945
+1 13945
+1 2798
+1 2798
+1 1992
+1 1992
+1 891
+1 891
+2 661
+1 661
+6 661
+1 661
+4 325
+1 325
+28 325
+4 325
+1 325
+3 1791
+1 1791
+1 1791
+1 1791
+1 1791
+1 1791
+1 1791
+1 1791
+1 325
+1 325
+1 325
+1 325
+1 325
+1 325
+4 336
+1 336
+3 336
+4 336
+1 336
+5 336
+1 336
+1 336
+1 563931
+1 336
+32 215
+1 215
+1 215
+2 355
+2 14
+1 14
+1 14
+2 612
+1 612
+1 612
+3 204
+1 204
+2 5309
+1 5309
+1 5309
+2 11147
+1 11147
+1 11147
+2 806
+1 806
+1 806
+1 806
+1 806
+2 1101
+1 1101
+1 1101
+1 1101
+1 1101
+1 1101
+1 1101
+1 1101
+1 1101
+2 230
+1 230
+1 230
+1 230
+1 230
+1 230
+1 230
+1 230
+1 230
+1 230
+1 230
+1 230
+1 230
+1 230
+1 230
+1 230
+1 230

fl=(85)
fn=(720)
23 456
+13 228
+1 114
cfi=(7)
cfn=(722)
calls=114 534 
* 2857
+55 342

fl=(133)
fn=(1346)
233 4
+6 6
+1 4
+1 4
+3 6
+1 4
+4 18
+1 2
-16 8

fn=(1314)
205 2
+1 2
+2 4
+1 2
-1 2
+1 2
-1 16
+2 2
-1 2
+3 4
+4 6
+1 3768
-23 8778
+1 2508
+1 3762
+2 1254
-1 1254
+21 1254
+1 1254
-22 1254
+24 3642
+5 2428
-32 4856
+1 2428
+1 3642
+2 1214
-1 1214
+25 1214
-28 1214
+29 3642
-29 6070
+1 2428
+1 3642
+2 1214
-1 1214
+27 1214
+1 2428
+1 1214
+1 2468
-30 40
+33 2

fl=(21)
fn=(1116) runtime.godebugNotify
187 5
+1 1
fi=(40)
526 1
-60 1
+60 1
-60 1
fe=(21)
190 2
+1 3
-1 1
+3 1
+3 2
+1 7
cfi=(108)
cfn=(1118)
calls=1 +36 
* 22392
cfi=(108)
cfn=(1118)
calls=1 +61 
* 533115
+2 3

fn=(1250)
122 14
cfi=(60)
cfn=(378)
calls=1 +56 
* 269
* 18
cfi=(75)
cfn=(578)
calls=1 276 
* 243
* 6

fn=(88)
31 5
+5 1
-4 1
fi=(14)
152 1
fi=(79)
24 3
cfi=(14)
cfn=(90)
calls=1 155 
* 21
fi=(22)
+9 1
cfi=(3)
cfn=(94)
calls=1 223 
* 38
* 5
fe=(21)
+1 1
cfi=(2)
cfn=(96)
calls=1 1256 
* 10
* 5
+1 1
fi=(14)
261 1
fi=(79)
35 2
cfi=(14)
cfn=(98)
calls=1 267 
* 43
fe=(21)
+1 3

fn=(1400) os.runtime_args
128 14
cfi=(60)
cfn=(378)
calls=1 +50 
* 422
* 18
cfi=(75)
cfn=(578)
calls=1 276 
* 61
* 6

fn=(1114)
142 5
+5 1
-4 2
cfi=(30)
cfn=(190)
calls=1 2156 
* 171
+1 5
+1 1
fi=(40)
546 1
-62 3
cfi=(63)
cfn=(416)
calls=1 57 
* 10
fe=(21)
146 2
cfn=(1116)
calls=1 +41 
* 22418
cfn=(1116)
calls=1 +53 
* 533118
+1 3

fn=(1230)
150 5
fi=(68)
-74 1
fe=(21)
+75 2
cfi=(30)
cfn=(190)
calls=1 2156 
* 171
+1 5
+1 1
fi=(40)
546 1
-62 3
cfi=(63)
cfn=(416)
calls=1 57 
* 10
fe=(21)
154 1
fi=(68)
-78 2
fe=(21)
+79 3

fn=(4052) syscall.Exit
132 3
+1 2

fl=(167)
fn=(1526)
13 5
+1 4
cfi=(161)
cfn=(1502)
calls=1 +23 
* 564
+22 3

fl=(71)
fn=(560) internal/runtime/cgroup.unescapePath
452 8
+2 70
+1 30
-1 15
+7 30
+1 30
-7 15
+8 30
+1 15
+1 15
+1 15
+31 10

fn=(538)
109 7
+23 2
-5 1
fi=(72)
-66 5
+1 1
+1 1
+1 3
+1 1
+1 2
fe=(71)
+66 1
fi=(72)
-71 3
fe=(71)
+72 2
cfi=(72)
cfn=(542)
calls=1 -51 
* 151
fi=(72)
-72 1
fe=(71)
+72 2
cfi=(72)
cfn=(542)
calls=1 -51 
* 156
* 6
+1 6
cfi=(61)
cfn=(548)
calls=1 330 
* 35
* 2
+7 8
cfi=(61)
cfn=(548)
calls=1 330 
* 40
* 3
+2 2
fi=(72)
+30 3
+5 5
fe=(71)
-31 6
+8 6
cfi=(17)
cfn=(546)
calls=1 11 
* 32
* 4
+1 2
+4 3
+1 4
-6 1
+6 15
+2 5
cfi=(17)
cfn=(546)
calls=1 11 
* 32
* 4
+1 2
+4 3
+1 14
+3 5
-3 1
+7 4
-7 2
+13 7
-6 1
+8 8
cfi=(29)
cfn=(120)
calls=1 39 
* 38
* 2
-8 1
+8 1
+13 3
+6 6

fn=(556)
232 6
+39 7
-2 1
fi=(72)
61 5
+1 1
+1 1
+1 6
+1 1
+1 1
fe=(71)
271 1
fi=(72)
61 9
fe=(71)
272 18
cfi=(72)
cfn=(542)
calls=9 82 
* 27476
* 2
cfi=(72)
cfn=(542)
calls=1 82 
* 148
* 20
+1 20
+7 20
+2 20
fi=(72)
173 30
+5 40
fe=(71)
286 40
+3 10
+5 330
-5 320
+1 150
cfi=(17)
cfn=(546)
calls=30 11 
* 960
* 90
+1 60
+3 120
+4 50
cfi=(17)
cfn=(546)
calls=10 11 
* 320
* 30
+1 20
+3 40
-3 10
+4 50
+4 40
-9 10
+9 140
+3 50
cfi=(17)
cfn=(546)
calls=10 11 
* 320
* 30
+1 20
+3 40
+1 40
-5 10
+5 120
+3 10
+13 120
-12 60
cfi=(17)
cfn=(546)
calls=10 11 
* 305
+12 30
-12 60
cfi=(17)
cfn=(546)
calls=10 11 
* 320
* 80
+1 40
+3 80
+3 60
+1 40
-1 40
+1 70
-1 10
+2 130
+7 50
cfi=(17)
cfn=(546)
calls=10 11 
* 291
* 30
+1 20
+3 40
+1 150
+3 30
+16 20
+1 32
+65 9
-44 27
-20 9
+10 7
cfn=(560)
calls=1 +81 
* 31
+1 2
+3 4
+47 2
-41 4
-5 3
+5 10
+41 1
-40 4
271 2
384 1
+2 2
+39 2
fi=(73) /usr/local/go/src/internal/bytealg/equal_generic.go
17 4
cfi=(20)
cfn=(80)
calls=1 -3 
* 24
fe=(71)
425 1
-44 1
+47 1
-47 1
+44 6
-39 4
+15 1
+36 8
cfi=(74)
cfn=(564)
calls=1 11 
* 29
* 7
-35 5
+3 2
+32 1
-35 1
+3 18
cfi=(29)
cfn=(120)
calls=1 39 
* 38
+1 9
cfn=(560)
calls=1 +46 
* 252
+1 2
+3 3
+3 6

fl=(236)
fn=(2378)
499 448
+3 224
+3 212
+4 90
-7 30
+7 90
+25 30
-28 24
-3 54
fi=(78)
91 30
fi=(40)
+33 30
+44 30
fe=(236)
534 30
+29 30
fi=(40)
437 30
309 30
438 30
fe=(236)
564 30
fi=(40)
437 30
309 30
fe=(236)
565 60
+1 120
fi=(40)
438 30
fe=(236)
569 90
fi=(40)
74 30
fe=(236)
567 30
+11 120
+2 30
-13 30
+14 60
+2 16
+3 28
+2 84
+2 28
fi=(40)
109 56
fe=(236)
592 56
-4 4
+2 2
fi=(40)
109 4
fe=(236)
592 4
-58 2
+84 4
fi=(13)
152 2
+37 6
fe=(236)
619 2
fi=(13)
251 2
fe=(236)
620 2
+7 4
+11 16
cfi=(2)
cfn=(134)
calls=2 520 
* 51597
* 4
+6 6
+1 8
cfi=(2)
cfn=(2386)
calls=2 1886 
* 42
* 2
-1 2
+1 2
+1 2
+1 2
cfi=(58)
cfn=(2658)
calls=2 1015 
* 450371987
cfi=(58)
cfn=(2658)
calls=1 1029 
* 24153454
+3 3
534 28
+61 28
+20 140
fi=(13)
152 1
+37 3
fe=(236)
680 1
fi=(13)
251 1
fe=(236)
681 1
+15 2
+3 7

fn=(2379)
650 3
fi=(13)
152 1
+37 3
fe=(236)
680 1
fi=(13)
251 1
fe=(236)
681 1
+15 2
+3 7
cfi=(30)
cfn=(2377)
calls=1 1863 
* 1030

fn=(2534) runtime.gcScanFinalizer
472 70
+4 154
+5 14
fi=(31)
+38 14
fe=(236)
-43 28
fi=(31)
600 14
fe=(236)
481 14
-5 28
+6 28
cfi=(55)
cfn=(2536)
calls=14 1187 
* 3702
+4 112
cfn=(2446)
calls=14 1479 
* 1694
+1 42

fn=(2334)
109 16
+8 4
fi=(24)
519 8
+1 8
+3 8
fe=(236)
121 36
+1 8
fi=(42)
391 8
fe=(236)
114 8
+9 8
+1 4
+3 8
fi=(42)
391 8
fe=(236)
114 4
+14 8
+1 8
+16 36
cfi=(2)
cfn=(2338)
calls=4 1889 
* 84
* 12
+1 8
+8 8
fi=(12)
713 8
fe=(236)
160 28
cfi=(2)
cfn=(2338)
calls=4 1889 
* 84
* 12
+1 8
+3 8
+2 4
fi=(40)
+48 12
fe=(236)
-47 20
fi=(40)
+47 8
fe=(236)
-44 4
+1 12
+1 20
+1 20
+1 16
+1 8

fn=(2344)
1778 20
+3 128
+1 24
+1 120
-2 5
+1 5
+4 10
+1 10
cfi=(55)
cfn=(2346)
calls=5 264 
* 400
* 10
-6 20
+11 12

fn=(2430) runtime.markroot
221 1266
+5 633
-3 422
+3 820
fi=(24)
519 4
+1 8
+3 8
fe=(236)
228 20
+4 804
fi=(24)
519 4
+1 8
+3 8
fe=(236)
234 20
+4 406
+1 8
+5 398
+5 390
fi=(40)
466 4
fe=(236)
250 4
+7 955
+2 256
cfn=(2532) runtime.markrootSpans
calls=128 393 
* 77039
* 256
+5 315
+5 378
+4 63
fi=(12)
1208 63
fi=(40)
194 63
fe=(236)
+80 252
+1 76
+5 380
cfi=(2)
cfn=(134)
calls=4 520 
* 19456
cfi=(2)
cfn=(135)
calls=34 520 
* 218591
* 250
cfi=(2)
cfn=(135)
calls=16 520 
* 76993
cfi=(2)
cfn=(134)
calls=9 520 
* 90189
* 126
-17 63
+17 63
-33 12
cfi=(2)
cfn=(134)
calls=1 520 
* 100
cfi=(2)
cfn=(135)
calls=3 520 
* 300
* 12
+68 635
+1 61
fi=(40)
109 61
fe=(236)
226 122
+91 61
+1 122
cfn=(2474) runtime.gcFlushBgCredit
calls=61 836 
* 793
+3 844
-71 16
-11 16
-5 8
+1 44
cfn=(2444) runtime.markrootBlock
calls=4 +95 
* 934338
* 4
-1 8
+1 4
-9 4
+8 4
+1 4
-1 20
-1 4
+1 4
-6 8
+1 44
cfn=(2444)
calls=4 330 
* 1045818
* 4
-1 8
+1 4
-3 4
+2 4
+1 4
-1 20
-1 4
+1 4

fn=(2436)
359 20
+2 4
fi=(14)
152 4
fi=(79)
24 12
cfi=(14)
cfn=(90)
calls=4 155 
* 84
fe=(236)
362 16
+1 8
+1 4
fi=(14)
261 4
fi=(79)
35 8
cfi=(14)
cfn=(98)
calls=4 267 
* 156
fi=(12)
7830 8
fe=(236)
365 4
+1 12

fn=(2532)
393 640
+20 1280
+1 640
+4 128
-3 256
+3 768
+1 256
-6 128
+1 128
+1 128
+3 128
-8 384
+10 24960
+2 16384
+1 16384
-3 37
+2 74
+1 37
+3 296
+10 592
-10 666
-6 296
+7 1480
+9 200
fi=(31)
-17 40
fi=(40)
124 80
fe=(236)
440 80
-14 40
+19 273
-9 40
+17 80
fi=(14)
152 40
fi=(79)
24 40
cfi=(14)
cfn=(90)
calls=40 155 
* 840
fe=(236)
454 440
+1 48
+1 96
+2 102
+4 68
-5 42
cfn=(2534)
calls=14 +15 
* 5914
-3 14
+3 28
+9 40
fi=(79)
35 80
cfi=(14)
cfn=(98)
calls=40 267 
* 1560
fe=(236)
457 40
-31 40
+10 80
-14 40
+23 40
-18 40
-1 40
+10 40
fi=(14)
261 40
fe=(236)
469 384

fn=(2580) runtime.scanframeworker
1069 1235
+5 247
fi=(24)
880 247
fe=(236)
1074 741
fi=(24)
880 247
fe=(236)
1074 247
+1 988
-1 741
+2 494
-2 247
+2 494
-1 247
+1 247
+42 494
cfi=(65)
cfn=(1150)
calls=247 157 
* 130954
* 494
+3 494
-3 184
+4 184
+1 736
cfn=(2446)
calls=92 1479 
* 21395
+4 92
+11 92
-10 92
+8 92
-9 494
+1 1008
cfn=(2446)
calls=126 1479 
* 9002
+10 126
-2 126
-4 1235
+4 247
+18 741
-18 1146
+1 326
+1 163
-1 163
+2 163
+1 326
+1 2
+2 4
+1 4
-1 322
+1 322
-8 162
+15 324
cfi=(238)
cfn=(2584)
calls=162 270 
* 8550
-12 162
-1 162
-2 324
+15 162

fn=(3788)
638 14
+1 2
cfn=(3790) runtime.gcAssistAlloc1
calls=2 +72 
* 51499
+3 6

fn=(3796) runtime.gcDrainN
1392 10
+1 8
+6 2
+4 2
-4 2
+4 4
+1 6
fi=(78)
91 2
fi=(40)
+77 2
-44 2
fe=(236)
1404 18
+2 4
+1 2
cfi=(237)
cfn=(2602) runtime.(*gcWork).balance
calls=2 356 
* 34
fi=(237)
289 2
fe=(236)
1467 2
-63 4
fi=(237)
289 2
+1 10
fe=(236)
1413 6
fi=(55)
532 8
318 2
fe=(236)
1414 4
+1 2
cfi=(237)
cfn=(2634) runtime.(*gcWork).tryGetObj
calls=2 258 
* 94
* 4
+1 4
cfi=(55)
cfn=(2636)
calls=2 322 
* 96
* 4
+4 2
cfi=(76)
cfn=(2640)
calls=2 166 
* 48500
+1 4
cfi=(237)
cfn=(2634)
calls=2 258 
* 94
* 6
+1 4
cfi=(55)
cfn=(2636)
calls=2 322 
* 96
* 4
fi=(40)
194 4
fe=(236)
1424 4
+7 4
cfi=(55)
cfn=(2650)
calls=2 797 
* 578
* 2
-3 16
-24 8
+37 2
+26 4
-29 6
+2 4
+27 10

fn=(2474)
836 785
fi=(12)
7759 157
fe=(236)
837 157
+5 157
fi=(40)
109 314
fe=(236)
843 471

fn=(2426)
1239 150
+1 60
+6 60
+1 60
+5 60
+6 60
-8 18
+10 22
+7 4
-5 56
-3 14
+8 14
-8 4
+8 28
-27 24
+6 12
+21 12
-20 12
fi=(62)
272 12
fi=(40)
-78 24
fe=(236)
1267 24
-27 36
+6 18
+21 18
-20 18
fi=(62)
272 18
fi=(40)
-78 36
fe=(236)
1267 36
-15 9
+15 9
-18 27
+18 9
+33 746
-52 373
+52 746
fi=(237)
289 373
fe=(236)
1361 373
-61 2779
+6 794
+1 112
cfi=(237)
cfn=(2602)
calls=112 356 
* 3578
fi=(237)
289 112
fe=(236)
1300 224
-51 112
1368 112
-7 224
fi=(237)
289 112
+1 224
-1 285
+1 1713
+4 386
+1 579
fe=(236)
1313 1191
fi=(55)
532 662
318 50
535 154
+1 154
-1 154
+1 154
fe=(236)
1314 716
+1 50
cfi=(237)
cfn=(2634)
calls=50 258 
* 5225
* 126
+1 74
cfi=(55)
cfn=(2636)
calls=37 322 
* 1776
* 74
+4 37
cfi=(76)
cfn=(2640)
calls=37 166 
* 25189
+1 74
cfi=(237)
cfn=(2634)
calls=37 258 
* 1643
* 115
+1 66
cfi=(55)
cfn=(2636)
calls=33 322 
* 1584
* 66
+1 66
cfi=(55)
cfn=(2650)
calls=33 797 
* 9366
* 264
-23 33
-51 33
1368 33
-7 132
-28 33
-33 66
+23 24
-23 4
-51 4
1368 4
-7 16
-28 4
-33 21
-51 13
1368 13
-7 52
-28 13
-33 219
+30 794
+2 374
+1 489
cfi=(55)
cfn=(2620)
calls=163 844 
* 370869
* 163
-2 630
cfi=(55)
cfn=(2536)
calls=210 1187 
* 721087
+9 1119
+1 10
+1 20
+1 20
cfi=(56)
cfn=(2614)
calls=10 697 
* 262
+7 1502
+1 87
fi=(40)
109 174
fe=(236)
1249 174
1352 87
+1 435
cfn=(2474)
calls=87 836 
* 1131
1248 87
1356 261
+1 87
-1 174
+3 174
+2 6
-5 4
+5 4
cfi=(12)
cfn=(2528)
calls=2 3804 
* 60
1248 2
1361 2
fi=(237)
289 2
fe=(236)
1360 2
+1 8
-1 2
-60 2
+61 170
-2 85
1248 286
1361 858
-11 286
+20 90
+1 9
fi=(40)
109 18
fe=(236)
1249 9
1372 9
+1 27
cfn=(2474)
calls=9 836 
* 117
+2 18
+2 90
1275 205
-5 410
-22 205
+52 205
-24 205
+24 205
-25 205
-5 1284
+1 214
cfn=(2428) runtime.gcNextMarkRoot
calls=214 -79 
* 2140
* 214
+1 214
+3 844
cfn=(2430)
calls=211 221 
* 2474589
+1 1055
cfi=(12)
cfn=(2528)
calls=191 3804 
* 6012
cfi=(58)
cfn=(2432)
calls=20 310 
* 1440
* 844
+5 615
+89 6
1249 6
1370 6
-93 6
fi=(237)
289 3
fe=(236)
1300 6
-52 3
+52 3
+61 3
-61 6
-27 3

fn=(2560) runtime.scanstack
904 318
+1 53
fi=(12)
1208 53
fi=(40)
194 53
fe=(236)
905 106
fi=(12)
1208 53
fi=(40)
194 53
fe=(236)
910 106
+9 159
-3 106
+3 106
+4 212
+8 159
+3 53
+2 106
+4 106
+1 106
+1 53
fi=(6)
1221 106
+6 106
fi=(40)
124 53
+44 53
fi=(6)
1233 53
fi=(12)
-25 53
fi=(40)
194 53
fi=(6)
1247 265
fi=(62)
1358 265
fi=(6)
1247 57
fe=(236)
944 53
-39 49
+31 49
+8 98
-39 4
+31 4
+8 8
+5 12
-3 49
cfi=(6)
cfn=(2570)
calls=49 1257 
* 15443
+7 49
+14 49
+96 49
952 294
+1 196
+13 98
-14 24
+1 16
+13 9
+1 4
cfn=(2446)
calls=1 1479 
* 123
fi=(82)
130 1
fe=(236)
971 7
fi=(82)
130 7
cfn=(976)
calls=1 +3 
* 576
fe=(236)
971 364
fi=(82)
130 364
cfn=(976)
calls=52 +3 
* 27701
fe=(236)
972 53
+1 988
cfn=(2580)
calls=247 +96 
* 187491
-1 494
cfi=(82)
cfn=(1006)
calls=247 441 
* 123031
fi=(82)
229 300
fe=(236)
972 300
+8 636
+18 159
fi=(238)
303 106
fe=(236)
1008 53
fi=(238)
303 106
cfn=(2588)
calls=53 +8 
* 10247
* 53
fe=(236)
1010 106
cfi=(238)
cfn=(2590)
calls=53 237 
* 2080
* 88
cfi=(238)
cfn=(2590)
calls=44 237 
* 2268
+1 194
fi=(238)
332 44
fe=(236)
1014 44
fi=(238)
332 44
+1 44
+2 382
+3 549
+1 64
+1 64
+2 595
+1 83
+1 91
fe=(236)
1015 88
+3 36
+1 72
fi=(238)
163 36
fe=(236)
1023 36
fi=(238)
163 36
fe=(236)
1033 36
fi=(6)
1357 72
+2 36
fe=(236)
1046 72
+11 36
+1 36
cfi=(237)
cfn=(2470)
calls=36 480 
* 2592
-14 267
+16 371
+3 212
fi=(6)
1359 72
+2 144
fe=(236)
1034 36
fi=(6)
1374 72
fe=(236)
1034 36
fi=(6)
1375 36
fe=(236)
1010 36
+25 36
+3 180
cfn=(2446)
calls=36 1479 
* 5904
* 36

fn=(2380)
1748 7683
+1 5122
+3 7683
fi=(31)
519 5122
fi=(49)
1226 2561
-13 2561
fi=(55)
259 2561
fe=(236)
1758 2561
+1 2561
fi=(49)
1213 5122
fi=(55)
259 2561
-30 2561
+1 4998
-49 2499
+49 2499
-5 4998
+5 12495
+2 62
fi=(31)
2869 62
fi=(55)
232 124
fi=(49)
1032 62
1213 124
fi=(55)
234 62
fi=(49)
1213 62
fi=(55)
234 186
fe=(236)
1759 62
fi=(49)
1245 62
fe=(236)
1760 62
fi=(55)
259 124
fe=(236)
1760 62
fi=(49)
1213 4998
fi=(55)
234 2499
fi=(49)
1213 2499
fi=(55)
234 7497
fe=(236)
1759 2499
fi=(49)
1245 2499
fe=(236)
1760 2499
fi=(55)
259 4998
fe=(236)
1760 2499
fi=(55)
249 2499
fi=(31)
519 2499
fi=(55)
181 2499
+68 2499
fe=(236)
1762 2499
fi=(55)
225 4998
+24 7497
fe=(236)
1762 2499
fi=(49)
1245 2499
fi=(31)
519 2499
759 4998
616 7497
fe=(236)
1766 4998
fi=(31)
758 4998
+1 4998
519 62
759 124
616 186
fe=(236)
1766 124
fi=(31)
758 124
+1 2685
fe=(236)
1767 2561
fi=(31)
760 7683
fe=(236)
1767 2561
fi=(31)
761 10244
fe=(236)
1767 12805
+1 72
+3 216
+1 216
+1 216
-2 7467
+1 7467
+1 7467

fn=(2704)
784 20
+1 4
fi=(14)
152 4
fi=(79)
24 8
cfi=(14)
cfn=(90)
calls=4 155 
* 84
fi=(12)
7816 8
+1 8
fe=(236)
786 8
+1 8
cfi=(12)
cfn=(2310)
calls=4 4045 
* 40
+1 4
fi=(14)
261 4
fi=(79)
35 8
cfi=(14)
cfn=(98)
calls=4 267 
* 172
fe=(236)
789 12

fn=(2452)
1639 2645
+2 1058
fi=(55)
229 529
+30 529
fe=(236)
1644 529
fi=(55)
259 529
-30 529
+3 529
fi=(31)
2869 529
fi=(55)
232 1058
fi=(49)
1032 529
fe=(236)
1641 1587
fi=(55)
234 1058
fe=(236)
1641 529
fi=(55)
234 1587
fe=(236)
1646 1058
+9 1058
fi=(49)
1237 1058
fe=(236)
1664 529
+3 358
fi=(49)
1245 358
fi=(31)
519 358
759 716
616 1074
fe=(236)
1670 716
fi=(31)
758 716
+1 1074
fe=(236)
1671 358
fi=(31)
760 1074
fe=(236)
1671 358
fi=(31)
761 1432
fe=(236)
1671 1432
+1 322
-7 513
+13 358
fi=(31)
600 358
fe=(236)
1678 358
+9 200
fi=(237)
203 200
+1 988
+4 392
+1 196
fe=(236)
1689 196
+1 16
cfi=(237)
cfn=(2460) runtime.(*gcWork).putObj
calls=4 159 
* 22732
+2 600
-13 474
+1 474

fn=(2548)
280 378
+5 126
-5 126
+6 126
fi=(12)
1208 4
fi=(40)
194 4
fe=(236)
+92 75
-6 177
+5 59
+1 177
+1 59
-7 12
+5 4
+1 12
+1 4
+11 63
cfi=(94)
cfn=(2550)
calls=63 106 
* 7531
* 63
+1 63
+4 159
-5 159
+8 159
cfn=(2560)
calls=53 904 
* 390104
* 106
+1 106
+1 212
cfi=(94)
cfn=(2592)
calls=53 -49 
* 3858
-22 159
+24 53
+3 159
-13 20
+1 30

fn=(2446)
1479 1435
+7 38430
+2 35847
+1 23898
+1 1344
-2 1344
+3 11949
-2 10605
+4 83999
+16 83999
+1 83999
-17 357530
+1 167998
+2 147792
+1 98528
-4 32376
+5 22320
+1 176
cfi=(238)
cfn=(2582)
calls=44 202 
* 1612
* 44
-3 10748
+5 32244
cfi=(55)
cfn=(2346)
calls=10748 264 
* 271618
* 21496
+1 40992
cfi=(49)
cfn=(1378)
calls=10248 1361 
* 278396
* 30744
+1 600
cfn=(2452)
calls=100 1639 
* 29224
-7 10792
-8 10792
+21 10792
-16 10792
+5 10792
+3 10792
+9 10792
-17 21584
+20 861

fn=(2428)
1192 428
+2 214
fi=(40)
291 642
-97 214
fe=(236)
1195 642

fn=(2444)
330 40
+9 16
+1 16
+3 8
+1 8
+2 8
+1 16
fi=(42)
25 8
fe=(236)
346 8
+5 48
cfn=(2446)
calls=8 1479 
* 1979948
+1 8
-6 24

fn=(3790)
711 10
+3 10
cfi=(2)
cfn=(2386)
calls=2 1886 
* 42
* 4
+2 12
+18 2
fi=(22)
33 2
cfi=(3)
cfn=(94)
calls=2 223 
* 76
* 4
fe=(236)
735 8
fi=(22)
33 4
fi=(40)
309 2
fi=(78)
+80 4
+19 4
-38 6
+41 4
fi=(40)
-95 2
fe=(236)
737 2
cfi=(58)
cfn=(2422)
calls=2 1933 
* 30
+3 8
cfi=(12)
cfn=(2274)
calls=2 1401 
* 150
+4 8
+1 4
cfn=(3796)
calls=2 1392 
* 49694
* 2
+2 8
cfi=(12)
cfn=(660)
calls=2 1277 
* 117
+9 6
-1 2
fi=(40)
309 2
437 2
fe=(236)
756 12
+4 2
cfi=(58)
cfn=(2482)
calls=2 1944 
* 84
* 6
+5 10
cfi=(2)
cfn=(2338)
calls=2 1889 
* 42
* 6
+2 2
fi=(22)
33 2
cfi=(3)
cfn=(94)
calls=2 223 
* 76
* 4
fe=(236)
769 6
fi=(22)
33 2
fe=(236)
768 6
fi=(62)
272 2
fe=(236)
770 4
fi=(78)
408 4
fe=(236)
771 2
fi=(22)
33 2
fe=(236)
772 8
cfi=(78)
cfn=(840)
calls=2 447 
* 88
+2 2
+2 2
-2 6
+1 2
fi=(40)
109 4
fe=(236)
776 4
cfi=(78)
cfn=(2496)
calls=2 164 
* 868
+1 4
+2 6

fl=(156)
fn=(1476)
37 1

fl=(204)
fn=(1740)
71 24
+93 4
-92 4
+1 4
+8 8
cfi=(30)
cfn=(190)
calls=4 2156 
* 964
* 4
+1 4
+82 72
cfi=(60)
cfn=(378)
calls=4 +14 
* 1312
* 24
-81 4
+81 48
-90 12
cfn=(1742)
calls=4 +15 
* 65560
cfn=(1742)
calls=1 +76 
* 3493249
* 8
+89 12
+1 96
-89 4
-46 24
+1 28
+1 8
+1 4
+1 8
+43 12
+1 24

fn=(1746) regexp/syntax.(*compiler).star
252 20
+1 8
+5 4
cfn=(1748) regexp/syntax.(*compiler).loop
calls=4 -20 
* 831
* 12

fn=(1742)
89 30
+1 40
+6 9
+4 1
cfi=(12)
cfn=(754)
calls=1 +31 
+33 3492993
+33 10
cfn=(1746)
calls=1 252 
* 85
* 3
+6 44
+4 30
+2 13
-2 151
+1 26
+1 8
cfn=(1743) regexp/syntax.(*compiler).compile'2
calls=4 -56 
* 1540
* 12
-2 27
+4 18
cfn=(1743)
calls=9 -58 
* 61944
cfn=(1743)
calls=1 267 
* 3493201
cfn=(1742)
calls=1 -14 
* 3493091
+44 42
+6 18
29 63
+1 63
+1 18
+1 6
+1 12
+2 3
+1 6
143 18
+55 23
-48 24
-49 13
-1 65
+1 13
-1 41
+1 65
-1 13
+1 13
-1 39
+1 117
cfn=(1744) regexp/syntax.(*compiler).rune
calls=13 272 
* 2943
+1 39
-1 4
+2 1
+88 60
+6 24
29 96
+1 84
+1 24
+1 12
+1 24
+72 36
+3 7

fn=(1743)
89 105
+1 136
+6 9
+4 1
+10 36
cfn=(1744)
calls=6 272 
* 3265
* 18
+53 6
+1 36
cfi=(60)
cfn=(378)
calls=2 +14 
* 740
* 14
266 2
+1 4
164 24
267 20
+1 2
120 12
+43 9
+1 50
cfi=(60)
cfn=(378)
calls=2 +14 
* 2181
* 14
266 2
+1 4
164 36
267 30
+1 3
122 18
+41 1
-35 2
+35 2
+1 25
+17 5
-53 1
+53 3
+2 5
+1 1
-55 5
cfn=(1743)
calls=1 -40 
* 55667
+4 20
cfn=(1743)
calls=4 -44 
* 58023
* 30
cfn=(1746)
calls=3 252 
* 790
* 9
+58 3
-90 1
-1 5
+1 1
-1 5
+1 5
-1 1
+1 1
-1 3
+1 9
cfn=(1744)
calls=1 272 
* 95
+1 3
-1 4
+2 1
+5 7
-19 3
cfi=(2)
cfn=(1128)
calls=1 687 
* 55661

fn=(1744)
272 120
164 100
-1 60
+1 296
cfi=(60)
cfn=(378)
calls=8 +14 
* 4378
* 40
276 8
+1 8
-1 8
164 16
273 16
+2 16
+1 8
164 240
275 140
+1 100
+2 40
-3 28
+3 28
cfi=(208)
cfn=(1768)
calls=14 +76 
* 154
-1 28
+1 43
+11 1
-7 2
+1 1
-5 1
+2 1
-2 6
+2 6
+9 13
-7 39
-4 13
+5 13
-1 26
+5 26
-5 14
+5 14
-9 20
+9 38
+1 42
+3 12
-8 20
+12 120

fn=(1748)
238 24
-74 16
-1 12
+1 51
cfi=(60)
cfn=(378)
calls=1 +14 
* 514
* 5
29 1
164 3
+75 2
+1 2
+2 1
-78 48
+76 28
-76 4
+77 4
+4 4
+1 8
+2 4
29 24
+1 28
+1 8
+1 4
+1 8
249 28

fl=(268)
fn=(3460) internal/poll.(*FD).Seek.deferwrap1
77 7
cfi=(258)
cfn=(3462)
calls=1 211 
* 26
* 3

fn=(3900)
52 44
fi=(258)
202 4
54 4
+1 4
+1 8
+3 4
+1 8
-6 4
+9 20
-7 4
202 8
+1 8
fe=(268)
53 8
fi=(258)
+1 16
fe=(268)
+2 24
+1 4
+1 8
fi=(140)
737 4
+1 4
fi=(124)
1008 4
cfi=(126)
cfn=(3906)
calls=4 472 
* 968
* 8
fi=(140)
739 12
fe=(268)
59 8
+9 40
cfn=(3910) internal/poll.(*FD).ReadDirent.deferwrap1
calls=4 -12 
* 144
* 24

fn=(3910)
56 28
cfi=(258)
cfn=(3462)
calls=4 211 
* 104
* 12

fn=(3454)
73 9
fi=(258)
202 1
54 1
+1 1
+1 2
+3 1
+1 2
-6 1
+9 6
-7 1
202 2
+1 2
fe=(268)
74 2
+3 6
+1 2
cfi=(126)
cfn=(3458)
calls=1 1276 
* 237
* 7
cfn=(3460)
calls=1 -1 
* 36
* 6

fl=(14)
fn=(2790)
151 2025
+1 405
fi=(79)
24 405
cfi=(14)
cfn=(90)
calls=393 155 
* 8253
cfi=(14)
cfn=(91)
calls=12 155 
* 252
fe=(14)
153 1215

fn=(90)
155 21595829
+1 4319165
+1 17276660
+3 8638330
+5 8638330
+1 8638330
-9 8
-1 8
+16 16
+6 8
+5 8
-1 72
+2 8
-17 8638314
+3 12957471
cfi=(12)
cfn=(826)
calls=1 3228 
* 177941
+15 46
+14 138
-13 92
+13 8
-13 32
+1 8
+1 6
+4 4
-3 2
+5 2
-37 2
+37 8
-5 4
+10 12
+1 12
+6 46
+3 99
-52 7
+52 42
-71 14
+73 7
+3 242
-76 64
+77 92
+4 42
+1 8
cfi=(3)
cfn=(2848)
calls=8 666 
* 24
* 16
+1 16
+18 8
-40 8
+16 8
-30 40
+37 8
-6 32
fi=(42)
+66 64
cfi=(2)
cfn=(2844)
calls=32 864 
* 3008
* 64
fe=(14)
-65 64
+22 32
-40 32
+16 32
-30 160
+33 32
+9 18
+6 6
-19 12
+20 6
cfi=(2)
cfn=(96)
calls=6 1256 
* 42
* 36
+1 24
cfi=(23)
cfn=(2850)
calls=6 660 
* 159
+4 6
112 6
215 6
-1 6
+41 12
-16 6
+8 6
112 28
239 4
114 10
+3 2
239 6
+3 12
+2 4
-30 2
+33 2
-90 2
+90 8
-4 2
-4 8
+3 24
+2 8
-30 4
+33 4
-90 4
+90 16
-4 4
-4 6
+11 12
cfi=(97)
cfn=(2854)
calls=6 139 
* 330
+1 24
-66 6
+30 6
+41 18
-1 12
+1 6
-57 12
+57 6
-61 4
fi=(23)
668 4
fe=(14)
196 6
+5 18
fi=(23)
668 12
fe=(14)
201 1
fi=(22)
33 1
cfi=(3)
cfn=(94)
calls=1 223 
* 24
fe=(14)
202 20
-47 4
cfi=(2)
cfn=(1128)
calls=2 687 
* 37865
fi=(3)
277 1
+1 1
+1 1
+6 1
+1 1
+1 1
+1 1
+3 1
+1 1
+1 1
+1 3
cfi=(22)
cfn=(2862)
calls=1 33 
* 38635
+2 1
+1 1
+1 1
fe=(14)

fn=(91)
155 800
+1 160
+1 640
+3 320
+5 320
+1 320
-9 1
-1 1
+16 2
+6 1
+5 1
-1 9
+2 1
-17 318
+3 477
+15 6
+14 18
-13 12
+13 1
-13 4
+1 1
+12 2
+1 2
+6 6
+3 11
-52 1
+52 6
-71 2
+73 1
+3 30
-76 6
+77 12
+4 6
+1 1
cfi=(3)
cfn=(2848)
calls=1 666 
* 3
* 2
+1 2
+18 1
-40 1
+16 1
-30 5
+37 1
-6 4
fi=(42)
+66 8
cfi=(2)
cfn=(2844)
calls=4 864 
* 376
* 8
fe=(14)
-65 8
+22 4
-40 4
+16 4
-30 20
+33 4
+9 3
+6 1
-19 2
+20 1
cfi=(2)
cfn=(96)
calls=1 1256 
* 7
* 6
+1 4
cfi=(23)
cfn=(2850)
calls=1 660 
* 64
+4 1
112 1
215 1
-1 1
+41 2
-16 1
+8 1
112 5
239 3
+3 6
+2 2
-30 1
+33 1
-90 1
+90 4
-4 1
-4 1
+11 2
cfi=(97)
cfn=(2854)
calls=1 139 
* 55
+1 4
-66 1
+30 1
+41 3
-1 2
+1 1
-57 2
+57 1
-55 3
fi=(23)
668 2
fe=(14)
201 1
fi=(22)
33 1
cfi=(3)
cfn=(94)
calls=1 223 
* 38
* 3
fi=(23)
669 3
fi=(40)
109 2
fe=(14)
+93 4

fn=(58)
94 5
fi=(15)
-66 1
fe=(14)
+67 2
fi=(15)
-67 4
fe=(14)
+68 2
+5 3

fn=(98)
267 21596627
+1 4319325
+62 21596625
-57 12957975
+2 21596625
+34 8638650
+4 8638650
+1 12
cfn=(2856) runtime.unlock2Wake
calls=12 +31 
* 1237
+3 12957975
fi=(23)
756 21590831
fe=(14)
318 8638650
+1 17277300
+3 12952181
+1 1
+2 3
cfi=(51)
cfn=(1045)
calls=1 -5 
* 30
* 12957972
-58 2
cfi=(2)
cfn=(1128)
calls=1 687 
* 26

fn=(2856)
345 60
+1 12
fi=(25)
228 12
+7 24
+1 24
fe=(14)
352 12
fi=(25)
236 12
fe=(14)
346 12
fi=(25)
236 12
+1 12
+56 36
-58 12
fe=(14)
350 12
+2 36
-2 12
+6 12
+1 22
+6 45
+19 14
+1 28
+11 21
-16 15
+39 14
+2 7
+47 14
-47 14
112 14
419 14
112 14
+2 70
+3 12
422 12
+2 28
+1 28
-75 14
+75 14
fi=(62)
289 14
fe=(14)
426 14
+2 14
+5 28
+20 28
+1 28
-34 28
+37 14
+1 56
+1 14
+2 7
fi=(97)
159 21
+1 7
+1 21
cfi=(7)
cfn=(964)
calls=7 -76 
* 196
fe=(14)
463 21

fn=(2802)
260 2025
+1 405
fi=(79)
35 405
cfi=(14)
cfn=(98)
calls=405 267 
* 15899
fe=(14)
262 1215

fl=(38)
fn=(146)
31 108
+1 72
+15 252
cfi=(3)
cfn=(148)
calls=36 488 
* 468
* 252

fl=(221)
fn=(1900)
70 70
+7 14
-2 14
fi=(14)
+77 14
fi=(79)
24 28
cfi=(14)
cfn=(90)
calls=14 155 
* 294
fe=(221)
+52 28
+1 42
+6 3
+1 3
fi=(14)
261 3
fi=(79)
35 6
cfi=(14)
cfn=(98)
calls=3 267 
* 129
fe=(221)
+52 3
fi=(14)
+65 3
fi=(79)
24 6
cfi=(14)
cfn=(90)
calls=3 155 
* 63
fe=(221)
+64 3
fi=(79)
-53 6
cfi=(14)
cfn=(98)
calls=3 267 
* 129
fe=(221)
+55 9
fi=(14)
261 3
fe=(221)
93 12
-15 11
fi=(14)
261 11
fi=(79)
35 22
cfi=(14)
cfn=(98)
calls=11 267 
* 441
fe=(221)
+44 44

fl=(229)
fn=(2072) sync.(*RWMutex).Lock
144 65
+6 13
fi=(297)
46 13
fi=(296)
+17 91
fe=(229)
+89 13
fi=(110)
-58 39
fe=(229)
+60 26
+8 39

fn=(2074) sync.(*RWMutex).Unlock
201 65
+9 13
-1 13
fi=(110)
94 52
fe=(229)
210 26
+5 65
+4 13
fi=(297)
65 13
fi=(296)
194 39
+1 13
fe=(229)
+28 39

fl=(143)
fn=(4032)
62 5
+1 4
cfi=(293)
cfn=(4034)
calls=1 -46 
* 48
* 3
+12 2
cfi=(12)
cfn=(4038)
calls=1 339 
* 99
+2 2
cfi=(21)
cfn=(4052)
calls=1 +55 
* 5

fn=(1398)
18 4
+5 1
cfi=(21)
cfn=(1400)
calls=1 128 
* 521
* 5
+1 2

fl=(199)
fn=(1680)
50 30
+2 12
-1 24
cfi=(197)
cfn=(1682)
calls=6 2183 
* 18
+1 12
+3 24
+1 30
cfi=(200)
cfn=(1684)
calls=6 +5 
* 2169921
+1 18

fl=(63)
fn=(2088)
116 24
+1 16
+6 32
cfi=(4)
cfn=(2090)
calls=8 0 
* 40
* 24

fn=(1166)
85 99
+1 66
+6 66
cfi=(4)
cfn=(1168)
calls=33 -92 
* 66
+1 99

fn=(2388)
32 48
+2 48
fi=(76)
143 64
+3 32
+1 32
fe=(63)
35 32
+1 16
+1 48

fn=(3450)
100 615
+1 430
+1 20
cfn=(2388)
calls=10 -70 
* 200
+5 40
cfi=(4)
cfn=(3452)
calls=10 0 
* 30
* 390
cfi=(4)
cfn=(3452)
calls=195 0 
* 585
+1 615

fn=(416)
57 33
+1 11
-15 28
+1 6
cfn=(2388)
calls=3 -12 
* 60
+5 9
+10 9
-10 8
+10 24

fl=(153)
fn=(1458) log.(*Logger).SetOutput.deferwrap1
82 6
fi=(297)
-17 1
fi=(296)
194 4
+1 1
fe=(153)
82 3

fn=(1452)
71 5
+5 5
-4 2
cfi=(30)
cfn=(190)
calls=1 2156 
* 241
* 1
+1 3
cfn=(1454) log.(*Logger).SetOutput
calls=1 +7 
* 57
+1 2
cfi=(30)
cfn=(190)
calls=1 2156 
* 241
* 7
fi=(110)
-13 2
fe=(153)
353 1
fi=(110)
61 3
cfi=(63)
cfn=(1166)
calls=1 +24 
* 12
fe=(153)
+14 1
340 1
fi=(110)
83 3
fe=(153)
-7 3

fn=(1454)
80 8
fi=(296)
-17 1
fe=(153)
+17 1
+1 1
fi=(297)
-35 1
fi=(296)
+17 7
fe=(153)
+19 6
+1 4
+1 4
fi=(110)
-62 2
fe=(153)
+63 4
cfn=(1458)
calls=1 -3 
* 15
* 3

fn=(1462)
248 4
+1 4
+5 2

fl=(216)
fn=(1948) testing.runTests
2551 6
+2 18
+22 2
-9 1
+10 1
+7 3
-30 3
+23 1
-23 10
+1 2
cfi=(221)
cfn=(1900)
calls=1 70 
* 163
* 1
+1 13
2844 4
2556 2
-1 3
+4 2
+6 4
cfi=(129)
cfn=(1950)
calls=1 240 
* 546
* 3
+1 10
cfi=(224)
cfn=(1956)
calls=1 55 
* 12483
* 4
2205 3
cfi=(96)
cfn=(850)
calls=1 75 
* 202
* 1
-2 2
cfi=(30)
cfn=(190)
calls=1 -47 
* 241
+1 3
+1 1
-1 2
+1 1
+1 2
+1 1
2567 8
2203 1
2567 1
+3 3
cfi=(96)
cfn=(850)
calls=1 75 
* 206
* 1
+1 4
cfi=(96)
cfn=(850)
calls=1 75 
* 202
* 1
-3 2
cfi=(30)
cfn=(190)
calls=1 2156 
* 1377
+2 3
+1 1
-1 2
+1 1
+1 5
+1 1
+1 1
+1 1
+1 1
+2 2
-6 2
+1 3
+1 1
+1 3
+1 3
+2 1
fi=(182)
1193 1
-12 1
fe=(216)
725 1
2568 1
728 2
2580 1
+3 11
cfn=(2024) testing.tRunner
calls=1 1876 
* 42350
+6 4
cfi=(96)
cfn=(2130)
calls=1 804 
* 192
* 2
-34 2
+38 3
cfn=(2112) testing.(*common).Failed
calls=1 975 
* 49
* 1
-38 2
+39 5
+3 5

fn=(3832) testing.(*common).Cleanup.func1
1303 17
+1 6
+7 2
cfn=(2026) testing.callerName
calls=1 1736 
* 7752
* 2
+1 3
cfi=(229)
cfn=(2072)
calls=1 144 
* 23
+1 5
+1 1
-1 3
+1 5
+1 1
cfi=(229)
cfn=(2074)
calls=1 201 
* 27
+2 3
cfn=(3834) testing.(*common).makeTempDir.func1
calls=1 1462 
* 27767
+1 4
cfn=(3924) testing.(*common).Cleanup.func1.1
calls=1 -14 
* 90
* 3

fn=(3926) testing.(*common).Cleanup.func1.1.deferwrap1
1306 7
cfi=(229)
cfn=(2074)
calls=1 201 
* 27
* 3

fn=(1938) testing.(*M).startAlarm
2782 5
+1 4
+1 6

fn=(2024)
1876 6
2042 2
1876 1
+1 2
cfn=(2026)
calls=1 1736 
* 7849
* 5
+6 5
2028 6
fi=(303)
25 1
cfi=(128)
cfn=(1300)
calls=1 1347 
* 80
fe=(216)
2034 6
+1 2
cfn=(2048)
calls=1 1676 
* 15
+1 4
cfn=(2050) testing.runTests.func1
calls=1 2583 
* 32714
+3 2
cfi=(229)
cfn=(2072)
calls=1 144 
* 23
+1 2
+1 1
cfi=(229)
cfn=(2074)
calls=1 201 
* 27
+1 4
cfn=(2076) testing.tRunner.func2
calls=1 -14 
* 593
* 4
cfn=(2108) testing.tRunner.func1
calls=1 1883 
* 993
* 3

fn=(2026)
1736 10
+1 2
+1 2
fi=(240)
339 8
cfi=(82)
cfn=(972)
calls=2 1093 
* 8047
fe=(216)
1739 4
+3 4
cfn=(2028) testing.pcToName
calls=2 +3 
* 7518
* 6

fn=(2048)
1676 15
+1 9
+1 2
fi=(110)
117 4
fe=(216)
1682 2
-5 1
+3 2
cfn=(2110)
calls=1 +14 
* 15
fi=(110)
117 2
fe=(216)
1682 9

fn=(2050)
2583 5
+1 1
-1 3
+1 142
+1 28
cfn=(2052) testing.(*T).Run
calls=28 2050 
* 32306
-1 112
+1 28
-1 86
+3 3

fn=(1936) testing.(*M).before
2601 6
+1 5
+3 4
+13 4
+13 3
+3 3
+3 3
+4 3
+4 3
+12 4
+20 3
+3 3

fn=(1820)
2319 5
fi=(218) /usr/local/go/src/testing/newcover.go
27 8
fe=(216)
2320 3
cfi=(4)
cfn=(1822)
calls=1 0 
* 19
fi=(218)
27 2
fe=(216)
2321 1
cfn=(1830) testing.Init
calls=1 438 
* 46054
+1 2
cfi=(30)
cfn=(190)
calls=1 2156 
* 260
+1 5
+1 1
+1 1
+1 1
+1 2
-4 2
+1 5
+1 5
+1 5
+1 5
-5 3

fn=(2078)
1630 27
+1 3
+1 3
fi=(110)
22 6
fe=(216)
1632 21
+2 6
+1 3
-1 3
+8 24
+9 9
+1 6
cfi=(129)
cfn=(2080)
calls=3 242 
* 1134
+5 3
+8 3
-13 3
+15 2
cfn=(3832)
calls=1 1303 
* 35714
-10 2
cfi=(229)
cfn=(2072)
calls=1 144 
* 23
* 3
cfi=(229)
cfn=(2072)
calls=3 144 
* 69
+1 17
+1 1
+1 1
+1 5
+2 6
cfi=(229)
cfn=(2074)
calls=3 201 
* 81
* 2
cfi=(229)
cfn=(2074)
calls=1 201 
* 27
+1 12
+1 33
cfn=(2104) testing.(*common).runCleanup.func2
calls=3 -23 
* 207
* 33
cfn=(2106) testing.(*common).runCleanup.deferwrap1
calls=3 -33 
* 12
* 15

fn=(2104)
1642 21
+1 6
cfi=(229)
cfn=(2072)
calls=3 144 
* 69
+1 9
+1 3
cfi=(229)
cfn=(2074)
calls=3 201 
* 81
-1 6
+2 3
+3 9

fn=(2106)
1632 3
fi=(110)
22 6
fe=(216)
1632 3

fn=(3836) testing.removeAll
1496 6
+7 1
fi=(280)
74 1
cfi=(279)
cfn=(3838)
calls=1 -59 
* 27741
fe=(216)
1505 3

fn=(4026)
2684 6
+1 1
cfn=(4028) testing.(*M).writeProfiles
calls=1 +11 
* 33
+1 3

fn=(2108)
1883 10
+1 2
cfn=(2110)
calls=1 1694 
* 15
+3 2
cfn=(2112)
calls=1 975 
* 52
* 2
+12 1
cfi=(201)
cfn=(1728)
calls=1 1069 
* 13
* 2
+3 1
fi=(110)
94 4
fi=(229)
-22 2
fe=(216)
1904 1
-1 2
fi=(110)
94 3
fi=(229)
+26 2
fe=(216)
1903 1
fi=(229)
120 1
fe=(216)
1905 3
+17 2
+14 1
+1 14
+17 4
+22 2
+4 3
fi=(303)
30 1
cfi=(128)
cfn=(2118)
calls=1 1227 
* 86
fe=(216)
1980 2
+2 2
+28 2
1883 1
2016 3
+3 1
cfn=(2122) testing.(*T).report
calls=1 2489 
* 12
+4 2
+1 2
+3 4
cfn=(2124) testing.tRunner.func1.1
calls=1 -90 
* 727
* 3

fn=(4030) testing.(*M).Run.func1
2341 2
+1 2
+1 1

fn=(1830)
438 5
+1 2
+3 1
fi=(182)
769 7
cfn=(1832)
calls=1 -9 
* 1238
fe=(216)
448 3
fi=(182)
769 7
cfn=(1832)
calls=1 -9 
* 802
fe=(216)
451 3
fi=(182)
899 8
cfn=(1848)
calls=1 -9 
* 954
fe=(216)
457 3
fi=(182)
769 7
cfn=(1832)
calls=1 -9 
* 802
fe=(216)
458 3
fi=(182)
1046 1
fe=(216)
460 1
fi=(182)
1046 7
cfn=(1834)
calls=1 -36 
* 679
847 7
cfn=(1856) flag.(*FlagSet).Uint
calls=1 -9 
* 888
fe=(216)
461 3
fi=(182)
899 8
cfn=(1848)
calls=1 -9 
* 971
fe=(216)
462 3
fi=(182)
899 8
cfn=(1848)
calls=1 -9 
* 954
fe=(216)
463 3
fi=(182)
899 8
cfn=(1848)
calls=1 -9 
* 3705
fe=(216)
464 3
fi=(182)
899 9
cfn=(1848)
calls=1 -9 
* 939
fe=(216)
465 3
fi=(182)
899 8
cfn=(1848)
calls=1 -9 
* 939
fe=(216)
466 3
fi=(182)
899 8
cfn=(1848)
calls=1 -9 
* 939
fe=(216)
467 3
fi=(182)
795 7
cfn=(1874) flag.(*FlagSet).Int
calls=1 -9 
* 829
fe=(216)
468 3
fi=(182)
899 8
cfn=(1848)
calls=1 -9 
* 939
fe=(216)
469 3
fi=(182)
899 8
cfn=(1848)
calls=1 -9 
* 5046
fe=(216)
470 3
fi=(182)
795 7
cfn=(1874)
calls=1 -9 
* 891
fe=(216)
471 3
fi=(182)
899 8
cfn=(1848)
calls=1 -9 
* 956
fe=(216)
472 3
fi=(182)
795 7
cfn=(1874)
calls=1 -9 
* 829
fe=(216)
473 3
fi=(182)
769 7
cfn=(1832)
calls=1 -9 
* 866
fe=(216)
474 3
fi=(182)
899 8
cfn=(1848)
calls=1 -9 
* 939
fe=(216)
475 3
fi=(182)
955 7
cfn=(1890) flag.(*FlagSet).Duration
calls=1 -10 
* 1014
fe=(216)
476 3
fi=(182)
899 8
cfn=(1848)
calls=1 -9 
* 939
fe=(216)
477 3
+1 2
cfi=(221)
cfn=(1900)
calls=1 70 
* 87
fi=(182)
795 8
cfn=(1874)
calls=1 -9 
* 873
fe=(216)
478 3
fi=(182)
899 8
cfn=(1848)
calls=1 -9 
* 930
fe=(216)
479 3
fi=(182)
899 8
cfn=(1848)
calls=1 -9 
* 939
fe=(216)
480 3
fi=(182)
769 7
cfn=(1832)
calls=1 -9 
* 851
fe=(216)
481 3
+2 1
cfi=(222)
cfn=(1902)
calls=1 25 
* 10352
* 1
+1 1
cfi=(212)
cfn=(1908)
calls=1 21 
* 4673
+1 3

fn=(1912)
2340 7
+12 1
-12 2
+1 8
+8 1
fi=(182)
1193 1
-12 1
fe=(216)
2352 1
fi=(182)
1188 1
fe=(216)
2353 1
fi=(182)
1188 13
cfn=(1916) flag.(*FlagSet).Parse
calls=1 -35 
* 4479
fe=(216)
2408 1
-52 2
+38 4
+6 3
+7 3
+6 10
+19 1
cfn=(1928) testing.parseCpuList
calls=1 2825 
* 466
+2 2
cfn=(1936)
calls=1 2601 
* 44
+1 7
+5 3
+1 1
cfn=(1938)
calls=1 2782 
* 15
* 3
+1 3
+1 4
cfi=(4)
cfn=(1940)
calls=1 0 
* 8
* 7
cfi=(4)
cfn=(1944)
calls=1 0 
* 8
* 10
cfi=(30)
cfn=(190)
calls=1 2156 
* 241
* 25
cfn=(1948)
calls=1 2551 
* 58214
* 2
+1 10
cfi=(212)
cfn=(2134)
calls=1 477 
* 5796
* 2
+1 9
cfi=(30)
cfn=(190)
calls=1 2156 
* 241
* 14
cfi=(231)
cfn=(2138)
calls=1 29 
* 3099
* 1
2820 1
2446 1
2820 2
2443 2
+4 1
-2 1
+2 1
-3 2
+3 5
+12 3
-14 1
+14 1
-15 2
+15 6
cfi=(4)
cfn=(1944)
calls=1 0 
* 8
* 11
cfi=(30)
cfn=(190)
calls=1 2156 
* 241
* 17
cfi=(222)
cfn=(2140)
calls=1 691 
* 1227075
* 3
+5 1
+7 8
cfi=(212)
cfn=(4012)
calls=1 562 
* 18
* 2
+1 1
+10 2
+1 3
568 2
2484 9
cfi=(64)
cfn=(1212)
calls=1 419 
* 14
* 6
fi=(233)
272 6
cfn=(4014) fmt.Fprint
calls=1 -12 
* 1059
fe=(216)
2486 4
cfn=(4020) testing.(*M).Run.deferwrap1
calls=1 -51 
* 149
* 4
cfn=(4030)
calls=1 2341 
* 5
* 4
cfi=(215)
cfn=(1818)
calls=1 106 
* 170

fn=(2112)
975 12
fi=(229)
72 2
fe=(216)
975 4
+1 2
fi=(110)
94 6
fi=(229)
-22 4
fe=(216)
977 12
+2 4
fi=(110)
114 1
fe=(216)
979 2
+6 14
cfn=(2116) testing.(*common).Failed.deferwrap1
calls=2 -8 
* 30
* 8

fn=(3010)
1422 5
+1 1
732 3
1424 1
cfn=(3012) testing.(*common).makeTempDir
calls=1 +7 
* 108350
+1 2
+3 3

fn=(1928)
2825 5
+1 8
fi=(223) /usr/local/go/src/strings/iter.go
68 2
-19 3
fi=(162)
1266 3
cfi=(18)
cfn=(1520)
calls=1 28 
* 37
fi=(223)
50 2
+9 5
cfi=(216)
cfn=(1932) testing.parseCpuList-range1
calls=1 2826 
* 40
fe=(216)
2837 3
+1 2
+1 3
cfi=(221)
cfn=(1900)
calls=1 70 
* 87
* 12
cfi=(60)
cfn=(378)
calls=1 178 
* 243
* 8
+2 3

fn=(2076)
2028 6
+1 2
+1 3
cfn=(2078)
calls=1 1630 
* 579
+2 3

fn=(3000)
1272 7
+1 2
+3 3
cfi=(229)
cfn=(2072)
calls=1 144 
* 23
+1 7
+1 2
+1 1
cfi=(123)
cfn=(1256)
calls=1 43 
* 17833
* 5
+3 1
+1 1
fi=(240)
339 5
cfi=(82)
cfn=(972)
calls=1 1093 
* 3891
fe=(216)
1284 2
+3 5
cfi=(188)
cfn=(3002)
calls=1 85 
* 15
* 2
+1 5
cfi=(188)
cfn=(1600)
calls=1 196 
* 845
* 1
+1 5
+2 4
cfn=(3006) testing.(*common).Helper.deferwrap1
calls=1 -14 
* 37
* 3
cfi=(242)
cfn=(2996)
calls=1 22 
* 1611137

fn=(3001) testing.(*common).Helper'2
1272 7
+1 2
+3 3
cfi=(229)
cfn=(2072)
calls=1 144 
* 23
+1 7
+1 2
+4 1
+1 1
fi=(240)
339 5
cfi=(82)
cfn=(972)
calls=1 1093 
* 4835
fe=(216)
1284 2
+3 5
cfi=(188)
cfn=(3002)
calls=1 85 
* 39
* 2
+1 5
cfi=(188)
cfn=(1600)
calls=1 196 
* 99
* 1
+1 5
+2 4
cfn=(3006)
calls=1 -14 
* 37
* 3

fn=(3012)
1431 6
fi=(296)
63 1
fe=(216)
1434 1
fi=(297)
46 2
fi=(296)
+17 7
fe=(216)
1436 5
+10 2
+1 2
cfn=(3001)
calls=1 1272 
* 5088
948 3
1449 1
+3 3
+6 3
cfn=(3014) testing.removeSymbolsExcept
calls=1 -55 
* 703
* 2
+2 3
cfi=(244)
cfn=(3024)
calls=1 101 
* 80252
* 4
cfi=(246)
cfn=(3044)
calls=1 86 
* 3451
* 7
+1 2
+1 2
cfi=(30)
cfn=(191)
calls=1 2156 
* 807
* 11
cfn=(3090) testing.(*common).Cleanup
calls=1 1296 
* 13587
+8 2
fi=(296)
198 1
fe=(216)
1470 2
+1 1
+2 2
+1 1
fi=(297)
65 1
fi=(296)
194 4
+1 1
fe=(216)
1476 4
+4 7
cfi=(64)
cfn=(1212)
calls=1 419 
* 279
* 9
cfi=(64)
cfn=(3096)
calls=1 378 
* 15
* 9
cfi=(233)
cfn=(2162)
calls=1 237 
* 2936
* 2
fi=(142)
329 1
fi=(248)
-74 1
+1 1
fi=(142)
+74 2
fi=(124)
-58 5
cfi=(126)
cfn=(3060)
calls=1 659 
* 1089
* 2
fi=(248)
-15 3
fi=(142)
+76 2
fe=(216)
1484 4
-3 3
+3 6

fn=(3014)
1403 7
+1 4
+8 4
cfi=(162)
cfn=(3016)
calls=1 532 
* 685
* 3

fn=(3090)
1296 8
+1 1
732 4
1298 2
cfi=(30)
cfn=(191)
calls=1 2156 
* 709
* 1
+2 1
fi=(240)
339 5
cfi=(82)
cfn=(972)
calls=1 1093 
* 12188
fe=(216)
1301 2
fi=(240)
339 1
fe=(216)
1303 2
cfi=(30)
cfn=(191)
calls=1 2156 
* 274
* 15
+17 2
cfi=(229)
cfn=(2072)
calls=1 144 
* 23
+1 7
+1 10
cfi=(60)
cfn=(378)
calls=1 178 
* 276
* 12
+1 4
cfn=(3094) testing.(*common).Cleanup.deferwrap1
calls=1 -2 
* 37
* 3

fn=(3094)
1321 7
cfi=(229)
cfn=(2074)
calls=1 201 
* 27
* 3

fn=(4022) testing.(*M).after
2683 5
+1 4
fi=(110)
19 2
fi=(157)
+48 2
fe=(216)
2684 1
fi=(157)
69 2
cfn=(1486)
calls=1 +4 
* 116
fe=(216)
2692 1
-1 3
+3 3

fn=(1932)
2826 12
+1 1
cfi=(162)
cfn=(1934)
calls=1 1091 
* 18
* 1
+1 2
+1 6

fn=(2028)
1745 12
+4 2
-3 4
cfi=(30)
cfn=(190)
calls=2 2156 
* 814
* 6
+1 2
fi=(24)
81 4
cfi=(30)
cfn=(190)
calls=2 2156 
* 3041
* 4
+1 2
-1 10
+1 6
fe=(216)
1748 16
cfi=(24)
cfn=(2032)
calls=2 95 
* 3531
* 54
+1 10

fn=(2052)
2050 196
+1 56
fi=(110)
19 56
fe=(216)
2054 28
-3 56
+7 28
fi=(110)
22 56
fe=(216)
2059 196
cfi=(224)
cfn=(2056)
calls=28 83 
* 31298
+1 112
-1 28
+1 84
+1 112

fn=(2110)
1694 20
+2 4
+1 4
fi=(110)
114 8
fe=(216)
1698 8
+2 16

fn=(2116)
977 12
fi=(110)
94 8
fi=(229)
+26 4
fe=(216)
977 6

fn=(2122)
2489 6
+1 3
+1 3

fn=(2124)
1937 6
+4 2
-4 1
+7 3
-7 2
+10 4
fi=(109)
360 1
fi=(111)
77 1
fi=(109)
360 4
cfn=(2126)
calls=1 -51 
* 530
fe=(216)
1948 4
-11 2
+14 2
cfi=(96)
cfn=(934)
calls=1 160 
* 162
+1 3

fn=(3018)
1404 65
fi=(243) /usr/local/go/src/unicode/graphic.go
91 13
fe=(216)
1404 52
fi=(243)
91 26
+1 65
fe=(216)
1405 39
+3 39

fn=(3834)
1462 7
+1 3
cfn=(3836)
calls=1 +33 
* 27752
* 2
+3 3

fn=(3924)
1304 9
+1 2
cfi=(229)
cfn=(2072)
calls=1 144 
* 23
+1 6
+1 4
+1 2
+1 4
cfn=(3926)
calls=1 -3 
* 37
* 3

fn=(1852) testing.(*chattyFlag).String
549 2
+3 2
+3 3

fn=(3006)
1277 14
cfi=(229)
cfn=(2074)
calls=2 201 
* 54
* 6

fn=(4020)
2435 7
cfn=(4022)
calls=1 2683 
* 139
* 3

fn=(4028)
2696 6
+1 4
+10 3
+3 3
+3 4
+13 4
+12 4
719 1
2750 1
+3 3

fl=(35)
fn=(250)
277 45
+3 36
-2 18
cfi=(36)
cfn=(142)
calls=9 659 
* 162
+1 54
cfi=(37)
cfn=(252)
calls=9 172 
* 1311
+1 27

fn=(140)
49 54
+11 54
-10 72
cfi=(36)
cfn=(142)
calls=18 659 
* 324
+1 18
fi=(40)
344 72
fe=(35)
52 54
cfi=(37)
cfn=(144)
calls=18 -31 
* 2517
+8 54

fl=(258)
fn=(3246)
248 1915
+1 1532
cfn=(3248) internal/poll.(*fdMutex).rwunlock
calls=383 -87 
* 16086
* 1149
+3 1149

fn=(3462)
211 1045
+1 209
103 209
+1 418
+1 418
+3 209
-5 209
+6 1045
+1 418
212 209
+1 408
cfi=(140)
cfn=(3482)
calls=204 77 
* 62628
* 612
+2 25

fn=(3248)
162 2915
+3 1166
+4 1200
+5 2298
+3 1166
+1 2332
+4 2332
+2 1166
-1 583
+3 583
-21 583
+21 2332
-3 1749
+4 583
+3 3498

fn=(3536)
230 1000
+1 800
cfn=(3248)
calls=200 -69 
* 8400
* 600
+3 600

fn=(3234)
117 2915
+3 1166
+4 1200
+5 1915
-9 383
+11 1532
+1 383
-12 200
+11 800
+1 783
+1 1166
+4 1166
+2 1749
+1 1166
-20 583
+30 2915
-13 583
+14 583
+1 2332

fn=(3478)
71 1020
+1 204
+1 204
+1 612
+4 612
+1 408
+4 408
-11 204
+12 1020
-12 408
+12 204
+3 816
+4 612
+4 816

fl=(237)
fn=(2460)
159 20
+7 8
-5 4
+5 8
+1 4
cfn=(2462) runtime.(*gcWork).init
calls=4 -21 
* 22628
+1 8
+23 4
-9 24
+1 4
-1 4
+7 4
+7 12

fn=(2464)
424 470
+2 200
+1 180
cfi=(77)
cfn=(598)
calls=90 42 
* 1620
+1 180
+1 90
-14 270
+21 188
+2 4
+1 8
+9 8
+1 28
cfi=(2)
cfn=(134)
calls=1 +71 
* 545
cfi=(2)
cfn=(135)
calls=3 +71 
* 10095
* 8
+3 8
+4 4
fi=(14)
152 4
fi=(79)
24 8
cfi=(14)
cfn=(90)
calls=4 155 
* 84
fe=(237)
457 12
cfi=(31)
cfn=(526)
calls=4 1884 
* 96
+1 4
fi=(14)
261 4
fi=(79)
35 8
cfi=(14)
cfn=(98)
calls=4 267 
* 156
fe=(237)
462 12
+11 282
-11 524
+1 64
fi=(31)
+56 64
fe=(237)
-56 128
+1 64
+1 64
cfi=(77)
cfn=(2468)
calls=64 71 
* 5440
+1 196
+1 4
+2 180
cfn=(2470)
calls=60 +11 
* 4320
* 120
+4 4
-11 4

fn=(2470)
480 770
+1 154
-66 308
+67 462
cfi=(77)
cfn=(2256)
calls=154 24 
* 8932
+1 462

fn=(2908)
540 20
+3 4
-1 4
fi=(14)
152 4
fi=(79)
24 12
cfi=(14)
cfn=(90)
calls=3 155 
* 63
cfi=(14)
cfn=(91)
calls=1 155 
* 21
fe=(237)
543 8
fi=(31)
1881 4
fe=(237)
543 4
+4 28
cfi=(2)
cfn=(135)
calls=2 -27 
* 56
cfi=(2)
cfn=(134)
calls=2 -27 
* 1531
* 8
+12 4
fi=(14)
261 4
fi=(31)
1881 8
fi=(79)
35 8
cfi=(14)
cfn=(98)
calls=4 267 
* 172
fi=(31)
1881 8
fe=(237)
558 4
+2 12
cfi=(51)
cfn=(1045)
calls=2 306 
* 450232215

fn=(2909)
540 7190805
+3 1438161
-1 1438161
fi=(14)
152 1438161
fi=(79)
24 4314483
cfi=(14)
cfn=(90)
calls=1438161 155 
* 30201381
fe=(237)
543 2876322
fi=(31)
1881 1438161
fe=(237)
543 1438161
+1 1438161
fi=(14)
261 1438161
fi=(79)
35 2876322
cfi=(14)
cfn=(98)
calls=1438161 267 
* 61840923
fe=(237)
545 5752644

fn=(2472) runtime.trygetfull
499 530
+1 212
cfi=(77)
cfn=(598)
calls=106 42 
* 792
+1 212
+1 13
-93 26
+94 39
+2 372

fn=(2606) runtime.putfull
490 65
+1 13
-82 26
+83 39
cfi=(77)
cfn=(2256)
calls=13 24 
* 754
+1 39

fn=(2634)
258 455
+2 91
-1 182
+1 182
+1 16
cfn=(2462)
calls=16 146 
* 1742
+1 32
+4 16
-1 289
+1 348
+2 174
-2 170
+4 85
cfn=(2472)
calls=85 499 
* 1769
+1 170
-1 11
+4 22
cfn=(2470)
calls=11 480 
* 792
+1 44
-3 296
+7 68
+1 102

fn=(2602)
356 570
+1 442
+3 300
+4 200
+1 20
cfn=(2604) runtime.handoff
calls=10 509 
* 1668
* 20
+1 10
+5 10
-3 270
+3 20
+2 10
+5 30
-20 42

fn=(2362)
384 660
fi=(55)
+54 552
+3 128
+8 128
fi=(40)
+17 128
fi=(55)
-16 138
fe=(237)
-66 146
fi=(55)
+70 7
fi=(40)
+12 7
fi=(55)
-16 270
733 7
fi=(40)
194 7
fi=(55)
734 7
fi=(40)
194 7
fi=(55)
735 7
451 7
fe=(237)
-67 256

fn=(2648) runtime.(*gcWork).putObjBatch
217 840
+1 285
+5 5
+1 10
-6 3
+7 1
cfn=(2462)
calls=1 -79 
* 112
+1 2
+6 1
-3 13
-10 405
+19 5
+1 45
-10 35
+1 20
+7 70
-7 5
+7 5
-7 5
+7 20
cfi=(29)
cfn=(120)
calls=5 39 
* 96
-5 5
+7 5
-1 5
+1 5
-10 5
+10 5
-1 5
-1 5
-8 5
+13 5
+7 15

fn=(2462)
146 84
+3 21
-2 21
cfn=(2464)
calls=21 424 
* 22978
* 63
+1 21
cfn=(2472)
calls=21 499 
* 427
+1 42
+1 19
cfn=(2464)
calls=19 424 
* 722
+2 42
+1 42

fn=(2466)
449 28
+1 16
cfi=(31)
cfn=(438)
calls=4 1039 
* 10520
* 8
+1 12

fn=(2674)
305 420
+1 420
+1 42
+1 36
cfn=(2470)
calls=18 480 
* 1296
+5 18
-5 18
+2 9
cfn=(2606)
calls=3 490 
* 216
+1 6
+2 3
+2 3
+1 6
-3 18
+2 18
+1 36
+1 21
cfn=(2470)
calls=21 480 
* 1512
+5 21
-5 21
+5 21
fi=(55)
438 336
+3 82
+8 82
fi=(40)
+17 164
fi=(55)
-16 84
fe=(237)
324 168
fi=(55)
426 4
+1 4
fe=(237)
325 2
fi=(55)
430 2
cfn=(3748)
calls=2 +30 
* 1038
fe=(237)
-95 4
fi=(12)
7324 10
+1 10
fe=(237)
335 2
fi=(12)
7326 2
-1 4
+1 4
fe=(237)
335 2
fi=(12)
7326 4
fe=(237)
336 2
+2 252
+5 36
+1 18
+2 252
+1 2
fi=(40)
109 4
fe=(237)
348 2
+2 252
fi=(55)
454 6
fi=(40)
+12 6
fi=(55)
-16 176
733 6
fi=(40)
194 6
fi=(55)
734 6
fi=(40)
194 6
fi=(55)
735 6
451 6
fe=(237)
324 246

fn=(2912)
547 10
+1 6
-1 6
+2 4
+1 2
+4 6
cfi=(31)
cfn=(770)
calls=2 1859 
* 48
+1 8
cfi=(31)
cfn=(2914)
calls=2 1710 
* 1311
-6 6
-2 2
+2 8
-2 4
+2 16
+1 4
+1 8
+6 6

fn=(2604)
509 50
+6 10
-4 10
cfn=(2464)
calls=10 -87 
* 380
+1 60
+1 20
+1 10
+1 30
-4 10
+4 60
cfi=(29)
cfn=(120)
calls=10 39 
* 248
+3 20
cfn=(2606)
calls=10 -28 
* 720
+1 40

fn=(2826)
525 20
+1 4
fi=(14)
152 4
fi=(79)
24 12
cfi=(14)
cfn=(90)
calls=3 155 
* 63
cfi=(14)
cfn=(91)
calls=1 155 
* 21
fe=(237)
527 8
+6 4
fi=(31)
1881 8
+41 4
fe=(237)
535 4
fi=(14)
261 4
fi=(79)
35 8
cfi=(14)
cfn=(98)
calls=4 267 
* 156
fe=(237)
536 12
fi=(31)
1928 8
-1 20
-46 8
+51 4
+1 16
+8 4
fe=(237)
534 4

fl=(76)
fn=(2644)
195 700
+2 280
+1 420
+1 420
-1 140
+5 140
+2 280
+23 560
+2 52340
+1 20768
-1 21831
+10 21831
cfi=(55)
cfn=(2346)
calls=7277 +24 
* 452050
* 14554
-10 12862
+10 6431
-10 12862
+11 6431
+2 3384
cfi=(49)
cfn=(1378)
calls=846 1361 
* 26191
+1 1692
-14 1298
+10 649
-10 1298
+15 649
fi=(55)
-16 197
+30 197
fe=(76)
-10 394
fi=(55)
+10 197
-30 197
+3 197
fi=(31)
2869 197
fi=(55)
232 394
fi=(49)
1032 197
fi=(55)
234 591
fi=(49)
1237 394
fe=(76)
250 197
-20 374
+10 187
-10 374
+21 187
+2 10
fi=(49)
1245 10
fi=(31)
519 10
759 20
616 30
fe=(76)
256 20
fi=(31)
758 20
+1 30
fe=(76)
257 10
fi=(31)
760 30
fe=(76)
257 10
fi=(31)
761 40
fe=(76)
257 40
+1 4
+3 4
fi=(31)
600 4
fe=(76)
261 10
fi=(31)
600 6
fe=(76)
261 6
+4 60
+1 10
-36 20
+10 10
+26 10
+4 280
-71 140
+71 840
cfi=(237)
cfn=(2648)
calls=140 -53 
* 2048
+2 420
cfn=(584)
calls=140 79 
* 700
+1 420

fn=(584)
79 170
+1 170
+7 340
+6 170

fn=(2640)
166 168
+4 168
+10 224
cfi=(2)
cfn=(134)
calls=21 520 
* 500562
cfi=(2)
cfn=(135)
calls=35 520 
* 71452
* 112
+3 168
cfi=(2)
cfn=(2340)
calls=2 1871 
* 4910

fn=(2642)
180 270
+1 162
cfn=(2644)
calls=54 +14 
* 570296
+1 162

fl=(110)
fn=(1172)
fi=(109)
cfi=(109)
cfn=(1122)
calls=1 56 
32 530245
58 1
fi=(109)
495 2
fe=(110)
58 1
fi=(109)
495 4
cfn=(1174)
calls=1 +3 
* 161
+1 3
fe=(110)

fl=(182)
fn=(1832)
760 35
+3 42
-2 14
cfi=(30)
cfn=(190)
calls=7 2156 
* 782
* 7
+1 7
129 14
749 56
cfn=(1834)
calls=7 1010 
* 5270
+14 28

fn=(1834)
1010 340
fi=(18)
17 204
fi=(162)
521 34
fe=(182)
1012 34
fi=(18)
17 204
fi=(162)
1266 204
cfi=(18)
cfn=(1520)
calls=34 28 
* 1637
63 34
fe=(182)
1014 34
+5 136
cfi=(222)
cfn=(1904)
calls=3 44 
* 1015
cfn=(1892) flag.(*durationValue).String
calls=1 296 
* 230
cfn=(1876) flag.(*intValue).String
calls=4 174 
* 132
cfn=(1858) flag.(*uintValue).String
calls=1 216 
* 32
cfi=(216)
cfn=(1852)
calls=1 549 
* 7
cfn=(1850) flag.(*stringValue).String
calls=17 254 
* 68
cfn=(1840) flag.(*boolValue).String
calls=7 144 
* 49
* 136
cfi=(30)
cfn=(190)
calls=34 2156 
* 8194
* 680
+1 136
cfi=(19)
cfn=(1844)
calls=34 161 
* 4036
* 34
+1 34
+9 204
cfi=(19)
cfn=(78)
calls=34 101 
* 442
* 136
+3 102
+1 1
cfi=(123)
cfn=(1256)
calls=1 43 
* 285
* 5
+2 5
cfi=(19)
cfn=(1182)
calls=1 263 
* 411
* 165
cfi=(19)
cfn=(1182)
calls=33 263 
* 19307
* 204
+1 102

fn=(1892)
296 6
fi=(128)
950 3
+1 2
cfn=(1894)
calls=1 +6 
* 16
+1 11
cfi=(16)
cfn=(1898)
calls=1 139 
* 189
fe=(182)
296 3

fn=(1916)
1153 6
+1 1
+1 4
+1 1
-1 1
+2 1
cfn=(1918) flag.(*FlagSet).parseOne
calls=1 -82 
* 2155
* 3
cfn=(1918)
calls=3 -82 
* 2286
* 4
+1 4
-1 3
+2 3
+2 2
+15 5

fn=(1840)
144 7
fi=(310) /usr/local/go/src/internal/strconv/atob.go
22 7
fi=(219)
+7 14
fe=(182)
144 21

fn=(1850)
254 68

fn=(1858)
216 6
fi=(219)
-13 2
cfi=(220)
cfn=(1860)
calls=1 12 
* 21
fe=(182)
+13 3

fn=(1856)
838 5
+3 6
-2 2
cfi=(30)
cfn=(190)
calls=1 2156 
* 155
* 1
+1 1
201 2
827 8
cfn=(1834)
calls=1 1010 
* 704
+14 4

fn=(1848)
890 85
+3 119
-2 51
cfi=(30)
cfn=(190)
calls=17 2156 
* 4097
+1 17
243 102
891 17
243 17
879 153
cfn=(1834)
calls=17 1010 
* 18197
+14 68

fn=(1876)
174 24
fi=(219)
+41 4
fi=(220)
51 8
cfn=(1878)
calls=4 -23 
* 84
fe=(182)
174 12

fn=(1890)
945 5
+3 6
-2 2
cfi=(30)
cfn=(190)
calls=1 2156 
* 93
* 1
+1 1
281 2
932 8
cfn=(1834)
calls=1 +78 
* 892
+16 4

fn=(1580)
1201 5
+2 3
+3 4
+18 2
cfi=(30)
cfn=(190)
calls=1 2156 
* 241
+1 6
-1 1
+1 1
+1 1
+2 2
cfi=(30)
cfn=(190)
calls=1 2156 
* 241
* 8
-22 1
+7 6
+1 3

fn=(1874)
786 20
+3 24
-2 8
cfi=(30)
cfn=(190)
calls=4 2156 
* 434
* 4
+1 4
159 8
775 32
cfn=(1834)
calls=4 1010 
* 2872
+14 16

fn=(1918)
1075 24
+1 15
+3 3
+1 6
-1 3
+1 6
-4 3
+8 6
+4 3
-12 3
+15 21
+1 24
+5 33
-6 6
-12 3
+18 6
+3 3
-23 6
+23 125
+1 116
+8 9
-18 3
+18 24
cfi=(19)
cfn=(1844)
calls=3 161 
* 423
* 3
+1 3
-1 6
+9 51
-18 12
+30 21
+3 48
+2 12
+3 18
cfi=(222)
cfn=(1922)
calls=1 51 
* 228
cfn=(1920) flag.(*stringValue).Set
calls=2 247 
* 26
* 9
+4 9
+1 1
cfi=(123)
cfn=(1256)
calls=1 43 
* 285
* 5
+2 5
cfi=(19)
cfn=(1182)
calls=1 263 
* 430
* 10
cfi=(19)
cfn=(1182)
calls=2 263 
* 266
* 18
+1 18
-28 33
cfi=(64)
cfn=(1316)
calls=3 467 
* 2038
+20 3
-20 3
+2 3
-2 3

fn=(1920)
247 10
+1 8
+1 8

fl=(8)
fn=(28)
272 132
+2 44
+12 66

fl=(27)
fn=(114)
55 54
+6 54
+1 54
+1 54
+1 54
+7 18
+1 18
+1 18
+1 18
+1 18
+1 18
+1 18
+1 18
+3 54
+1 54
+1 54
+1 54
+1 54
+1 54
+1 54
+1 54
+8 18
+1 18
+1 18
+1 18
+3 18
+2 1440
+1 54
+1 1296
+1 54
+1 540
-4 288
+1 18
+1 432
+1 18
+1 1080
+1 1296
+2 1188
-3 108
+1 432
+2 432
+1 18
+1 90
-2 108
+1 54
+1 1296
+1 54
+1 1296
+1 432
-3 342
+1 18
+1 432
+1 1152
+2 54
+1 54
-3 144
+2 18
+1 18
+6 18
+1 18
+1 18
+1 18
+1 18
+1 18
+1 18
+5 36
+1 36
+1 36
+1 36
+1 36
+1 36
+1 36
+1 36
+1 18
+1 18
+1 18
+1 18
+1 18
+1 18
+1 18
+1 18
+1 18
+1 18
+1 18
+1 18
+1 18
+1 18
+1 18
+1 18
+2 18
+1 18
+2 54

fl=(36)
fn=(2946) runtime.readmemstats_m
375 30
+33 5
-26 15
cfi=(2)
cfn=(135)
calls=5 520 
* 82417
* 10
+11 645
+1 15
cfn=(2952) runtime.(*consistentHeapStats).unsafeRead
calls=5 823 
* 16885
+3 5
+1 5
+1 5
+1 5
+3 5
-5 5
+5 5
-6 5
+6 1035
+5 5
+1 1360
+3 340
+1 340
+2 340
-2 340
+5 340
+1 340
+2 340
-2 340
-6 340
+1 340
+5 340
+1 340
-12 1050
+22 5
+5 10
+1 10
-6 10
+1 10
651 10
438 5
651 5
438 5
651 5
438 5
651 5
439 5
651 5
439 5
651 5
439 5
651 5
440 5
651 5
440 10
+1 10
+2 5
fi=(56)
994 10
cfn=(1082)
calls=5 +8 
* 370
fe=(36)
445 15
+63 30
+1 5
+1 10
+1 10
+1 10
+1 5
+21 15
+18 5
+1 5
+10 5
+88 10
514 5
651 5
514 10
651 10
531 10
651 5
532 5
651 5
533 5
+1 5
+1 10
651 5
538 10
+1 10
651 5
540 5
+1 10
651 5
542 5
651 5
543 5
651 5
547 15
651 5
548 5
+1 5
+1 10
+1 10
+1 10
408 5
552 1290
+1 1300
+1 10
+1 10
+1 10
+1 5
+6 35
cfi=(29)
cfn=(120)
calls=5 39 
* 980
+1 15

fn=(2950) runtime.flushmcache
615 150
+3 150
+1 30
+1 60
-1 30
+4 30
cfi=(45)
cfn=(2770)
calls=30 290 
* 63591
+1 90
cfi=(6)
cfn=(2812)
calls=30 320 
* 17851
+1 90

fn=(142)
659 9927
+2 3309
-1 16545
+1 18660
+4 9927

fn=(258)
805 7614
+1 10152
+1 2499
fi=(40)
291 7497
fe=(36)
808 4998
+6 78
fi=(14)
261 39
fi=(79)
35 39
cfi=(14)
cfn=(98)
calls=39 267 
* 1521
fe=(36)
816 7614

fn=(2944)
360 24
+1 4
cfn=(2946)
calls=4 +14 
* 89762
+1 12

fn=(2952)
823 10
+2 55
+1 30
697 30
+1 30
+1 30
+1 30
+1 45
+2 30
+1 30
+1 45
+1 15
+1 4080
-1 4110
+3 30
+1 60
+1 15
+1 5100
-1 3105
828 5

fn=(810)
348 1

fn=(2762)
946 8
+3 4
fi=(40)
74 4
fe=(36)
950 4
fi=(40)
74 4
fe=(36)
951 4
fi=(40)
74 8
fe=(36)
952 4
+11 4
+2 12
-7 4
fi=(40)
74 4
fe=(36)
959 4
fi=(40)
74 4
fe=(36)
962 4
+1 4
+1 4
+1 4
+3 4
+1 4
+1 8
+3 20
fi=(40)
74 4
fe=(36)
974 12
+10 24
+1 4

fn=(254)
776 7614
+1 10152
+1 2499
fi=(40)
291 7497
fe=(36)
779 4998
-2 39
+8 78
fi=(14)
152 39
fi=(79)
24 78
cfi=(14)
cfn=(90)
calls=39 155 
* 819
fi=(40)
194 78
fe=(36)
787 234
+1 195
fi=(40)
194 2499
fe=(36)
787 14994
+1 12495

fn=(2936)
356 25
+9 5
-8 5
+1 10
cfi=(12)
cfn=(2938)
calls=5 1532 
* 6904
* 20
+2 35
cfi=(2)
cfn=(135)
calls=1 520 
* 28
cfi=(2)
cfn=(134)
calls=4 520 
* 89954
* 8
+4 20
cfi=(12)
cfn=(2954)
calls=4 1545 
* 8101
+1 12
-5 6
+1 1
cfn=(2946)
calls=1 +14 
* 22350
+1 3
cfi=(2)
cfn=(135)
calls=1 566 
* 4314

fn=(2937)
360 2
+4 5
cfi=(12)
cfn=(2954)
calls=1 1545 
* 42
+1 3
cfi=(222)
cfn=(3829)
calls=1 155 
* 2131
fi=(12)
1546 11
cfn=(2354)
calls=1 1760 
* 2039
* 3
cfi=(2)
cfn=(135)
calls=1 566 
* 2202
fe=(36)

fn=(2948)
632 30
+1 5
+2 30
+1 30
cfn=(2950)
calls=30 -21 
* 82072
-1 165
+3 15

fl=(169)
fn=(1532)
54 6
+1 2
+1 3

fl=(233)
fn=(3102) fmt.(*pp).argNumber
995 78
+1 91
+1 78

fn=(2162)
237 25
+5 25
-4 5
cfn=(2164) fmt.newPrinter
calls=5 -87 
* 3013
* 5
+1 30
cfn=(2170) fmt.(*pp).doPrintf
calls=5 1020 
* 4716
+1 25
cfi=(16)
cfn=(1898)
calls=5 139 
* 987
* 10
+1 10
cfn=(2190) fmt.(*pp).free
calls=5 -80 
* 410
+1 25

fn=(2164)
151 70
+1 28
cfi=(105)
cfn=(1994)
calls=14 -21 
* 5351
* 42
+1 14
+1 14
+2 14
fi=(234) /usr/local/go/src/fmt/format.go
-95 42
+1 14
-7 28
+1 14
fe=(233)
157 56

fn=(2174) fmt.(*pp).fmtString
489 78
+1 13
+13 13
-6 26
-6 6
+1 6
+3 9
cfi=(234)
cfn=(2176) fmt.(*fmt).fmtS
calls=3 357 
* 964
* 3
+3 40
cfi=(234)
cfn=(2176)
calls=10 357 
* 2430
+10 39

fn=(3964) fmt.intFromArg
935 4
+2 2
+1 10
+1 1
+19 2
-19 1
354 2
959 1
-1 1
+1 1
+5 6

fn=(2166)
147 21
cfi=(30)
cfn=(191)
calls=1 2156 
* 290
cfi=(30)
cfn=(190)
calls=2 2156 
* 1033
* 15

fn=(4006) fmt.(*pp).doPrintln
1213 6
+1 4
+4 4
cfn=(2172) fmt.(*pp).printArg
calls=1 682 
* 910
-4 4
+2 1
-2 9
+1 2
+5 1
112 7
1221 3

fn=(4014)
260 5
+5 5
-4 1
cfn=(2164)
calls=1 151 
* 82
* 1
+1 4
cfn=(4016) fmt.(*pp).doPrint
calls=1 1198 
* 339
+1 10
cfi=(142)
cfn=(3228)
calls=1 -52 
* 519
* 3
+1 2
cfn=(2190)
calls=1 161 
* 82
+1 6

fn=(2170)
1020 72
+5 72
-1 36
+1 12
+1 19
+3 19
1179 19
+3 38
1026 38
+1 19
-1 62
+1 25
-1 25
+3 25
+1 98
-1 420
-3 50
+6 50
-3 10
+3 10
-3 15
+4 15
-1 15
+1 15
-4 15
+4 75
108 45
1033 15
108 45
1033 4
108 14
cfi=(60)
cfn=(378)
calls=2 +70 
* 412
* 28
cfi=(29)
cfn=(120)
calls=2 -69 
* 29
* 104
cfi=(29)
cfn=(120)
calls=13 -69 
* 183
* 105
1029 45
108 45
1046 15
+1 15
1179 15
+3 30
-3 30
1035 25
+6 19
fi=(234)
55 38
+1 19
fe=(233)
1044 19
+2 46
+1 42
+1 21
+1 21
+4 42
+2 42
+1 2
-5 40
+1 2
+10 83
-16 13
+21 26
-3 26
-2 13
+13 78
cfn=(2172)
calls=13 682 
* 3424
+1 26
+1 26
-51 13
+1 39
+2 13
+49 13
+8 36
cfn=(3102)
calls=6 -91 
* 114
+3 70
-3 1
+5 5
cfn=(3964)
calls=1 935 
* 31
* 4
+2 1
+6 3
-9 2
+23 4
112 2
1113 1
359 5
1106 10
362 5
+4 30
-4 98
-8 12
+9 6
1106 15
-20 5
+21 5
+6 49
+2 1
+3 5
cfn=(3102)
calls=1 995 
* 19
+1 12
359 1
1132 2
362 1
1140 12
+1 36
cfn=(3102)
calls=6 995 
* 114
+8 6
-5 6
112 6
1144 18
+5 6
-5 6
+5 42
fi=(198)
223 36
fe=(233)
1149 6
+1 12
+3 12
+2 12
+2 24
+2 12
+3 12
-5 6
+14 48
cfn=(2172)
calls=6 682 
* 2466
+1 12
1029 6
-3 6
+1 18
1172 6
+7 60
+17 36
366 5
-4 18
-8 2
+9 1
1132 4
+1 1

fn=(2182) fmt.(*pp).fmtInteger
422 40
+1 8
+17 9
-17 1
+21 1
-6 2
-6 2
-9 1
+17 1
+1 3
cfi=(234)
cfn=(3098) fmt.(*fmt).fmtC
calls=1 +22 
* 73
* 1
-18 7
+11 7
-4 14
+1 56
cfi=(234)
cfn=(2184) fmt.(*fmt).fmtInteger
calls=7 197 
* 1478
* 14
+18 24

fn=(2190)
161 70
+8 28
+3 14
+2 28
+4 56
+1 28
+1 14
+1 56
cfi=(105)
cfn=(2020)
calls=14 -82 
* 812
+1 42

fn=(3984) fmt.(*pp).fmtFloat
453 5
+1 1
+3 1
-3 1
+5 1
-2 2
+2 2
+1 4
cfi=(234)
cfn=(3986) fmt.(*fmt).fmtFloat
calls=1 +31 
* 727
* 1
+6 3

fn=(3950)
222 35
+5 49
-4 14
cfn=(2164)
calls=7 -72 
* 2510
* 7
+1 42
cfn=(2170)
calls=7 1020 
* 5531
+1 70
cfi=(232)
cfn=(3978)
calls=2 87 
* 585
cfi=(142)
cfn=(3228)
calls=5 -14 
* 2595
* 21
+1 14
cfn=(2190)
calls=7 -65 
* 574
+1 42

fn=(4004)
303 5
+5 5
-4 1
cfn=(2164)
calls=1 151 
* 82
* 1
+1 4
cfn=(4006)
calls=1 1213 
* 951
+1 10
cfi=(142)
cfn=(3228)
calls=1 -95 
* 519
* 3
+1 2
cfn=(2190)
calls=1 161 
* 82
+1 6

fn=(2172)
682 176
+1 88
+1 44
+2 88
+13 44
+3 44
-16 88
+22 132
+33 65
+1 13
cfn=(2174)
calls=13 489 
* 3627
-34 13
+17 8
+1 4
cfn=(2182)
calls=2 422 
* 334
-18 2
+11 16
+1 8
cfn=(2182)
calls=4 422 
* 769
-12 4
+5 5
+1 3
cfn=(3984)
calls=1 453 
* 748
-6 1
+19 8
+1 4
cfn=(2182)
calls=2 422 
* 639
-20 2
+55 66

fn=(4016)
1198 6
+2 5
+6 10
cfn=(2172)
calls=2 682 
* 243
-6 8
+6 2
-6 16
+1 4
fi=(150)
1384 4
fi=(48)
182 2
fi=(150)
2806 6
1384 2
fe=(233)
1201 8
fi=(150)
626 2
fe=(233)
1201 6
-1 4
+1 2
+2 4
-2 1
+2 1
+6 3

fl=(239)
fn=(2906)
532 24
+10 4
fi=(5)
+59 4
fe=(239)
-68 4
fi=(5)
+69 4
fe=(239)
-60 16
fi=(5)
+61 32
fe=(239)
-61 244
+1 48
+7 48
+1 48
+1 24
-10 24
+11 24
+20 8
+4 8
+3 20
+3 4
fi=(40)
131 4
+48 4
-48 8
fi=(5)
609 8
fe=(239)
-25 4
fi=(5)
+25 4
+1 8
fe=(239)
-25 12

fl=(260)
fn=(3256) encoding/binary.encodeFast
491 2816
+1 3072
+77 632
+1 1106
cfi=(4)
cfn=(3262)
calls=158 0 
* 1580
-78 158
+85 15
+1 3
fi=(304)
24 3
fe=(260)
578 18
cfi=(4)
cfn=(3258)
calls=3 0 
* 30
-86 3
+61 372
+1 744
cfi=(4)
cfn=(3258)
calls=93 0 
* 930
-62 93
+55 8
+1 1
+31 9
+1 1
+12 768
-12 2
+1 20
fi=(304)
24 2
fe=(260)
581 6
cfi=(4)
cfn=(3258)
calls=2 0 
* 20
-1 4
+1 4
-1 2
+1 6
-1 8
+1 4
-1 2
+1 4
-33 3
+1 39
cfi=(4)
cfn=(3258)
calls=3 0 
* 30
-1 6
+1 6
-1 3
+1 9
-1 11
+1 6
-1 3
+1 6

fn=(3252)
410 1536
+2 2304
cfn=(3254) encoding/binary.intDataSize
calls=256 990 
* 4512
* 768
+1 512
-1 256
+2 1024
cfi=(60)
cfn=(448)
calls=256 102 
* 35569
* 256
+1 1792
cfn=(3256)
calls=256 +76 
* 12568
+3 1792
cfi=(142)
cfn=(3228)
calls=256 211 
* 145388
+1 1280

fn=(3254)
990 104112
+1 364392
+21 632
-6 57600
+12 9
-12 279
+1 96465
+5 94800
+1 158790
-5 4
+1 5
+13 4
+1 5
-5 3000
+1 5015

fn=(3544)
258 61467
+2 90693
cfn=(3254)
calls=10077 990 
* 171309
* 30231
+1 40308
cfi=(60)
cfn=(449)
calls=1 102 
* 347
cfi=(60)
cfn=(448)
calls=10076 102 
* 1911603
* 10076
fi=(263)
+93 80608
cfn=(3358)
calls=10072 -25 
* 1488920
cfn=(3359)
calls=4 -25 
* 593
fe=(260)
-92 20152
+4 90684
cfn=(3546) encoding/binary.decodeFast
calls=10076 +64 
* 509939
* 20152
+1 50380
cfi=(269)
cfn=(3510)
calls=1 89 
* 18858
cfi=(269)
cfn=(3602)
calls=282 -26 
* 19878419
-9 2345
cfi=(2)
cfn=(1129)
calls=1 687 
* 292727
cfi=(2)
cfn=(1128)
calls=334 687 
* 15859217

fn=(3545)
258 250506
+2 375507
cfn=(3254)
calls=41723 990 
* 709291
* 125169
+1 166892
cfi=(60)
cfn=(449)
calls=271 102 
* 36667
cfi=(60)
cfn=(448)
calls=41452 102 
* 5752290
* 41724
fi=(263)
+93 333792
cfn=(3358)
calls=41724 -25 
* 6168087
fe=(260)
-92 83448
+4 375516
cfn=(3546)
calls=41724 +64 
* 2111661
* 83448
+1 208620
cfi=(269)
cfn=(3603)
calls=111 -26 
* 22061076
-9 392
cfi=(2)
cfn=(1129)
calls=56 687 
* 10137481

fn=(3546)
330 569800
+1 673400
+13 55800
+1 111600
cfi=(4)
cfn=(3548)
calls=18600 0 
* 186000
* 37200
-14 18600
+11 1800
+1 3600
cfi=(4)
cfn=(3548)
calls=600 0 
* 6000
* 1200
-12 600
+17 126400
+1 189600
cfi=(4)
cfn=(3554)
calls=31600 0 
* 316000
* 63200
-18 31600
+19 3000
+1 6000
cfi=(4)
cfn=(3548)
calls=1000 0 
* 10000
* 2000
-20 1000
+68 207200

fl=(234)
fn=(2178) fmt.(*fmt).padString
111 65
+1 55
+4 2
fi=(198)
448 1
fe=(234)
113 24
fi=(233)
-5 102
cfi=(60)
cfn=(378)
calls=5 +70 
* 2283
* 50
cfi=(29)
cfn=(120)
calls=5 -69 
* 109
* 35
cfi=(29)
cfn=(120)
calls=7 -69 
* 111
* 120
fe=(234)
+6 36
fi=(198)
449 15
-1 122
fe=(234)
116 2
+1 3
-1 1
+7 2
fi=(233)
-15 11
cfi=(29)
cfn=(120)
calls=1 -69 
* 20
* 10
fe=(234)
+16 3
cfn=(3108) fmt.(*fmt).writePadding
calls=1 -58 
* 52
* 1
+2 3

fn=(3986)
491 6
+2 3
+1 1
-1 2
+4 2
fi=(219)
196 1
fi=(290)
69 6
cfn=(3988)
calls=1 +3 
* 498
* 2
fe=(234)
498 7
+3 1
+4 3
+5 8
+13 2
+57 7
+14 11
cfn=(2186) fmt.(*fmt).pad
calls=1 93 
* 164
+1 3

fn=(2176)
357 78
-29 26
+31 13
cfn=(2178)
calls=13 111 
* 3238
+1 39

fn=(2184)
197 42
+1 42
+1 7
-1 14
+5 21
+3 13
+2 12
+1 20
+2 3
+8 14
+10 18
+1 1
-32 1
+33 5
+1 6
+10 6
+14 6
-14 1
+14 1
-13 14
-25 7
+25 7
+29 14
-1 7
+1 35
+1 7
+2 2
-1 2
-1 65
+6 14
+21 28
198 7
307 14
+3 14
+3 14
+2 7
+5 7
+1 7
+1 14
-2 7
+2 56
cfn=(2186)
calls=7 93 
* 688
+1 21
+1 21
-77 16
+32 8
-35 16
-46 8
+46 30
+1 8
-47 8
+48 24
+1 48

fn=(2186)
93 54
+1 51
+4 5
fi=(198)
437 5
fe=(234)
95 8
fi=(233)
+9 44
cfi=(29)
cfn=(120)
calls=4 -65 
* 48
* 44
fe=(234)
-8 12
fi=(198)
437 76
+1 66
fe=(234)
98 10
+1 10
+2 10
cfn=(3108)
calls=5 -35 
* 233
+1 15
fi=(233)
+2 70
cfi=(29)
cfn=(120)
calls=5 -65 
* 75
* 50
fe=(234)
+4 15

fn=(3108)
66 30
+1 12
+3 15
+2 5
-2 5
+4 10
+7 15
+4 40
+1 5
-18 3
+19 18
-1 82
+3 30
+1 15

fn=(3098)
463 5
+7 2
-3 1
+3 2
fi=(198)
-58 1
fe=(234)
+55 1
fi=(198)
-54 3
fe=(234)
+58 6
cfn=(2186)
calls=1 93 
* 49
+1 3

fl=(245)
fn=(3174)
57 1212
-15 202
fi=(110)
+16 404
fe=(245)
-15 404
+15 808
+3 606

fn=(3026)
50 12
-8 2
fi=(110)
+16 4
fe=(245)
-15 4
+8 8
+3 6

fl=(83)
fn=(700)
1318 32
+1 8
cfn=(702) runtime.minitSignalStack
calls=8 +14 
* 480
+1 8
cfn=(708) runtime.minitSignalMask
calls=8 +34 
* 10192
+1 16

fn=(706) runtime.signalstack
1454 24
+1 48
+1 8
fi=(7)
524 8
fe=(83)
1457 24
cfi=(3)
cfn=(704)
calls=8 639 
* 56
* 16
+1 24

fn=(708)
1354 40
+1 32
+1 1584
+37 2080
+1 1040
+3 880
+3 1728
+3 432
-46 432
fi=(84)
31 1632
fe=(83)
1358 136
+3 8
fi=(7)
448 56
cfi=(3)
cfn=(490)
calls=8 301 
* 72
* 16
fe=(83)
1362 24

fn=(718)
115 3
+1 2
+2 1
+5 4
+1 1
-1 1
+4 262
+1 65
+1 446
-2 58
+1 58
+7 174
fi=(7)
515 116
+1 174
cfi=(85)
cfn=(720)
calls=58 23 
* 2030
+1 58
fe=(83)
135 174
+25 232
+1 8
+5 234
-29 1
+37 287
-37 2
+43 220
-43 171
+3 6
-13 6
+18 2
+3 112
+1 112
cfi=(7)
cfn=(728)
calls=56 478 
* 3255
-22 112
+22 56
+2 3

fn=(702)
1333 40
+1 16
+1 24
+1 24
cfi=(3)
cfn=(704)
calls=8 639 
* 56
* 16
+1 24
+1 32
cfn=(706)
calls=8 1454 
* 208
+1 16
+5 24

fl=(41)
fn=(154)
30 2089
+1 2089
+1 2089
+1 2089
+2 2089
+1 2089
+1 2089
+1 207
+1 207
+1 207
+1 207
+1 207
+3 1882
+1 1882
+1 1882

fl=(134)
fn=(1330)
15 205
+7 82
+1 164

fl=(282)
fn=(3870)
14 30
fi=(249)
+55 10
-1 15
cfn=(3062)
calls=5 -20 
* 1829
+1 10
+3 25
fe=(282)
-56 10
+4 35
cfi=(124)
cfn=(3066)
calls=5 +53 
* 1094
+1 10
+1 4
cfi=(64)
cfn=(2160)
calls=2 400 
* 28
* 10
+3 15

fn=(3882)
28 12
fi=(249)
+41 6
-1 6
cfn=(3062)
calls=2 -20 
* 497
+1 4
+3 8
fe=(282)
-42 4
+4 20
cfi=(124)
cfn=(3184)
calls=2 +61 
* 440
+1 4
+4 10

totals: 510012813
